journal,continuity,topic_focus,contradiction_integration,cognitive_clarity,narrative_closure,overall_entropy,reasoning
"I just finished a quiet lunch break in the teacher's lounge, which was surprisingly empty today. The quiet gave me a chance to replay the conversation with my sister from last night. She asked if I’d noticed changes in my new relationship, but I wasn’t sure how to answer her. It felt like she was fishing for some deep insight or maybe judgment, but all I had was uncertainty. I didn’t want to admit that I’m restless, that things seem fragile and undefined, and frankly, that I’m scared of where this might go. 

Work has been the usual whirlwind of grading and meetings, but underneath it all, there’s this lingering feeling of imbalance. My health hasn’t exactly been a priority, which probably explains why I’ve been more tired than usual. I joked to a colleague today that I’m one bad coffee away from developing a caffeine addiction, and they laughed, but maybe there’s some truth to it. Sometimes I wonder if I’m overthinking every little signal, every hesitation in a text or a voice message from her. It’s like I want to read too much into things because I need to understand what’s happening or figure out what I’m supposed to do next. Deep down, I guess I want clarity, but I’m uncomfortable with how slow and unsure this feels. Maybe it’ll sort itself out, or maybe I need to stop waiting for answers that aren’t coming anytime soon.",4,4,4,4,4,3,"The journal entry is mostly well-organized with intentional transitions between reflecting on the sister's conversation and work-life balance. There's awareness and partial reconciliation of emotional conflicts regarding the relationship. The expression is clear with minimal hedging, and while the entry does not reach a firm closure, it ends with a reflective tone. Overall, the narrative demonstrates coherent and organized thought."
"The early morning light filtering through the curtains is softer than usual, which is nice because it makes my cluttered desk look less chaotic. I spent the first hour trying to prioritize the dozens of small tasks piling up, from client revisions to invoicing and follow-ups. It feels good to have so much work, but the surface calm hides a tight schedule and a sense that I’m always a bit behind. I keep reminding myself that I can’t do everything at once, especially since the line between work and home blurs more each day. Midway through, a text from my partner popped up. It wasn’t sharp, but I could tell there’s tension lingering between us over how we divide household responsibilities. I want to give more, but I’m stretched thin, and that’s hard to explain without sounding like I’m making excuses. I’m hopeful today that we can find a way to talk openly without frustration getting in the way. There are half-packed boxes on the floor, reminders of things I still haven’t sorted from the move weeks ago. Somehow, everything feels like it needs to get done yesterday, but I’m trying to stay patient and keep a clear plan. Coffee is cooling next to my laptop, and I’m tempted to just step away for a bit, though I know I’ll lose momentum if I do. Instead, I’m setting a timer for 25 minutes to keep myself focused. The balance between staying optimistic and managing this anxious buzz is tricky, but I’m holding on to the thought that a better rhythm is just around the corner. For now, it’s about organizing the chaos one small step at a time.",5,4,4,5,4,3,"The entry maintains excellent continuity with a coherent flow from task prioritization to reflecting on work-life balance. There is good topic focus, with clear transitions between work, relationship, and personal tasks. Contradictions are acknowledged and dealt with thoughtfully, demonstrating nuanced thinking. Cognitive clarity is high, with clear and complete thought expression. The entry concludes with a sense of planning and resolution, although some topics remain partially open, contributing to the overall organization."
"This morning felt heavier than usual, like a weight pressing on my chest that I couldn’t quite shake off. After breakfast, I found myself replaying the awkward dinner conversation from last night—everyone seemed on edge, and I’m still not sure if it was just the usual tension that simmered beneath the surface or something deeper. I’m grateful to be in this new city, but it’s isolating in a way I didn’t fully anticipate. My art is the one thing that keeps me grounded, though even that felt tenuous today. I tried to sketch a few things, but the lines were hesitant, and the colors felt muted. It’s frustrating because I want to connect with people here, but starting from scratch at this stage of life is exhausting and intimidating. I keep thinking about my family, the ones I left behind, and what they would say if they saw me now. Would they understand this slow unraveling? Or would they just tell me to toughen up? I miss them more than I’m willing to admit out loud. Maybe it’s the grief that makes every interaction feel like an uphill climb, every attempt at friendship a question I can’t answer. I know I need to be patient with myself, but some days, patience feels like a luxury I don’t have. Today, the silence after meals feels louder, and my thoughts are tangled. Still, there’s a small hope that this discomfort is temporary and that somewhere in the coming weeks there will be a moment of ease. For now, I’ll sit with the uncertainty and try not to judge my restlessness too harshly. It’s okay to feel lost sometimes, even if it’s uncomfortable.",5,4,4,4,4,3,"The entry shows excellent continuity, weaving thoughts together smoothly despite exploring complex emotions. The topics are mostly focused, with transitions that are clear and purposeful. Contradictions, such as feeling grateful yet isolated, are acknowledged and considered thoughtfully, showing good integration. Cognitive clarity is strong, with descriptive language and minimal hedging. The entry ends with a sense of acceptance and hope, providing a feeling of resolution and closure."
"The kitchen was a mess this afternoon, chaos like I haven’t seen for a while. I had three different orders back to back, and the line kept growing. I felt like I was just spinning wheels, trying to keep everything moving, but nothing ever quite fell into place. At one point, I glanced over at my son sitting on the couch, headphones in, completely tuned out. I probably should have asked him to help clear some dishes or at least talk for a minute, but I was too caught up in the rush. I wanted to say something, maybe check in, but it just never came out right. I wonder if he noticed or if he just figured I was too busy to care tonight. It’s hard, living like this, with barely any time to catch our breath or even catch each other’s moods.

Later, while we were eating dinner, I brought up how my day went and noticed he barely looked up from his plate. I asked if everything was okay, but he just shrugged and said yeah. That felt off, like maybe there’s something more, but I didn’t want to push and cause a fight. I don’t always have the patience to navigate the silences and half-answers after a long day. Even now, sitting here on the living room couch after everyone’s gone to bed, I can still hear the faint sound of the dishwasher running in the background. It’s supposed to be a quiet moment, but my head won’t stop racing. I guess I’ll have another coffee and try to figure out how to balance it all without losing what's left of my patience or my family’s understanding.",4,4,3,4,3,4,"The journal entry primarily maintains continuity, with thoughts connecting smoothly about the chaos of the day and the interaction with the son. Topic focus is clear, centered on work stress and family dynamics, though transitions between work and family could be clearer. There is some integration of contradiction regarding the desire to connect with the son and the inability to do so effectively. Cognitive clarity is maintained with coherent, complete sentences, despite an underlying sense of emotional tension. The entry has partial closure, ending on a contemplative note without fully resolving all issues."
"The hum of the fridge is the loudest thing in the kitchen this afternoon, besides my own thoughts rushing around. I tried to get the old truck running again but kept hitting the same dead end. It’s frustrating that I know the parts like the back of my hand, yet sometimes it feels like the engine itself is a puzzle I can’t solve anymore. Maybe it’s me, not the truck. I keep wondering if this job still means what it used to. When did I stop feeling like the go-to person for tough fixes and just start feeling like I’m going through the motions? There’s a restless itch in my chest, like I should be doing something else, something new, but that “something else” isn't clear yet. I grabbed a cup of coffee, black, no sugar, just to slow down my thoughts, but they’re still sprinting. Life’s steady routine is both a comfort and a cage. Maybe tomorrow I’ll try a different approach on the truck, or maybe just take the day off. I don’t have answers, just questions that pile up louder than the sound of this kitchen right now.",4,4,4,4,3,4,"The entry has good continuity and topic focus, staying centered around the themes of work, personal reflection, and contemplation of change. There is awareness and some integration of internal conflict regarding career identity and uncertainty about the future. The writing is mostly clear despite a few moments of introspective questioning. The narrative trails off with some unresolved questions, giving a partial sense of closure."
"The neighborhood felt quieter than usual today, with just a few leaves rustling along the sidewalk as I walked around the block. I tried to clear my head, but my thoughts kept circling back to the kitchen and the list of things I didn't finish this morning. I meant to prepare the sauce fully before opening, but there was a last-minute delivery that threw off my timing, and I’m still behind on inventory checks. It’s frustrating because I pride myself on being organized, yet everything now seems so scattered. On top of that, there’s this new relationship that I’m not even sure how to handle. It’s nice and gentle, sure, but it’s also a little vague, like an unfinished recipe where the measurements are missing. I find myself wondering if it’s worth the energy to try to push it one way or the other. Then the thought of having to schedule the next visit, balance work shifts, and manage the ever-growing email pile just weighs me down. Alone, these things feel manageable; together, they’re a heavy load. I also remembered I haven’t responded to a friend's message from last week about dinner plans. It's a small thing, but it adds to the list of tasks that hang over me like clouds. I could use some clarity, or at least a pause, to sort through everything. For now, I’m grateful for this brief moment outside where the air is cooler and the light is soft, even if the to-do list is still waiting when I get back.",4,3,3,4,4,4,"The entry shows good continuity with mostly connected thoughts, although it touches on multiple topics including work, relationships, and personal organization. The focus is moderate due to some blending between themes without full development of each. There is an awareness of conflicting feelings and an attempt at integration, but it's not fully resolved. Clarity is mostly good, and the entry ends with a sense of partial resolution, recognizing the ongoing challenges."
"Just sent a text trying to clear the air, but I’m not sure if it helped or made things worse. He hasn’t replied yet, and the silence is louder than I expected. I sat at my bedroom desk with my laptop open, staring at the screen but not really working. The lines between job hunting and personal stuff are so blurry today that nothing feels focused. I made a list of possible jobs but kept getting distracted thinking about how we ended the last conversation. I wish I could rewind and say something different, less defensive maybe. The tension is just hanging there, and it's wearing on me more than I thought it would. I brewed a second cup of tea but didn’t finish it—just left it there, like how I’m leaving things unsaid. I want to find a way to fix this without overstepping or seeming needy. Maybe I should wait till he initiates next time. Or maybe I’m already overthinking again. Guess I’ll try to get back to my applications soon, but this restless feeling won’t quit. Maybe a walk later will help clear my head.",3,3,3,3,3,6,"The entry shows moderate continuity with some flow between personal reflections and job hunting, but also features notable breaks and shifts in focus. The topics of personal conflict and job searching are present but intertwined, impacting focus and coherence. Contradictory feelings are acknowledged but not fully resolved, remaining somewhat unintegrated. Cognitive clarity is moderate, with some distraction from the main narrative. The narrative reaches partial closure with a plan, though the restless feeling persists."
"Feeling restless tonight even though dinner was simple and quiet with my roommate. It's like my brain is juggling a dozen things at once, mostly about how to rearrange our schedules so that we both get enough time alone but still keep the apartment running smoothly. I tried mapping it out on paper, but the more I think about it, the more tangled the possibilities become. Part of me just wants to stop planning and relax, but that feels irresponsible given our conflicting shifts next week. I caught myself getting frustrated and took a few deep breaths, reminding myself that being optimistic doesn't mean having everything figured out right away. There's some comfort in knowing that even if logistics are a mess, we’re in it together. I just wish there was a clearer way to balance everything without feeling like I'm on the verge of burnout.",4,4,3,4,4,4,"The entry has good continuity and topic focus as it centers around the issue of managing schedules and the feelings associated with it. There is some partial integration of contradictions, as the writer acknowledges frustration and the desire for balance but does not resolve it completely. Cognitive clarity is good, with a clear expression of thoughts, and there is a sense of narrative closure as it ends with an intention of finding balance and camaraderie."
"This morning felt like a blur—trying to get out the door on time while my roommate was rushing around the kitchen. We barely said more than a few words. Now, collapsed on the living room couch, I’m realizing how much that little silence wrapped between us unsettled me. We’ve been skirting around something for days, like a slow leak in the room’s air that I keep ignoring. The scattered pieces of the day’s code bugs and my half-finished tea cup mirror the way my thoughts won’t line up. I want to fix this, but it also feels like trying to hold water in my hands. Maybe tonight I’ll say something, or maybe I’ll just listen harder. Either way, I’m tired of pretending everything’s fine when it isn’t. The apartment feels too small for both our silences, and I hate feeling so stuck between wanting to reach out and not knowing how.",4,3,4,3,3,5,"The entry has a mostly good flow, with some transitions between thoughts about the current situation, reflections, and actions to consider. There's a clear central theme around the roommate situation, though it meanders a bit into internal reflections without complete resolution. Contradictions are acknowledged, and there's some clarity, but the expression is somewhat scattered, and it ends with a sense of unresolved tension."
"I remember catching the look on his face just before he left last night. That pause when he hesitated at the door, like he was trying to decide if he should say something more or just go. He didn’t say much, but the silence between us spoke loud enough. It’s frustrating how this apartment, our routines, and all the little scheduling clashes build walls without us noticing until it’s too late. This morning, as I stood in the kitchen half awake, the smell of coffee wasn’t enough to clear my head or that tight knot in my chest. I keep running scenarios in my mind about what I should have said or done differently. But thinking doesn’t help if we don’t actually talk, and I’m tired of circling the same conversations that get us nowhere. I want to find a way back to something solid between us, but right now, it feels like we're just two people living parallel lives under one roof. I need to stop overthinking for a minute and just be present, even if it means sitting with the discomfort. Maybe if I can focus on the now, the scattered pieces won't seem so impossible to put together.",5,5,4,5,4,2,"The entry demonstrates excellent continuity and topic focus, consistently exploring the dynamics of a relationship through a reflective lens. Despite acknowledgments of conflict, there is also a clear attempt at integration and resolution, showing nuanced thinking. While the ending does not provide full closure, it fits the reflective nature of the entry. Overall, the organized narrative and clarity indicate low mental entropy."
"The gray sky makes the parking lot feel colder than it is. My breath fogs up the car window while I try to review the day ahead. I’m worried about how little I got done yesterday, and the phrases I left hanging in that email to my supervisor. Mostly, I’m anxious about what I said during breakfast. There was a sharpness in my tone, neither of us wanted to raise voices with my sister over who should take the kids later. I hate that tension before work. It makes me want to disappear but also forces me to double-check the calendar app for every last appointment and task. There’s the grocery pick-up, the school meeting for my niece, and that report I need to finalize by noon.

My phone buzzes with another reminder—a team call in ten minutes. I’m still sorting through data on the project, trying to find patterns without letting the pressure make me lose focus. There’s barely room to think clearly between family schedules and work demands. I keep telling myself to stay optimistic, but the weight of responsibilities is hard to shake when there’s no quiet space at home. Hopefully, tonight I can carve out some time just to breathe and reset. For now, coffee and a deep breath before facing another full day.",4,4,4,4,4,3,"The entry maintains good continuity, moving smoothly between interconnected thoughts about work, family, and stress. Topics are clearly delineated—work stresses and family conflicts are both developed with clean transitions. There is acknowledgement and partial integration of tension and pressure, hinting at self-awareness. Clarity is strong, with clearly expressed thoughts and minimal hesitations. The entry concludes with a forward-looking, hopeful note, providing a sense of narrative closure."
"The hum from the espresso machine and low chatter of the morning crowd create a steady, familiar backdrop. I’m tucked away in this corner of the coffee shop, watching the light shift through the window as the day moves on. It’s busy, and yet I find this moment oddly calming—a brief pause that helps me collect my restless thoughts.

Lately, this new relationship is on my mind more than I expect. I’m not sure where it’s headed, and that uncertainty makes me uneasy. Still, the small moments of connection we share feel genuine, even if the future is unclear. I want to be practical about it, not rush or force anything, but my mind keeps drifting to possibilities and what might be.

I made a good latte for a regular just now, and she smiled, which reminded me how much I appreciate these small, steady interactions. Maybe that groundedness will help balance the restlessness swirling inside me. For now, I’ll enjoy the warmth of the cup and the soft murmur around me before the next rush begins.",4,4,4,5,4,3,"The entry maintains good continuity with seamless transitions between observing the coffee shop, reflecting on the relationship, and then returning to the immediate environment. The topic focus is clear, with the relationship and the current moment being distinct yet connected themes. Contradictory feelings about the relationship are acknowledged and held with awareness. The writing is clear and confident without cognitive overload, and it concludes with a sense of temporary closure in the immediate environment."
"I can't stop thinking about that awkward chat I had with Mark today at the coffee place down the street. I tried to bring up something interesting, but it felt like he was just nodding and waiting for me to stop talking. Maybe I said too much or not enough? I'm always worried that I come across as too intense or maybe just plain boring. It’s hard to tell when you’re new here and don’t have those little social cues figured out yet. I caught myself glancing around the room a lot, probably looking for an escape. Do people actually want to be friends here, or am I just imagining that? I kept replaying every moment on the living room couch last night, feeling this tight knot in my chest. Maybe I misread his silence and it wasn’t disinterest but just shyness? Or maybe it really was me. I wish I could just relax and be normal, whoever that is. I’m tired of feeling so unsure about every word I say.",4,4,3,4,3,4,"The entry maintains a good continuity with thoughts connecting well, primarily around the conversation with Mark. The topic focus is on the interaction and the writer's self-reflection, with clear transitions. Contradictions are partially integrated, as the writer swings between potential interpretations of Mark's behavior. Cognitive clarity is maintained mostly, with complete thoughts, though some hedging is present. The entry trails off slightly, lacking a firm resolution, giving it a partial closure."
"I felt a bit overwhelmed today, so I decided to take a walk around the block after lunch. The weather was cooler than I expected, which helped me focus more on my surroundings instead of my racing thoughts. I noticed a new cafe had opened since I moved here, but I didn’t stop in. It felt like too much—a new place to figure out. I passed a couple of old houses that look abandoned and wondered if anyone ever tries to fix them up. My mind kept drifting to the stack of emails I haven’t replied to and the readings I should have done last night. I tried to slow down and just breathe, but everything feels like it’s piling up. I’m still not used to living here, and the streets feel unfamiliar even though I’m walking the same loop. It’s exhausting in a quiet way, like a background noise I can’t turn off. I miss some kind of routine or rhythm to help me feel grounded. Still, moving my legs helped more than sitting inside scrolling through my phone. I might walk again tomorrow, maybe a little longer. At least the sky was clear, and the sunset made the clouds look pink for a few minutes.",4,4,5,4,4,3,"The journal entry maintains good continuity with thoughts linking well between observations of the walk and reflections on personal feelings. The topic focus is clear, primarily revolving around the walk and its impact on the writer's mental state. There is excellent integration of contradictions, acknowledging overwhelm and lack of routine while appreciating the walk's benefits. Cognitive clarity is strong, with mostly full sentences and minimal hedging. The ending provides a sense of closure, tying back to positive aspects of the experience."
"Just finished cleaning up the kitchen after dinner, and I’m sitting here at the table feeling a little buried under everything I have to manage this week. Work has been nonstop with extra patients and paperwork piling up, and I can’t stop thinking about the supplies I need to reorder before the weekend. The timing is tight because if I don’t get those done soon, it’ll throw off the whole restocking plan for the unit. I started making lists on my phone, but it just spirals into more tasks that I need to delegate or handle myself. I also remembered that the car needs an oil change, and somehow that slipped onto my mental to-do earlier today while I was trying to focus on training a new nurse. I keep going over everything, trying to figure out if I missed anything critical, but it just leaves me more tense. I’m hopeful that tomorrow’s shift is a bit calmer because I really need a breather. At least my dinner was decent tonight, nothing fancy but filling. I’ll try to get some rest soon even though my mind won’t let up yet. ☕️",4,3,3,4,3,5,"The entry maintains good continuity as thoughts about work, tasks, and daily life flow logically from one to another, though there are moments where the mental to-do list spirals a bit. Topic focus is moderate with a clear central theme of managing workload and stress, but transitions can be slightly messy. Contradictions regarding feeling overwhelmed and being hopeful are partially integrated. Cognitive clarity is relatively high with mostly complete expressions, though there's some slight hedging. The ending gives a partial closure with hope for a calmer day tomorrow, but the narrative feels somewhat unresolved."
"The kitchen clock glowed dimly as I sat alone at the table, the dishes from dinner pushed to one side. Dad was quieter than usual tonight, and I could feel the tension lingering in the room even after he went to bed. I tried to explain why I couldn't stay late at work tomorrow, but my words felt tangled and half-made. He looked away, and I wondered if he thought I wasn’t doing enough for him. It’s exhausting, balancing his needs and my own deadlines.

I keep thinking about that small crack in his voice when he talked about missing mom. It’s like every time he brings her up, I’m reminded that time is slipping through my fingers fast. I want to be patient and present, but sometimes the weight settles so heavily on my chest that I just want to run away somewhere quiet. I told myself I’d call the nurse tomorrow just to check in, though it feels like a drop in the ocean.

I’m hopeful this too shall pass, that we’ll find a new rhythm. But for now, the quiet in the house is too loud, and my thoughts race every which way. Somewhere between caring and exhaustion, I need to find space to breathe. Maybe tomorrow will be a little easier. 🌙",5,4,4,5,4,2,"The entry smoothly flows from one thought to another with clear connections, showing good continuity. Topic focus is strong, mainly circling around the tension with dad, personal exhaustion, and care for family. Contradictions are present, such as wanting to escape while also wanting to care, but they're recognized, contributing to partial integration. The writing is clear and expressive, with only minor hedging, and the narrative closes with a hopeful yet reflective tone, tying up predominant themes."
"The kitchen light is too bright this morning, harsh against my tired eyes as I shuffle in for coffee. I spilled a little water on the counter just now, which feels like the perfect metaphor for how my morning brain is working—clumsy and slow to focus. I keep thinking about that email I should have sent yesterday but didn’t because I doubted the wording and now it feels too late. I hate this feeling of rushing yet not really making progress. Talking to my partner last night was... better, I think. I want to say it was good, but there’s always this lingering hesitation about whether I’m really heard or just tolerated. The way I jump from one worry to another makes me feel scattered, like I’m running races in my head that nobody else sees. I’m curious about how long this phase lasts, and if I’ll ever be able to calmly explain my anxieties without them sounding like complaints or excuses. I should probably write down some thoughts more often; maybe it would help me untangle all this jumble. But for now, I’m just trying to breathe, sip my coffee, and let the morning unfold without pushing myself to fix everything at once. It’s weird how even with all this uncertainty, a small part of me feels hopeful about what’s next. Maybe today I’ll start with one small thing, just one.",4,4,4,4,4,3,"The journal entry maintains good continuity with thoughts flowing logically despite touching on diverse themes. There is clear topic focus on morning reflections and balancing worries with an underlying optimism. Contradictions about feeling heard versus tolerated are acknowledged with some integration. The writing is mostly clear with a coherent structure, and it concludes with a sense of partial resolution by focusing on a small actionable step, exhibiting good narrative closure."
"I remember sitting in the parking lot before work last night, watching headlights pass by and feeling this tight knot in my chest. The conversation with my coworker earlier had left me unsettled—something about the way they dismissed my ideas made me question if I was being heard at all. I’m trying to juggle classes and commissions, but moments like that mess with my head more than I care to admit.

Now, replaying it in my mind, I wonder if I overreacted or if I should have spoken up differently. It’s frustrating because I want to be optimistic about my progress, yet sometimes the small social clashes feel like roadblocks. I’m restless but determined to keep pushing through. Maybe all I need is a solid sketch session tonight to clear my head and remind myself why I started this path in the first place.",5,4,4,4,4,3,"The journal entry demonstrates excellent continuity with thoughts smoothly transitioning between events and feelings. Topics are focused, centered on workplace dynamics and personal growth, with minor wandering within the themes. Contradictory feelings about self-doubt and determination are acknowledged and partially integrated by the author. Cognitive clarity is high, with coherent and complete sentences, although there are minor hypothetical considerations causing slight hedging. The entry closes with a hopeful resolution, suggesting actions to improve their mindset."
"I’m still sorting through the pile of papers on the kitchen table from this week—between school forms and work memos, it’s hard to keep track of what needs immediate attention. The kids’ schedules changed again, which means adjusting my own routine yet another time. I tried to get ahead on my work emails after dinner, but my brain was too foggy to focus, so I gave up and started a load of laundry instead. Not sure if I’ll ever get through everything before tomorrow morning. It feels like I’m constantly juggling tasks but never catching up, and the late-night quiet only reminds me how much there still is to do. I’m hoping a good night’s sleep will clear my head because I can’t keep running on empty. There’s a list written on the back of an envelope with grocery items and reminders that still needs checking off by the weekend. I like that routines help ground me, even if right now they seem endless and a bit overwhelming. I made a cup of chamomile tea instead of coffee tonight, trying to wind down, but my mind keeps racing through what’s left undone. Maybe it’s just one of those nights.",4,4,5,4,4,3,"The entry maintains good continuity and focus, with each paragraph addressing related themes about daily tasks and routines. Contradictions, such as the desire for routine versus feeling overwhelmed by it, are acknowledged without causing significant dissonance. There is clear expression with organized thoughts, and the entry concludes with a reflective note, indicating partial closure."
"Earlier today, I got caught up trying to rearrange the kids' schedules again. It's like every time I think I've got it sorted, something shifts or one of us forgets to mention a change. Now, I'm on the living room couch, staring at my phone, feeling that familiar tightness in my chest. Coordinating calendars shouldn't be this exhausting, but the back-and-forth texts and last-minute nags from their dad are wearing me down. He means well, but sometimes I wish he took a bit more initiative instead of waiting for me to handle everything.

I know I’m probably being too harsh on myself and him. Still, the frustration seeps in when I realize I’ve neglected my own needs in the process. I should have taken a break or made time for a quick walk, but instead, I’m left here restless and circling over the smallest details. Tomorrow, I’ll try to be more organized — or at least less reactive. For now, I’m hoping this to-do list stops growing before I lose my mind. ☕",4,4,4,4,4,3,"The journal entry demonstrates good continuity with thoughts flowing smoothly from discussing scheduling challenges to personal realizations. The focus is well-maintained on the themes of scheduling stress and self-reflection. Contradictions are acknowledged and approached with some awareness, hinting at the intention to integrate. Clear expression with complete thoughts suggests a low cognitive load. The entry concludes with a sense of intention, offering partial closure."
"I still haven’t figured out when I’m going to squeeze in that dentist appointment before the weekend, and it’s already making me anxious. The bus ride home is giving me a few minutes to breathe, but my mind keeps jumping to everything else I need to get done. Work felt nonstop today—restocking shelves while customers asked questions that I had to answer quickly, which didn’t leave much room for mistakes but also didn’t give me any time to relax. After that, I had to switch gears fast to text my partner about dinner plans and remind them about the laundry they promised to start. Communication is still a rough patch for us, mostly because we’re both juggling a lot and sometimes messages get missed or misunderstood. I’m trying not to be too hard on myself for not managing everything perfectly. The list in my head includes groceries, a few emails I’ve been putting off, a small presentation for a training session next week, and figuring out whether I can claim a few hours off for some needed downtime. Honestly, it feels like this to-do list is growing faster than I can check things off. I told myself I’d keep things spontaneous, but with this kind of schedule, spontaneous just means deciding which chore to tackle next without much thought. I’m sipping on a lukewarm tea I grabbed in a rush and trying to remind myself that a little messiness in the day isn’t the end of the world. Still, I wish I had a better handle on all these overlapping responsibilities instead of feeling like I’m constantly running behind. Maybe I’ll plan a proper break this weekend, even if it means rescheduling or pushing some stuff aside. For now, it’s back to coordinating pickups and drop-offs, and keeping the routine moving so I can at least feel like I’m making some progress.",4,4,4,4,4,3,"The journal entry transitions smoothly between topics, maintaining a clear structure as it moves from work stress to personal life and communication with a partner. There's good integration of contradictions, like the desire for spontaneity versus the need for planning. Cognitive clarity is well maintained despite the busy narrative, and it concludes with a clear plan for the weekend, providing a good sense of closure."
"Today felt like a nonstop scramble just trying to keep everything balanced, work tasks piling up while also trying to not screw up communicating properly with her. The bus was packed and kind of loud, which only made my brain race faster instead of giving me space to unwind. I kept flipping through my phone, half-reading emails and messages, but nothing really stuck because my mind kept wandering back to what I needed to say later tonight. I really want to get better at explaining what I’m feeling without jumping straight to overthinking every reaction. It’s like a weird loop that doesn’t stop until I force myself to pause, which is hard on a crowded bus when there’s so much noise and motion around. I still haven’t figured out how to just be spontaneous without panicking internally about the logistics of timing or phrasing.

By the time I got off, my legs were stiff and my head was buzzing from trying to juggle work, relationship stuff, and just getting home without wandering into anxious territory. I’m pretty sure she noticed I was off today, but I didn’t want to bring it up until I could gather my thoughts properly. It’s frustrating to want to be open but feel like you’re behind on your own emotional cues sometimes. I’m hoping that if I start small, like just saying one simple thing honestly, it might help break this cycle. For now, I’m just glad to be in my room, quiet except for the hum of the fan, and letting my brain slow down a bit. Maybe tomorrow won’t feel as overloaded or restless—it has to, right? 🚌",3,3,4,3,4,5,"The entry shows moderate continuity with some flow but noticeable shifts in focus, particularly between the bus experience and relationship concerns. Topic focus is moderate as work, relationship, and personal anxiety intertwine without clear distinctions. Contradictions are acknowledged with awareness of internal struggle, and there's effort towards integration. Cognitive clarity is moderate with racing thoughts but coherent overall, and the entry ends with a hopeful note, providing some closure."
"The afternoon light filters softly through the curtains, casting quiet shadows across the cluttered bedroom desk where I sit with my laptop open but barely touched. I keep catching myself staring at the calendar app, overwhelmed by the constant shuffle of meetings, deadlines, and reminders. It’s hard to focus when the tension from this morning’s conversation with my partner still lingers—our words tangled up with unspoken worries about time and attention. I want to fix how we communicate, but juggling that with my grad work feels like balancing on a thin wire. There’s a stack of articles I meant to read yesterday, the laundry basket’s almost overflowing, and the mental list of errands keeps growing. Sometimes I think if I just stepped outside for a bit, the pressure might ease, but even that feels like one more thing to schedule. I’m anxious about making space for both my life and this relationship, hoping we can find a better rhythm without losing patience. I wish I could slow down time somehow. Maybe I’ll try to write a little more later; it might help settle my thoughts. For now, the room feels quieter, and that small peace is something to hold onto.",4,3,4,4,4,3,"The entry shows good continuity with smooth transitions between thoughts about work, relationships, and personal pressures. While topics are introduced with some overlap, they maintain a moderate focus and are explored sufficiently. The integration of contradictions is handled well, acknowledging struggles without getting stuck. Cognitive clarity is high with minimal hedging, and the entry closes with a reflective tone. Overall organization suggests mostly coherent thought process with some complexity."
"The streetlights flickered as I walked around the block tonight. The usual distant hum of cars was oddly comforting, though I couldn’t quite shake the tight feeling in my chest. It’s hard to find a quiet moment at home with everyone around, so this walk was necessary, even if it didn’t bring much relief. I noticed a couple of neighbors out on their porches, which made me realize how little I actually see anyone these days beyond brief hellos at work and the rushed goodnight from the kids.

Work was the same as usual, fielding complaints and trying to keep my patience when customers get frustrated. It wears me down, but it’s predictable, which is a small mercy. I did forget to return one call today, and that’s been bothering me. It’s a small thing, but it sticks with me, like a reminder that I’m juggling too much and not keeping up as well as I want to. Back home, everyone was arguing about something trivial, and there was no space to tune out or process the day properly. The noise made my head ache.

I’m going to try to get to bed earlier, though the idea feels like a distant luxury. Maybe tomorrow will be better. For now, I’ll have to be content with these minutes outside where I don’t have to pretend everything’s fine. The air was cool and a little damp, which helped clear my thoughts somewhat. It’s strange how a simple walk can highlight how much I miss a real break from all the noise, even if it’s just for twenty minutes. 🌙",5,5,4,5,4,2,"The entry flows well with clear transitions between observations on the walk, work, and thoughts about home. Topics are distinct but connected by the underlying theme of seeking space and calm. The writer acknowledges tension between their need for peace and the reality of a busy life, showing some integration. The narrative closes with a hopeful yet unresolved note, indicating partial closure. Overall, the writing is organized and reflects a thoughtful process with only minor unresolved tensions."
"The rumble of the bus tires on wet pavement is strangely calming, even though my mind won’t stop racing. I replay the conversation with my co-parent from earlier—something about the schedule just felt off, like we were talking past each other. I thought we agreed on the pickup times, but by the end, it was clear we had different versions of the plan. I guess after juggling work shifts and the kids’ activities, it’s easy to miss details or assume the other is on the same page. The tension in our voices caught me off guard though; it wasn’t what I expected from something so routine. Makes me wonder if the stress we’re all under seeps into these small talks, turning them into bigger deals than they need to be. I’m tired, no doubt about it, and maybe that’s why I’m reading too much into it. Still, wrapping my head around how to keep things running smoothly while grieving and not snapping is exhausting. The late-night quiet on this bus contrasts sharply with the chaos in my head. I want to be more present, less reactive, but sometimes it feels like I’m just surviving the day. Tomorrow’s calendar looks packed again, so I’ll have to find a way to reset without breaking down. I’m holding onto the hope that clarity will come by morning, or at least some peace. For now, I’ll watch the blurry streetlights flicker past and try to breathe through it all.",4,4,4,4,4,3,"The entry flows smoothly, linking thoughts about a recent conversation with broader reflections on personal stress. Topic shifts feel intentional and are well-developed. Contradictions, such as the tension in routines, are acknowledged and integrated into a cohesive narrative. The writing shows clarity and ends on a reflective note, providing a sense of closure despite addressing unresolved stress."
"Feeling a little overwhelmed tonight, trying to get a grip on all the scheduling for the week ahead. I took a walk around the block to clear my head but ended up going over the calendar again in my mind. Coordinating with my co-parent is always a bit tricky since our schedules don’t line up easily, and I keep forgetting to update the shared app until last minute—which makes everything scramble. I reminded myself to stay organized, even though I’m rushing and my thoughts keep jumping from one task to another. The grocery list isn’t done yet, and I need to carve out time to prep meals for the kids before my next call. I’m probably being too hard on myself for not having it all together, but it feels like there’s no pause button right now. Still, I managed to block out 30 minutes for the walk and that helped a bit, even if I mostly just replayed the day’s chaos instead of relaxing. Tomorrow I’ll try to update the calendar early and maybe set some reminders so I don’t fall behind again. I just want to feel a bit more in control, less scattered. Now, to get back inside and tackle the email that’s been waiting all day. Maybe tomorrow will be smoother.",4,4,4,4,4,3,"The entry maintains a fairly consistent structure throughout, mostly touching upon the theme of managing schedules and feeling overwhelmed. Thoughts are organized into related paragraphs with only minor shifts. Contradictions like feeling hard on oneself are acknowledged but with some awareness of the need for control. Cognitive clarity is maintained despite minor stress markers. Ends with a resolution for better planning, offering good narrative closure."
"This afternoon, I caught myself staring out the new apartment window longer than I meant to. The sky was that dull gray that feels like it’s waiting for something to happen and I felt a little lost watching it. Sitting here now on the couch, the quiet hum of the refrigerator and the distant sound of cars passing on the street are the only things filling the space, but it doesn’t really settle anything. I unpacked most of the boxes, but each item feels like it belongs somewhere else, like I’m letting pieces of my old life hang in the air with no place to land. The numbers and spreadsheets from work are swirling somewhere in the back of my mind, reminding me I should focus, but my brain won’t cooperate. I keep thinking about how much effort it took to pack everything up and then drive all day, only to feel unmoored now. I miss the routine that felt so familiar before this move. Even small tasks seem harder because my mind wants to run in all directions, restless and tired but unable to settle. I poured a glass of water twice because I couldn’t remember if I’d drunk it already. It’s like I’m running in place. I wonder if this feeling will soften when I unpack the last box, or if it’s something I have to carry for a while. At least the couch is soft, and I have a blanket, so it’s not all uncomfortable. I wish I could just pause the world for a moment and catch my breath. Tomorrow, I’ll try to make a list or something to get a grip, but tonight, I’m just here with this strange silence that’s making me feel both empty and full at the same time.",4,4,4,4,4,3,"The journal entry maintains a good continuity with clear connections between thoughts about the move, feeling unsettled, and the attempt to adjust. Topics such as the apartment, work, and personal feelings are well-focused with smooth transitions. Contradictions about feeling both empty and full are recognized and contemplated. The expression is generally clear with complete thoughts, minimal fragments, and concludes with an intention to regain control, providing a partial but meaningful closure."
"I spent most of the morning trying to organize the pile of paperwork on my desk, but it felt like I was just moving everything around without really making progress. The new apartment still hasn’t settled into anything that feels like home. Boxes remain half unpacked, and I woke up disoriented again today, unsure if I’d locked the front door last night. I had a quick lunch while scanning emails, none of which needed immediate attention but kept my brain bouncing between tasks. Work was busy, constant ringing and requests, which I guess helped distract me from feeling ungrounded. I made a mental note to buy better shelving this weekend — these old metal racks are a pain. It’s frustrating how the small stuff seems overwhelming when everything else is unsettled. I didn’t get around to walking outside like I thought I would, and now the afternoon light is fading. Somehow, my mind raced through a dozen things I still need to sort out before the week ends, but I managed to jot down the essentials so they don’t slip away. Coffee was the only consistent thing today, the one stable ritual, even if I drank it too fast. I know I should slow down, breathe, but it’s like my head is spinning with all the moving pieces. Still, I pulled together enough focus to finish the most urgent reports on time. Tomorrow, I hope to find a little more calm here at this desk, maybe even clear a corner that actually feels like my own space.",4,4,4,4,4,4,"The entry maintains mostly good continuity with smooth transitions between topics such as work, home, and personal thoughts. Topic focus is clear, with identifiable themes despite some interwoven reflections. Contradictions, such as feeling overwhelmed yet achieving task completion, are acknowledged with an awareness of the chaotic feeling. Cognitive clarity is maintained with minimal fragmentation, and the entry concludes on a reflective note aiming for future calm, providing good narrative closure."
"Need to call the electric company before the office closes tomorrow. Somehow I forgot to check the bill last month and now I’m scrambling to find the paperwork in this mess on my desk. It’s been a week of little bursts of productivity but mostly distractions: emails I promised to answer, a laundry pile that’s completed ignoring me, and the list of job applications I keep moving to the next day. Sitting in the coffee shop corner is at least a break from the phone and screen glare, though the noise doesn’t really help my concentration either.

I glanced again at the schedule I printed out on Monday—three interviews this week, plus follow-ups, and a few workshops I want to squeeze in. Keeping all that straight in my head is exhausting. I should write down exactly what’s due and when, but even organizing the calendar feels like a chore. I’m juggling the usual errands too, like getting the car serviced and remembering to pick up groceries before the weekend. All these small tasks are piling up quietly, and I keep wondering if I’m missing something important. Maybe after this coffee I’ll try to tackle one thing at a time, even if it’s just putting the bills where I can see them.",4,4,5,4,4,3,"The entry maintains good continuity and topic focus, with a clear transition between personal tasks and reflections on productivity. There are no contradictory thoughts, and the writer expresses a clear plan to manage tasks, indicating good integration. Cognitive clarity is generally strong, with minimal hedging and clear expression. The ending provides some closure, aiming at a plan of action to increase organization."
"I kept forgetting to check in with my mom about the doctor’s appointment this evening, which felt really off since usually I’m the one keeping track. We ended up having this awkward talk while everyone else was around, so I don’t think either of us said exactly what we wanted. She mentioned something about handling my dad’s medication that didn’t quite sit right with me, but I’m not sure if I misunderstood or if she was just distracted. It’s hard to tell because of the noise and people moving through the room. I wanted to ask more, to clarify, but didn’t want to make it a big deal, especially with others potentially overhearing. Sometimes I think that’s what makes living here rough—there’s almost no quiet moment where I can be clear and direct without interruptions. Honestly, I feel like I’m jumping between thoughts, unable to nail down what I really want to say or understand fully. I wish I could sit down with her alone and just have a slow conversation, but that never seems to happen. Maybe tomorrow I’ll try again, maybe with a note or something less verbal. I just hope I’m not missing something important or making something small into a bigger misunderstanding.",4,4,4,4,3,4,"The writer maintains good continuity with a mostly structured narrative about their interaction with their mom and the difficulty of communication. Multiple related topics are developed with clear transitions, indicating a focused approach. Contradictions, like uncertainty about the conversation's clarity, are acknowledged with an attempt to address them. The entry ends with intentions for future action, giving it some closure, though not fully resolving the current concerns."
"This afternoon I spilled half my latte while trying to juggle sketching and answering emails—typical scatterbrained move. Now I'm huddled in the corner of a coffee shop, the only place I could find open this late, laptop humming, but my brain feels like it's running in circles. I keep revisiting that same pitch deck, tweaking details that probably no one will even notice, and yet I’m stuck second-guessing every font size and color choice. The inconsistency of freelance income gnaws at me more when my workflow is this chaotic. I’m supposed to have another call tomorrow, but I’m still unsure if my proposal will land well or if I’ll just seem like an amateur fumbling through ideas. Sometimes I wonder if I’m too self-critical, or if that’s just what keeps me sharp, but right now it’s just making me freeze. The place is mostly empty, except a few late-night regulars, and their quiet presence is oddly comforting. I wish I could organize my day better instead of these last-minute scrambles. I need a plan that actually sticks, but thinking about it only adds to the overwhelm. At least the coffee is strong, and I guess tomorrow is a fresh chance to try again.",4,4,3,3,4,5,"The journal entry maintains good continuity, discussing the theme of disorganization with some reflection. The topic focuses on work struggles and productivity; though coherent, it occasionally meanders with repetitive elements. Contradictions about self-critique are acknowledged but only partly integrated. Clarity is moderate, with some hedging and chaotic expressions, yet there is a clear sense of progression. Closure is good, as the entry ends on a hopeful note for a fresh start."
"I feel drained tonight. The kitchen is quiet except for the hum of the fridge and the clock ticking off seconds I don’t have. I started the dinner early because I knew if I waited, I’d be too tired. Mom needed her meds, the laundry is halfway done, and I still have to call the pharmacy before it closes. Somehow, the tasks keep piling up even when I finish one.

I told my coworker I can’t cover the shift next week, though I wonder if I should have just said yes and dealt with the consequences later. It’s like I’m always choosing between being present at work or being here, at home. Neither option feels complete. Tomorrow’s schedule is already looking like a nightmare, and I haven’t finished the grocery list or sorted out the doctor’s appointment for next week. I need to write it down, make a plan, but the words won’t quite stick tonight. Just coffee and a quiet kitchen for now.",4,4,4,4,3,4,"The entry flows well with mostly intentional transitions between topics, like tasks at home and work pressures. It demonstrates good topic focus with clear boundaries between personal responsibilities and work dilemmas. There's some integration of conflicting feelings about choosing between work and home duties, though not fully resolved. Clarity is maintained with minimal fragments or restarts. However, it ends with a sense of incompletion, leaving certain issues open, contributing to a moderate level of overall entropy."
"The quiet of the house feels heavier this morning even though the sun is just peeping through the blinds. I woke up way too early, mind racing with all the deadlines I thought I had a handle on until yesterday. Somehow the list of things I have to prepare for school, plus the part-time remote work tasks, just keeps growing instead of shrinking. I spent half the night jotting down ideas and reminders but now it just feels like a messy jumble rather than a plan. There’s that group project I still haven’t responded to—everyone’s waiting on me. I also need to schedule a meeting with my advisor but the calendar on my phone keeps filling up with other calls and reminders from work. The house feels too quiet without the usual morning chaos from roommates, which is weirdly unsettling. I should be able to settle into a rhythm but the boundaries between study hours and work hours are really blurred lately, and that’s draining. I keep trying to remind myself to take it slow, that it’s okay not to finish everything today, but the voice in my head won’t quit. I made coffee but barely touched it while looking at the screen longer than I should have. Now the light is changing, and I can hear birds outside for the first time today, which is a small comfort. I think I need to write down a proper schedule again, maybe even block out breaks. It’s just hard to keep the momentum going when it feels like I’m spinning in circles. I wish I could just pause everything for a bit and catch up with myself. Maybe later, after some breakfast and fresh air.",4,3,4,4,4,4,"The entry maintains good continuity with mostly coherent transitions between the topics of work, school, and personal reflection. Topic focus is moderate because, while the themes are identifiable, there's some blurring between personal and work-related stress. Contradictions around managing tasks are acknowledged with attempts at integration. Clarity is maintained despite the sense of overwhelm, and it ends with a reflective closure about taking a break, giving a decent sense of resolution."
"The couch feels scratchy under my shirt, the fabric rough against my skin as sunlight seeps through the window blinds. I keep replaying the conversation from last night, the one with my brother about where I’m headed. He asked if I’ve thought about a ""real job,"" and I could tell he meant something steady, something stable—things I want too but can’t seem to find a foothold in. 

I told him I’m doing my best, but I wonder if he heard anything beyond the surface. Maybe I wasn’t clear enough, or maybe I’m not even clear myself. It’s like I’m still trying to organize all these thoughts and plans that don’t fit neatly anywhere yet. Freelancing leaves me drifting sometimes, the lack of consistent income making it hard to feel grounded. I want to say more but the words come out jumbled, my mind scattered like the kitchen during dinner prep. I’m not sure if he understands that.",5,4,4,3,3,4,"The entry maintains strong continuity with thoughts flowing logically from the setting to the conversation. The topics are well-contained though there are brief mentions of scattered feelings. Contradictions about stability and freelancing are acknowledged with some integration. Cognitive clarity shows slight fragmentation with 'jumbled words' but is otherwise clear. The narrative ends with open feelings but lacks full closure, making it mostly organized with minor lapses."
"This morning, I caught myself replaying a brief conversation with my daughter over breakfast. She mentioned feeling overwhelmed with her own schoolwork, but I’m not sure if she was really asking for help or just venting. It’s hard to tell sometimes, especially when I’m juggling my startup deadlines and trying to keep up with classes myself. Now, standing in the kitchen with the faint hum of the early day around me, I feel that usual restless tension. I keep thinking I should reach out again, make sure she knows I’m available, but I don’t want to come across as pushy or make her feel pressured. There’s always this balance between being supportive and giving space, and something about today makes that line seem blurrier than usual. Maybe it’s the never-ending to-do list in my head or the ache of not having enough time for actual conversation. I’ll probably send a quick message later, nothing heavy, just to check in. But for now, I’m just watching the light shift through the window and wondering if she really understands that I’m here.",4,4,4,4,4,3,"The entry maintains good continuity with a coherent flow from the conversation with the daughter to personal reflections on balance and support. Topics are well-focused, primarily revolving around family and personal responsibilities. Contradictions regarding support vs. pressure are acknowledged and mostly integrated, showing nuanced thinking. The expression is clear with minimal hedging, and the narrative reaches a natural pause with intentions expressed. Overall, it leans towards organized with minor tensions noted."
"The parking lot is quieter than usual right now, only a few cars scattered around and the hum of distant traffic. It’s late, and I’m here early, trying to calm down from last night’s nonsense. I was supposed to just relax after work but instead got dragged into a weird argument with my cousin at dinner. I don’t know why I let myself get so wrapped up in it. Everything spiraled over something stupid that really didn’t need to be said. I kept second-guessing if I should speak up or just stay quiet, but either way I felt like a mess.

I think part of what gets me is how little space I have to be alone in the house. Even now, standing here, I feel like I’m just temporarily escaping but not really free. It makes it hard to settle my thoughts. I’m trying to remind myself that it’s okay not to be perfect and that I can’t control how other people act or respond. Still, the anxiety creeps in and I replay every word in my head like a broken record. Maybe I need to find a better way to handle these moments instead of just shutting down or overthinking all night. For now, I just want to finish my coffee and try not to let the day start off with this heaviness hanging over me.",4,4,4,4,3,4,"The entry maintains good continuity and topic focus, with most thoughts and transitions feeling intentional. While there are some internal conflicts presented, such as handling arguments, the writer demonstrates awareness and a degree of integration. Clarity is good with mostly complete thoughts. However, there is a lack of full closure, as the entry ends with a resolve to not let heaviness linger, but with few specifics on how they'll move forward."
"I just finished rushing through my third cup of coffee this morning, trying to get a handle on the mountain of emails waiting for me, and honestly, my mind feels like it’s spinning in a million directions. The kitchen is quiet except for the hum of the fridge, and I can still hear the faint clatter from when I accidentally knocked over a bowl while grabbing the sugar. It’s like every little thing today is a reminder of how stretched thin I am. I keep replaying the conversation from last night with Alex. It wasn’t even a fight, just that weird, heavy silence when neither of us knows how to say what’s really on our minds. I wish I could just press pause and figure out how to say what’s been building up instead of letting it just hang there unresolved. It’s frustrating because I want to be present and supportive, but the stress from school deadlines and work keeps pulling me away.

I was looking at the clock and realized how little time I have before I have to head out. The idea of juggling everything feels exhausting, but I also know I can’t avoid these feelings forever. Maybe I need to write Alex a quick note or find a quiet moment to talk, even if my stomach knots just thinking about it. There’s this restless feeling in my chest that won’t let me settle, like I’m waiting for something to tip over but not sure what. I really hope today goes smoother because this early morning rush is setting a shaky tone, and I’m barely holding it together. Gotta keep moving, but I wish I could slow down just a little. 🌅",4,3,3,3,3,5,"The entry mostly maintains continuity, transitioning smoothly between topics of stress and relationship reflections, but there are moments of internal tension between wanting to be supportive and feeling overwhelmed that are only partially explored. Topic focus is moderate, straddling personal stress and relationship dynamics with some wandering thoughts. Clarity is reasonably maintained, though there are hints at cognitive overload. The narrative partially closes with hopes for a smoother day but lacks a strong resolution, leaving some feelings unresolved."
"The kitchen is quiet except for the hum of the fridge and the occasional drip from the faucet. I managed to get the coffee maker going before my mind switched to the list of tasks waiting this afternoon. There’s a doctor’s appointment for Mom that I really hope doesn’t run late because I need to pick up prescriptions and then there’s the paperwork for her insurance that still hasn’t been sorted out. I’m stretched thin but I keep thinking if I just push through today, maybe tomorrow won’t be so bad. 

I was supposed to review those lab results for work today but time is disappearing too fast. I double-checked the schedule and it’s clear I need to be firmer about saying no, but that’s easier said than done. I’m exhausted before noon and the house is already a mess. I’ll just have to take a deep breath and keep moving. There’s no one else to do this, and I can’t afford mistakes right now. Hopefully, I’ll finish everything before it’s too late.",5,5,5,4,4,2,"The entry maintains excellent continuity, with a seamless transition between thoughts on household and work responsibilities. Topics are clearly defined with no disorganized wandering. Conflicts about time and energy are acknowledged and reflect a nuanced understanding. Cognitive clarity is mostly strong, with full sentences and structured thoughts, though slightly impacted by expressions of stress. The entry achieves good closure, tying up the reflection with determination to continue, though it leaves some pressure unresolved."
"The parking lot is drier than I expected this afternoon, though the sun hides behind some heavy clouds that threaten rain later. I’m parked near the far end, where the potholes have multiplied since we moved here. It’s frustrating how much time slips away just trying to get everything sorted—school supplies, lesson plans, groceries, doctor’s appointments for Mom. I still feel like I’m forgetting something important every time I back out of this lot. The new house is quieter but somehow more hollow. Yesterday I found myself staring at the walls, wondering how long it will take before it actually feels like home instead of just a place to store things. The kids seem to be adjusting better than I am, though maybe that’s because school gives them a sense of routine I desperately crave. I should check in on their homework tonight, but I might be too wiped out again. My head’s scattered with memories of Dad and the funeral arrangements, the way the light caught his favorite chair, the silence that followed. It’s odd to think that grief doesn’t follow a neat schedule, just like all the chaos of moving and working full time. Sometimes I catch a glimpse of something funny or sweet and wish I could slow down enough to hold onto it. For now, I have to get inside and focus on the day ahead, even if my mind runs ten steps ahead of me and my coffee’s gone cold.",4,4,4,4,3,4,"The entry presents good continuity with clear topic transitions. Despite multiple topics, each segment is well developed, reflecting good focus. The narrative acknowledges contradictions, such as the wish for routine against the backdrop of grief, showing integration. Clarity is maintained throughout, though closure feels somewhat partial as it ends on an ongoing struggle without full resolution."
"I spent most of the day scrolling through job listings but kept getting distracted by thoughts about money and how unpredictable the freelance gigs have become. It’s frustrating because I know I’m capable of more consistent work, yet every lead feels like it’s slipping away just as I get close. Around mid-afternoon, I sat at my bedroom desk with a cup of cold coffee and realized I haven’t really taken a break that felt restful in weeks. My mind races constantly, as if it’s waiting for some big change that might never come. 

Later, a quiet moment stood out when I glanced out the window at the streetlights coming on. It was almost peaceful, the way the city quietly shifted from day to night, and for a brief second I felt less restless, like I could breathe without anxiety. I’m not sure how long that calm lasted, but it reminded me I need to be kinder to myself. Tomorrow, I’ll try to focus on small steps instead of overwhelming the day with too many worries. Just need to hold onto moments like that, no matter how fleeting.",4,4,5,5,4,3,"The entry shows good continuity with thoughts flowing smoothly from one topic to another; each segment connects logically. Topics are focused, transitioning from work frustration to moments of calm and self-reflection. There’s full integration of contradictions as the writer expresses frustration but acknowledges the need for self-kindness, providing a clear resolution. The narrative has closure, with the writer concluding with a strategy for moving forward. Overall, it is mostly organized with minor lapses, like brief moments of reflection that don't fully resolve."
"This afternoon, I caught myself smiling when I remembered my mom’s way of telling jokes, always a little awkward but somehow endearing. It’s funny how those small things stick with you, especially when you’re in a new city and your own voice feels lost in the noise around you. Tonight, sitting alone in the dim light of my apartment, I’m suddenly hit by how little I get to hear her laugh or complain about my messy room. It’s strange how grief sneaks up on you unexpectedly during moments you think you're distracted.

My shift was nonstop chaos, the kind where you barely have time to breathe, which honestly helped push thoughts away. But now that it’s quiet, I’m restless, my mind racing from one thing to the next. I wonder if my mom would have thought I’m handling this new job well, or if she’d tell me to slow down a bit and stop trying to prove something to everyone. Sometimes I feel like I’m building this whole new life on shaky ground, trying to make sense of who I am without the family I grew up with standing right behind me. Maybe it’s still too soon to know what I want or who I’m really becoming here.

I guess what’s hardest is the uncertainty of it all. How do you hold onto yourself when everything about your life feels different, when the people you relied on aren’t just a call away? It’s late, but sleep won’t come yet. I keep flipping through memories and conversations, wondering if I missed a chance to say the right thing, or if maybe I’m reading too much into silence. Still, there’s a flicker of hope that with time, this restless feeling will settle, and I’ll find my place—not just in this city, but inside myself too. 🌙",5,5,5,4,5,2,"The journal entry presents a well-organized narrative with smooth transitions between reflections on family memories and current life challenges. Each topic is well-developed, and thoughts about grief, identity, and change are integrated cohesively. Despite the emotional complexity, the writer maintains clear cognitive clarity with complete, flowing sentences. The entry concludes with a reflective sense of closure, tying together themes of uncertainty and hope."
"Leaves crunch underfoot and the sky is a dull gray, not much sun to help with this fog inside my brain right now. Just walked around the block to clear my head but ended up replaying that call with my co-parent earlier. I thought we agreed on the weekend schedule, but apparently I got the time wrong, and now there’s this awkward silence when I tried to confirm. Did I misunderstand something, or was I not clear enough? It’s hard to tell because I’m always trying to be patient and flexible, yet I keep getting tangled in these timing messes.

I kept thinking about how I could have phrased things differently to avoid the confusion. Maybe I’m too skeptical, double-checking everything, but doesn’t that seem necessary with such tight calendars? Actually, the phone buzzed again while I was outside, and I caught myself almost ignoring it because I couldn’t handle another last-minute switch. These logistics feel endless, draining the curiosity that usually sparks my writing. I just want to settle on one plan without future surprises, but that might be too much to ask. Okay, back to the chaos, I guess. ☁️",4,4,3,4,3,5,"The journal entry has good continuity with most thoughts connecting well, though it briefly jumps from an encounter with co-parenting to general logistical frustrations. Topic focus is slightly mixed but mostly coherent, centering around the theme of scheduling conflicts. Contradictions about being both patient and skeptical are acknowledged but not fully resolved. Cognitive clarity is strong with complete sentences and few hedges. The narrative does trail a bit, ending with an open-ended resignation to 'chaos.' Overall, the entry is organized but reflects some internal tension and unresolved issues."
"The cold metal of the steering wheel feels sharp against my palms as I sit in the empty parking lot. I’m running through the day’s to-do list in my head, trying to prioritize before the morning chaos hits. There’s the meeting at 10, but also the report revisions that I promised by the end of the day. I’m already behind on those because I spent yesterday evening sorting through emails instead of starting the work. 

At home, things aren’t simpler. We agreed to talk more openly, but each conversation seems to open new questions instead of answers. I want to be better at this, but sometimes it feels like we’re just circling the same points. I need to remember to send that text about dinner plans tonight. Otherwise, we’ll both show up hungry and frustrated. The calendar app is full, with reminders popping up at odd hours reminding me of tasks I can’t immediately finish, like the laundry that’s been sitting for two days now.

I’ve packed my bag in an organized way to save time later, but the list of unfinished tasks feels like a weight. Maybe I need to block some time after work just to reset and plan without interruptions. It’s strange to feel so busy and still anxious. I think I’ll grab a quick coffee on the way in to steady myself before the inbox flood. No time for distractions, but maybe a small pause is exactly what I need. ☕",4,4,3,4,4,4,"The entry has good continuity with intentional transitions between work and personal life, maintaining a coherent flow. Multiple topics are well-organized with some smooth shifts, although the author oscillates between tasks and reflections without full resolution. Cognitive clarity is high, with mostly complete thoughts and minimal hedging. The conclusion provides a partial resolution, suggesting a plan to manage the chaos."
"This morning, I found myself staring at the cluttered counter while waiting for the coffee to brew. The kitchen felt smaller than usual, crowded not just with pots and bags but with all the things I’m trying to juggle right now. My roommate was already gone, and I could hear the city waking up outside, a reminder that my shift would start soon in a space that demands so much energy and friendliness from me. I wondered if I’m really cut out for this nonstop motion or if I’m just too restless to settle into any one thing.

I wish I had a clear sense of where I’m headed, but every day seems like a test of endurance instead of a step toward something meaningful. The thought makes me uncomfortable because I want to believe this is temporary, that the unpredictability will someday settle. Until then, I keep moving, analyzing ways to improve sales, connect better with customers, or even just manage my time more effectively. Something about pressing forward, even when everything feels slightly chaotic, keeps a tiny spark of optimism alive. Maybe that’s enough for now.",5,5,4,5,5,2,"The entry maintains excellent continuity with a smooth flow of thoughts, beginning with the kitchen scene and seamlessly connecting to larger life challenges. The focus on work and personal goals is clear and well-structured. Contradictions are acknowledged, such as the desire for stability versus current chaos, and there's a partial but meaningful integration showing nuanced thinking. The writing is clear and reflective, achieving a sense of narrative closure with a hopeful conclusion, indicating low overall entropy."
"I forgot to grab my lunch again today, which made the afternoon drag on twice as long. I tried to keep up with the rush at work, but my mind was spinning faster than my feet could move behind the counter. It’s strange how moving to a new place can make everything feel heavier, even the things I used to do without thinking. On the bus ride home, the city lights blurred past, and I realized how much I missed that sense of being settled. I hate feeling like I’m floating without an anchor.

The most intense moment came when a regular customer came in just before closing. They smiled and said, “You’re doing great,” which felt oddly grounding. It’s such a simple phrase, but it stopped the anxious thoughts in their tracks for a moment. I wish I could believe them a little more. I’m trying to be direct with myself about how unbalanced I still feel, but sometimes it’s easier to just push through the noise. Tonight, though, I’m allowing myself to acknowledge the rush and the tiredness—maybe that’s where the real work starts.",5,5,4,4,4,3,"This entry exhibits excellent continuity and topic focus, flowing smoothly from losing lunch to broader reflections on life changes. It integrates contradictions well, acknowledging imbalance and the power of simple reassurances. Cognitive clarity is slightly reduced by hedging, but ideas are expressed with completeness. Narrative closure is present with the reflective ending, providing a sense of resolution."
"The pavement was cold under my feet as I circled the block this morning, the usual quiet broken only by a few cars passing by. I tried to use the walk to clear my head, but it didn't really work. Thinking about my parent’s medication schedule and whether I remembered to refill everything is just sitting heavy in my mind. Work was the same old grind last night, too many interruptions and not enough time to manage the team properly. I’m constantly juggling demands from both sides, and it’s wearing me thin. I noticed the neighbor’s dog barking again, which just added to the noise and irritation. Sometimes I wonder how much longer I can keep this up without snapping. I didn’t bring music today, wanting to soak in the environment, but all I heard were reminders of what I didn’t get done. The sky was overcast, no sun to lift the mood, just the kind of gray that mirrors how I feel about everything right now. My phone buzzed once, but I ignored it — more noise I don’t need. I’ll have to check in at the pharmacy later and set alarms again. At least the fresh air was something, even if it didn’t really help. Maybe tomorrow I’ll try a different route, see if a change of scenery makes any difference. I’m just tired and wish I could pause all this for a moment.",4,4,3,4,4,3,"The entry presents a mostly coherent flow with identified topics like work stress and personal reflections, maintaining logical transitions. Some internal contradictions like wishing for peace versus accepting the day’s struggle are partially integrated. The thoughts are clearly expressed with minimal fragmentation, and the entry concludes with a reflective, albeit unresolved, ending. Overall, the narrative is structured with minor lapses."
"This morning I forgot to send that email to the client before leaving the apartment. It’s annoying how one small slip can set off a chain reaction in my day. Now I’m at this corner table in the coffee shop, laptop open, but my mind keeps jumping between job applications, chasing down invoices, and figuring out if I even want to keep freelancing. I’ve made a rough schedule on my phone, but it feels useless when every task comes with its own set of follow-ups and possibilities of rejection. 

I’m tired of juggling a hundred little things that don’t add up to anything solid yet. Some days I think about giving up and getting a regular job, but that feels like admitting I failed at finding a real path. That uncertainty eats at me more than I expected. The coffee helps a bit, but it won’t fix the backlog of incomplete tasks or the restless feeling that I’m stuck in this no-man’s land between survival and actual progress.",3,3,2,3,3,5,"The entry shows some flow between thoughts but has frequent topic shifts that disrupt continuity. There is identifiable focus on work-related stress, freelance vs regular job uncertainty, but transitions are somewhat messy. Contradictions about career choices are acknowledged but not resolved, reflecting some cognitive conflict. Clarity is moderate with a mix of complete thoughts and scattered fragments, and the entry ends without full resolution, leaving a sense of being stuck."
"This morning, I caught myself staring blankly at the calendar on the fridge, trying to make sense of all the deadlines and commitments piling up. Between school assignments, client calls, and managing the team, my to-do list feels like it doubles every day. I’m sitting now on the living room couch, laptop on my lap, and the background noise of the city leaking in through the window. It’s hard to focus, wondering if I remembered to confirm tomorrow’s meeting or if I should've picked up the dry cleaning already.

I keep thinking about the unfinished proposal that’s due soon and how my energy keeps getting siphoned off by small fires elsewhere. Even though I feel restless, I’m holding onto this hope that I’ll figure out a better rhythm soon, one where I don’t feel like I’m constantly running out of time. For now, I’ve written a rough schedule and made a small list—starting with coffee after my next class, so I can at least recharge a bit before jumping back in.",4,4,5,4,4,3,"The entry maintains a good level of continuity and topic focus, moving from discussing the overwhelming schedule to specific tasks without losing coherence. There is clear recognition of the conflict between commitments and energy but it is approached with a hopeful resolution. Clarity is maintained throughout, with only slight fragmentation due to environmental distractions. The entry ends with a sense of partial narrative closure through planned actions to regain control."
"This afternoon, I caught a glimpse of the new delivery schedule posted on the break room wall. It looked more complicated than last month’s, and I already know it’ll be a headache to manage with the team spread thin. Running numbers in my head, I can barely afford to mess up the hours because every overtime minute is under the microscope. On the bus home now, the usual noise feels heavier, like it’s pressing down on my thoughts. Tonight’s shift was brutal — three no-shows and two machines acting up meant I was scrambling the entire time. I kept thinking how much easier it would be if things simply worked as planned, but that’s never the case here.

I’m still sorting through bills in my head, trying to figure how to stretch the grocery run until next payday. No extra cash to throw at unexpected expenses. The whole week feels like a balancing act, juggling deliveries, team temperaments, and my own patience. It’s hard not to replay every decision and wonder if I missed something obvious. I told myself to stay optimistic, but it’s tough when the weight of reality keeps pulling me down. Tomorrow’s another long day, and I have to face the chaos again with a clear head or at least pretend I do. I just want to get home, lie down, and shut off the noise for a while. The city lights flicker past the window, and I’m counting the stops until my street. Hopefully, a little sleep will reset the brain clutter and I’ll find a way through this mess.",5,4,5,4,4,2,"The journal entry demonstrates strong continuity, smoothly transitioning between thoughts about work, financial concerns, and personal reflections. The topic focus is good, with each section of thought developed before moving on. Contradictions are not present, and the writer shows a resolved understanding of their struggles. Cognitive clarity is generally high, with well-formed thoughts and minimal hedging. The entry reaches a coherent closure with a hopeful note about resting to reset, although it leaves some elements slightly open, fitting the theme of an ongoing struggle."
"The quiet hum of the air conditioner fills the small break room while I sit with my cold coffee. Last night stretched longer than expected—phone calls to schedule follow-ups for mom's appointments, trying to find someone to check on dad while I'm at work. I keep thinking about the pile of bills I haven’t sorted yet, and the grocery list that’s still incomplete for the week. Everything feels like a chain of unfinished tasks that never ends. I wanted to write down a plan but my mind kept jumping to what I forgot to order from the pharmacy. The clock ticks on, but my restless thoughts don’t slow down. I need to focus yet my curiosity about those new neighbors makes me wander off mentally. I wonder if they’d understand this kind of chaos or if everyone is just managing their own noise. Maybe tonight I’ll finally start a proper schedule, but right now, the silence just makes all the loose ends louder.",3,3,2,3,2,6,"The entry displays moderate continuity as thoughts flow from one to another but with several interruptions. There is moderate topic focus; while the author discusses several distinct issues, transitions between them are not neatly organized. The entry struggles with contradiction integration, as it acknowledges chaotic thought without resolving it. Cognitive clarity is moderate as there are some complete thoughts amidst fragments. The entry trails off without closure, reflecting unresolved mental chaos."
"The hum of the old ceiling fan barely stirs the thick air in this tiny kitchen where I’m grabbing a quick lunch, trying to catch a breath between sessions. It’s quiet except for the occasional distant barking dog — a stray, maybe, or just the neighborhood’s usual cacophony. I keep glancing at my phone, half expecting a message from my sister, but nothing new. She’s been quieter since Mom’s anniversary passed last week. I guess grief has a funny way of settling in, not quite disappearing but folding into the spaces where routine used to live. I’m still juggling the blurred lines of work and life, feeling like a counselor who needs counseling, if only to shake off the scattered thoughts that keep poking at the edges of my focus. Sometimes I wonder if the intensity I bring to my clients is a shield for my own restless mind. I’m tired of pretending I can compartmentalize perfectly when all the tabs keep opening on their own. I didn’t cry today, but the lump was there, stubborn, when I pictured Mom’s empty chair at the dinner table. I caught myself cracking a dry joke about it, maybe to keep the silence at bay or to remind myself that humor is still a lifeline. The clock says I’ve got ten minutes before the next call, but honestly, it feels like a lifetime. Somehow, in the midst of this scattered afternoon, I hold on to the hope that these tiny moments of stillness add up. That one day, the noise will quiet, the grief will soften, and maybe, just maybe, I’ll feel anchored again.",5,4,4,4,4,3,"The entry maintains excellent continuity with a smooth flow from one thought to the next, capturing the ambiance and personal reflections seamlessly. The topic focus is good, with themes of grief, work-life balance, and personal reflection interwoven cohesively, though slightly scattered in transitions. There is good integration of contradictions, particularly in acknowledging the tension between professional intensity and personal restlessness. The cognitive clarity is high, with well-formed sentences and confident expression. The entry closes on a reflective note, providing a sense of partial resolution."
"I spent a good chunk of today trying to get all our schedules straightened out, but it feels like for every box I check off, two more pop up. Coordinating the kids’ activities, doctors’ appointments, and keeping tabs on who’s dropping them off or picking them up is like juggling while blindfolded. The walk around the block last night was supposed to clear my head, but instead I just ran through the whole week in my mind, feeling more restless than before. There’s so much left unfinished—like that pile of paperwork I promised to sort, and the broken door handle that’s been dangling for weeks.

I’m skeptical anyone else really gets how fragmented this all feels. It’s not about the work itself, more about trying to fit it into a living, breathing calendar that’s always shifting. And with the grief still hanging around, it’s like there’s a low hum of tension even in the small stuff. I wish the nights weren’t so restless so I could just sleep and let the next day reset this mess. Instead, I’m wide awake thinking about who owes who what, where everyone needs to be, and how the hell I’m going to keep this from spiraling any further. At least the cooler air on the walk helped me pause for a moment, even if it didn’t fix a thing.",4,4,4,4,3,4,"The journal entry is mostly organized, with clear themes around managing schedules and the impact of stress. Thoughts transition smoothly with intentional shifts. Contradictions, such as yearning for sleep yet experiencing restlessness, are acknowledged with a mature perspective, though not fully resolved. The entry maintains clarity with minimal cognitive noise, though it wraps up without a strong sense of closure, reflecting the ongoing nature of the writer's challenges."
"Budget is tighter than I expected this week, so I had to double-check how many groceries I really need before payday. Walked around the block this morning to clear my head and plan things out. The weather was chilly but nice enough to keep moving without a jacket, which made it easier to think about what I have to do today at the cafe and after.

I keep reminding myself to breathe through the rush because my shifts are stacking up and the weekend looks packed too. The new espresso machine at work is a pain to clean when we're slammed, but I guess that's just part of barista life. I grabbed a quick black coffee before heading out and it's weird how something so simple can feel like a small win in a busy day.

Need to update my expense tracker when I get home, because every dollar counts right now—gotta keep an eye on those little purchases or else it adds up fast. Also, must remember to call the landlord about the leaky sink; it’s annoying but not urgent. Hoping this week’s hustle pays off enough to cover my bills and maybe even save a bit. Small goals, but feels like progress.",5,5,5,5,5,1,"The entry exhibits excellent continuity and focus with smooth transitions between topics such as budgeting, work, and personal errands. Each topic is well-developed, and there is full integration of thoughts without contradictions. The expression is clear and concise, and the entry concludes with a reflective outlook, giving a sense of closure. Overall, it presents as highly organized with coherent narrative structure."
"This afternoon I caught a glimpse of my kid laughing with their dad while looking at the calendar app on our phones. It was one of those rare moments when the calendar chaos seemed to slow down, and they just shared a normal laugh. I usually keep my distance from these exchanges because scheduling feels like a battleground, but today it hit me how much these little moments matter.

Now, after dinner, my shoulders are still tense from the endless coordination. I’m restless, knowing tomorrow’s shift will be just as demanding. The clutter of dates and drop-offs swirls in my head. I want to be straightforward about what works and what doesn’t, but I worry that being too blunt might backfire. Maybe I just need to take a breath and focus on the small wins, like that laugh I saw earlier. It’s not much, but it’s enough for tonight. ☕",4,4,4,4,5,3,"The journal entry maintains good continuity with a smooth flow between observations and reflections. The focus on scheduling stress transitions clearly into reflections about personal focus and significance of small moments. There is a recognition of internal conflict (need to be blunt vs fear of backlash) and a deliberative choice to find solace in small moments, indicating good contradiction integration. The entry ends on a reflective note, providing full closure."
"Today at lunch I caught myself zoning out while my partner was telling me about their day. It’s like my mind kept jumping to that call with the client that went sideways again. Trying to hold it together while multitasking isn’t really my strong suit, especially when I’m supposed to be fully present. Late last night, I got stuck thinking about that phone call with my mom. I wish I could just dial down the guilt of not calling more often. She sounded tired, and it weighed on me more than I expected. I’m aware that my tendency to rush through conversations doesn’t exactly help the situation, but slowing down feels like a luxury I can’t afford right now. Balancing work projects, keeping up with communication in my relationship, and dealing with family stuff is wearing me thin. I keep telling myself I’m doing enough, but the self-critical voice is loudest when I’m alone in moments like this. It’s frustrating because I value being spontaneous, but sometimes it just looks like I’m scatterbrained and distracted. I wonder if my dry humor is a way to mask how overwhelmed I feel inside. All these little frictions pile up, making simple interactions more strained than they probably should be. I want to improve how I listen, not just hear, but it’s hard to find the mental space when I’m always rushing. Maybe I need to schedule forced downtime, even if it’s just 15 minutes with no screens or multitasking. For now, I’ll go back to my coffee, clear my head, and try to come back to these conversations with more patience. It’s a start. ☕",4,3,4,4,4,4,"The journal entry maintains good continuity, with thoughts flowing logically and transitions marked by coherent reflections. Topic focus is moderate; multiple concerns around work, family, and personal habits are introduced and developed, albeit with some overlap. Contradictions between values and behaviors are recognized with a good degree of integration, reflecting awareness and intention to resolve them. Cognitive clarity is strong, with clear and mostly complete expressions. The narrative concludes with a reflective action plan, lending a sense of closure."
"I wiped down the counter for the third time this afternoon, trying to keep busy while the quiet tension between us settled like steam on the windows. She said something about me not listening, but I don’t really remember how the conversation slipped into that. I want to hear her, I really do, but words feel like they're swimming just out of reach, drowning in my restlessness.

I keep replaying what she said, looking for where I might have missed the mark or where the sharp edge came from. Is it impatience, or something I said that sounded dismissive? That thought pulls me under more than I'd like. When we finally spoke again, it felt like we were both trying to hold fragile things without knowing how. I nodded a lot, hoping that was enough to show I cared.

She’s probably tired of my silence, but I’m not ready to speak without feeling sure I won’t make it worse. Maybe tomorrow I’ll be more grounded. For now, I’m just trying to keep the line open, even if it’s quiet on my end. This cup of coffee doesn’t taste like much, but maybe that’s okay. At least it’s something.",4,4,4,4,4,3,"The entry displays mostly coherent and connected thoughts with intentional transitions, particularly when moving between introspection and external observations. The writer acknowledges conflict (e.g., wanting to communicate vs. fear of exacerbating problems) and partially integrates these. Cognitive clarity is maintained with complete thoughts, despite some emotional complexity. The narrative closes with a reflective note, offering a sense of intentional pause and partial resolution."
"The kitchen table feels colder than usual tonight, probably because the lamp bulb burnt out and I haven’t replaced it yet. Everyone else is asleep, and I’m still sitting here with my mug of lukewarm tea that I keep forgetting to finish. Dinner was mostly quiet—kids distracted on their tablets, my partner tired and just nodding along to what the eldest was saying. I caught myself watching them and felt a strange tightness in my chest, like a weight pressing down from the inside out. Mom’s birthday would have been today, and even though years have passed, this day still gets under my skin in the sharpest way. I keep thinking about how she used to laugh at the little jokes my kids make now, how she loved to be the loudest voice at every family meal. The house feels emptier when the noise is just the usual stuff, no bursts of her crazy energy. I tried to tell the kids about her today, but my voice cracked halfway through. I hate how much my throat closes up when I get emotional, like I can’t even let myself feel the sadness properly without panicking. I don’t want to get stuck in this spiral again but it’s exhausting pretending it’s all okay. It’s late, the shadows are stretching longer, and all I want is a moment where I’m not trying so hard to hold it together. Maybe tomorrow will feel a little lighter. For now, I’ll just sit here, feeling the quiet and hoping it doesn’t swallow me whole.",5,5,4,5,4,2,"The journal entry demonstrates excellent continuity and topic focus, with thoughts connecting smoothly and transitions within feelings of family, memory, and emotion being well-articulated. Contradictions, like feeling sadness but panicking, are acknowledged, showing nuanced thinking. Cognitive clarity is high, with coherent, complete sentences and a well-structured narrative arc, ending with an intentional sense of closure."
"The leftover plate from dinner still sits on the table, crusts of bread and some wilted salad forgotten in the dim kitchen light. I washed a few dishes but left the rest for tomorrow. The quiet of the house feels heavier tonight, maybe because I’m trying not to think too hard about the text he sent earlier. It was vague, something about not knowing where this is going, and I just folded into that uncertainty again. I keep flipping through the conversation in my head, wondering if I missed a signal or if I’m just overanalyzing because that’s my default when things aren’t clear.

I tried organizing my desk earlier to distract myself but ended up moving papers from one pile to another without really sorting anything. My mind races, wanting clarity but also fearing an answer that might make things more complicated. I wish I could be more spontaneous with this new relationship like I am in coding — just trying stuff and seeing what works. Instead, I’m stuck waiting for signals I’m not even sure I want. I should sleep, but anxiety keeps the thoughts circling around. Maybe tomorrow I’ll feel less tangled up in this.",4,4,3,3,3,5,"The entry maintains a good flow between thoughts, primarily focused on the situation with the text message and the resulting anxiety, though there are some shifts to activities like organizing the desk. There is partial integration with contradictions acknowledged but not fully resolved. Cognitive clarity is moderate, with some racing thoughts and hedging. The narrative achieves partial closure, with unresolved issues hinted to be revisited tomorrow."
"I spent most of today trying to keep my head above water with grading and lesson planning, but my mind kept drifting back to that awkward moment after dinner. He asked me if I saw this going somewhere, and I laughed it off like I always do when I’m caught off guard. Honestly, I have no idea what I want to say or how I even feel sometimes. It’s like there’s this office meeting in my head where all the conflicting thoughts are running late and no one has the agenda. I feel restless, like the usual tiredness after a long day is mixed with this weird anticipation, but I can’t tell if it’s excitement or anxiety. Work is stressful enough without trying to decode new feelings that don’t fit any neat category. I keep turning over his words in my mind, dissecting the tone, the timing, trying to find a clue I probably missed. It’s exhausting and I’m not even sure it’s worth that kind of mental energy yet. On the bright side, the dry humor we share is a good reminder not to take myself too seriously, even if I feel a bit like a character in a play who forgot her lines. Maybe tomorrow, I’ll have a clearer picture. Or at least a better plan for how to deal with this guessing game. For now, I’ll just sit with the uncertainty and hope it doesn’t spill into my classroom tomorrow. Coffee might be my only reliable friend at this point.",4,4,4,4,3,4,"The entry maintains good continuity, connecting work-related stress to personal reflections. Topics are focused, shifting naturally from work to relationship reflections. Contradictions between excitement and anxiety are noted and explored. Cognitive clarity is strong despite evident inner conflict. The narrative reaches partial closure, acknowledging ongoing uncertainty with some hope for resolution."
"The hum of the refrigerator and the faint drip of the faucet are the only sounds in the kitchen right now, and somehow that makes the silence feel heavier. I ended up here after tossing and turning for hours, my mind spinning through everything I didn’t finish today and all the things I should be doing tomorrow. The new apartment still feels like a stranger’s place, and I can’t shake this restless feeling that I’m just waiting for something to click and make it feel like mine.

I keep replaying conversations and decisions, worrying if I’m making the right moves with my writing career and this big life shift. It’s like I have all these fragments of myself scattered around, and I’m trying to piece them together but the edges don’t line up neatly. I overthink every small choice — what to write next, when to send that email, how to settle into this awkward, in-between space.

At least the quiet early morning gives me some space to breathe, even if it’s just a moment. I made a cup of tea but didn’t drink it, too anxious to really taste anything. I want to feel grounded, to find something steady in this chaos, but right now it just feels like I’m holding my breath and hoping I don’t sink.",4,4,3,4,3,4,"The entry has a mostly continuous flow, with topics like the apartment, writing career, and feelings of restlessness well delineated, showing good topic focus. There is partial integration of contradictions, as the writer acknowledges the scatter and attempts to reconcile feelings, but it remains open-ended. Cognitive clarity is high with clear expressions and minimal hedging. While the entry closes on a metaphorical note of 'holding breath,' it leaves some threads unresolved, affecting narrative closure."
"The warmth of this chipped ceramic mug nearly burns my hands but somehow feels comforting during this quiet lunch break. I keep replaying the conversation with Jamie from this morning at work, the one that left me knotting my stomach. I wanted to explain why I was short when they asked about the afternoon shift, but the words just tangled up inside me. I said too little or maybe the wrong thing, and now I wonder if they think I’m flaky or unreliable. Communication is supposed to get easier after years together, but sometimes it feels like I’m back at square one, fumbling over simple stuff. I wish I could be as clear with Jamie as I try to be with customers, but personal matters always feel messier. What if they don’t see this side of me—the one that’s overwhelmed and scattered beneath the steady barista facade? Maybe I’m too harsh on myself, expecting perfect conversations when I’m running on empty. Still, that moment of silence after I stumbled left a bigger gap than I wanted. I’ll try to bring it up again tonight, if I can gather the right words. For now, I’m just grateful for this small pause, the familiar smell of coffee, and the hope that things might smooth out with a little more effort on my part. ☕️",5,4,4,5,4,2,"The entry maintains excellent continuity with thoughts flowing logically from the ceramic mug to reflections on communication, without sudden breaks. Topic focus is good; it covers the mug, the conversation, and self-reflection, yet transitions are clear. Contradictions are acknowledged, and some resolution is aimed at, though the author remains in a state of contemplation. The language is clear and decisive, showing high cognitive clarity. The narrative closure is good, with a contemplative yet hopeful ending."
"The bus rattles over a rough patch of pavement, and I catch myself staring at the cracked plastic of the seat back in front of me. Trying to keep track of the kids’ schedules feels like juggling flaming objects—soccer practice on Tuesday, violin lessons moved from Wednesday to Thursday, and oh yeah, dentist appointment next Friday that someone has to drive them to. I thought sharing custody meant splitting time, not doubling the calendar chaos. I barely managed to update the shared app because every time I try, I get distracted by emails from the school, texts about who picks up where, and reminders about which forms need signing. At some point today, I realized I haven't even started on the code review inbox that’s piling up while I’m drowning in coordinating. These little tasks build up until they’re a wall, not a to-do list. I’m dry enough to joke that my life is basically a series of status updates and who’s watching whom when, but underneath I’m just tired. Being nonbinary sometimes feels like another layer of “explaining” that I don’t have the bandwidth for, especially when all the energy is funneled into logistics and keeping everyone on the same page. I imagine a week where I don’t have to say no to myself because I’m too busy saying yes to everything else. Instead, I’m counting stops as the bus rolls on, trying to map out what I can finish while still pretending things are under control. At least the air conditioning is working, and I’ve got a lukewarm coffee in hand, so not all’s lost.",5,5,4,4,4,3,"The entry maintains excellent continuity with a smooth flow of thought and intentional transitions between topics such as family logistics and personal identity. Topic focus is also excellent as each topic is clearly developed and structured. There is good integration of contradictions, such as managing busy schedules and identifying as nonbinary, showing nuanced thinking. Cognitive clarity is high with mostly complete sentences and clear expression, though there is some load indicated by overlapping responsibilities. The narrative ends with partial closure, resolving the immediate thoughts about the day's logistics. Overall, the entry is mostly organized with minor lapses in clarity."
"The sunlight sneaks in just enough to warm the kitchen windowsill where the plants mostly survive on neglect. It's quiet now, a rare pause in the usual chaos of the house. I spent the evening fiddling with those abstract ideas for the new canvas, but my mind won't settle long enough to really dig in. There’s a sketch with jagged lines scribbled on a napkin somewhere, but finding it feels like a small quest I don’t have the energy to undertake. I keep thinking about how the kids’ laughter feels both like a balm and a relentless tide pulling me away from my own headspace. I crave the solitude that never quite comes, even when they’re asleep. Last night, I caught myself staring out the window, tracing the shapes of the trees against the stars, wondering if I’ll ever get a moment to just be without noise. I suppose this restlessness is part of the process, but it’s exhausting. I wish I could bottle one perfect stretch of peaceful hours to revisit when everything feels scattered. For now, I’ll settle for this quiet lunch break, the hum of the fridge, and a slow, imperfect breath.",4,4,5,4,4,3,"The entry flows well with most thoughts connecting logically, creating a calm yet slightly restless atmosphere. There are a few topic shifts, but each is developed before transitioning, maintaining a coherent narrative. There’s a blend of longing for solitude and acceptance of chaos, integrated smoothly. While mostly clear, there's a hint of scattered energy, reflective of the writer's restlessness, but it concludes with a peaceful moment, providing partial closure."
"The light from my laptop screen casts a pale glow across the cluttered desk where I’m sitting. I keep replaying the conversation I had with him today—the way my words came out too sharp, even though he was just asking a simple question. I know I’ve been on edge with how blurred everything feels between work and home, but that’s no excuse. I wish I could slow down my thoughts enough to explain myself better instead of shutting down or snapping. Sometimes I wonder if he even notices when I’m distant or distracted, if it’s just easier to pretend everything’s fine. I’m tired of feeling like I’m failing at this relationship like I do with so many parts of my life. Maybe tomorrow I’ll try to say something honest before it all piles up again. Right now, I just want to stop feeling so scattered and overwhelmed, even if it’s just for a minute. 😞",5,4,4,5,3,3,"The entry is well-organized with clear semantic flow and connected thoughts. Despite multiple topics like the conversation and personal feelings, transitions are smooth and well-handled. Some contradictions between feelings of failure and hope are acknowledged, showing nuanced thinking. The expression is clear with complete sentences, but the entry concludes without a strong sense of resolution. Overall, it's mostly organized with minor lapses."
"This morning, I caught a glimpse of the sunrise while trying to quickly step outside for some air before my younger sibling’s constant questions started again. It reminded me that the world keeps moving, even if I feel stuck between the family’s demands and my own thoughts. Sitting here on the living room couch now, I’m trying to map out the week ahead but feel overwhelmed by the back-and-forth between schedules. There’s the group project I promised to help with at work, the car’s oil change that’s overdue, and the grocery list my mom keeps reminding me about. I keep double-checking the calendar on my phone, but it never feels like enough. Somehow, family dinners feel rushed, like we’re all waiting to leave the table before another responsibility pulls us away. I suspect I’m overthinking everything—wondering which commitment is most important, questioning if I’m being selfish for wanting more time alone. There’s a part of me hoping for a clear sign, but skepticism creeps in, reminding me that clarity doesn’t come easy around here. I want to believe that balancing all this will get easier, though the constant interruptions make it hard to focus on anything long enough to finish. My anxiety spikes when I think about all the little tasks I’ve left undone, but forcing order feels like trying to catch water with my hands. I just need a moment of space and a way to separate what truly matters from the noise. Hopefully, tomorrow I’ll find a rhythm that doesn’t leave me drained or second-guessing every choice. For now, I’ll try to breathe and remind myself that progress isn’t always obvious.",4,4,3,4,4,4,"The entry is mostly coherent with clear transitions between topics like family, work, and personal introspection, indicating good continuity and topic focus. There are contradictions regarding wanting clarity and feeling overwhelmed, but attempts at integration are present. It shows cognitive clarity with complete expressions and thoughtful insights, though some tension remains unresolved. The entry ends with a reflective tone, providing a sense of partial closure."
"The bus was loud this morning, all the usual chatter and the clunk of the doors made it hard to focus. I kept glancing at my phone but couldn’t get through half the messages before another notification popped up, a mix of class reminders, work shifts I need to confirm, and a slew of family texts about this weekend’s plans. I don’t know how I’m supposed to keep track of all this without dropping something. I meant to call my sister yesterday and sort out who’s picking up the kids but forgot, and now I’m trying to fit it in between reading chapters for my psych class and looking for a better part-time gig. My mind kept jumping from one task to another while I watched the streets blur past—notes for school, grocery shopping lists, and that appointment I need to schedule for the car. It feels like a constant checklist with no end in sight. I didn’t want to bring it up today, but the tension with my parents is still there, probably because I haven’t explained how overloaded I feel. Instead, I just nodded and agreed when they asked if I was managing everything, even though I’m barely holding it together. Hopefully, I’ll figure out a way to make some sense of it all before the next week starts, because this scattered mess isn’t sustainable. I wish I could just pause and catch up, but this bus keeps moving and so does everything else. At least the window shook less than usual, small victories I guess.",3,3,4,3,3,5,"The entry shows moderate continuity with a notable flow of connected thoughts but some jumps between tasks and reflections. Topics are moderately focused; there's a blend of multiple issues but they relate to personal stress management. Contradictions are acknowledged as the writer grapples with managing responsibilities and emotional truths. Cognitive clarity is moderate, as there are some fragmented expressions but generally clear thought lines. The closure is partial, reflecting hope for resolution but not fully closing the narrative."
"I just flopped down on the living room couch after the longest shift and honestly, I'm still feeling a bit tangled up from today. There was this moment when a customer got really snippy over something small, and instead of brushing it off like I usually do, I snapped back a little more than I meant to. It wasn’t even about the thing they were upset about—it just felt like everything was hitting me all at once, you know? Like I'm juggling all these new faces in this city and still trying to find my footing, and then boom, this interaction feels like a test I wasn’t ready for. I hate feeling like that, like I might be burning bridges before I even get a chance to build anything. But on the flip side, maybe being direct is part of who I am, and that’s okay. I’m trying to remind myself that I’m not here to make everyone happy, though it’s hard not to want that when you’re so new somewhere and a bit lonely. I wish I knew how to smooth these rough edges better without losing myself in the process. Honestly, sometimes it feels like the couch is the only place I can just collapse and be totally unfiltered without worrying about what people think. I’m hoping tomorrow will bring a better rhythm, a chance to reset and maybe find those little social connections that don’t feel so exhausting. For now, I’m just going to sit here, sip my tea, and let my brain untangle, even if it takes a while. It’s weird how small moments can spiral into these bigger feelings, but I guess that’s part of figuring things out. I’m tired but not ready to give up, even if everything feels a bit messy right now.",5,5,4,5,4,2,"The journal entry presents a smoothly flowing narrative with topics interconnectedly exploring feelings about a difficult day and self-reflection. Transitions between thoughts are coherent, displaying awareness of the contradictions in being direct vs seeking acceptance, offering some integration. While the unresolved feelings provide partial closure, there's an overall clarity in the articulation, reflecting mostly organized thought with minimal entropy."
"Feeling a bit restless tonight but trying to keep track of everything before the week ends. Spent most of today jumping between client emails and setting up invoices, which is tiring but necessary since the budget is tighter than usual. Noticed I spent more than planned on groceries this week—probably because I grabbed lunch out twice, which I should avoid. I want to start cooking more consistently but it feels like a hassle after working all day. The quiet lunch break was nice though, sitting alone with my sandwich and just watching people walk by gave me a moment to breathe. Still, my thoughts are all over the place, wondering if I’m really making progress or just treading water. I’m trying to remind myself that patience is key, even if growth doesn’t come fast. Sometimes it’s hard to tell if this path as a freelancer is right or just a way to avoid a different kind of routine. Guess it’s normal at this stage to feel uncertain about direction. Might try journaling more regularly to get a clearer sense of what matters. I keep thinking about how to balance between spending cautiously and not stressing over every penny because that itself is a drain. Maybe tomorrow I’ll map out the month’s essentials first thing, that might help calm the noise in my head. For now, time to wind down and get enough rest, even if the future looks a bit undefined right now. 🕰️",4,4,4,4,4,3,"The entry maintains a good flow with clear transitions between reflections on work, personal life, and thoughts about the future. Topics are developed with connections back to the overarching theme of balancing work and personal uncertainty. Contradictions around freelancing and routine are acknowledged, showing nuanced thinking. The expression is clear, with minimal hedging, and it concludes with a sense of winding down for the night, providing narrative closure."
"The parking lot lights flicker a bit tonight, making the asphalt look patchy under the dull glow. I’m here early, hands fumbling with my keys, replaying the morning’s conversation with Jamie. We both spoke over each other, the calendar mix-up for the kids dragging on longer than it should have. It’s frustrating how even with all the reminders and schedules, something always slips through. 

Work’s pressure isn’t helping either. I forgot the special order twice during the morning rush, and there’s a nagging feeling I’m losing my grip. I pride myself on being organized, but today I felt scatterbrained, every detail slipping away. It makes me question if I’m juggling too much, or if I just need to slow down and focus. Maybe a better system could help, but I’m always so restless, jumping ahead before I’ve finished the last task.

I glance at the old coffee shop across the street, the one I sometimes think about opening again someday. For now, I just want to get through tonight without more snafus. The quiet here now won’t last, though. Soon the night crew will arrive, and the rush will begin. I just hope I don’t lose my patience this time.",5,4,4,5,4,3,"The entry displays excellent continuity, with each thought and experience logically connected, creating a smooth narrative flow. The topics are mostly well-focused, with transitions between work, personal frustrations, and future aspirations being developed, though somewhat mixed in tone. Contradictions, like feelings of restlessness versus the need to slow down, are acknowledged and reflect a nuanced inner dialogue. The writer maintains a clear expression with organized thoughts, providing good cognitive clarity. The entry reaches a partial closure with the shift towards anticipation of the night, although some themes remain open-ended."
"Just finished washing the dishes from breakfast and the kitchen still feels cold, even though the morning sun is peeking in through the window. I don’t have much energy today, but I need to sort out the invoices and see which parts I can afford to reorder this week. The last job paid late, and it’s messing with how I plan everything else. I should call Mom, but the thought of hearing her voice breaks something loose inside me, so I keep putting it off. Dad would have been 70 next month, and it’s strange how quiet the house feels without his constant humming while he tinkered in the garage. I caught a glimpse of the old wrench set in the corner, dusty and untouched since everything changed. The coffee’s gone cold, and I’m wondering if I’ll even get out to the market today or just stay here and try to push through the work. It doesn't feel like much of a break when every minute spins with what-ifs and unfinished tasks. Still, there’s some comfort in the predictable routine, even if the weight of everything else is tough to shake off. ☕",4,4,4,4,3,4,"The entry flows well with intentional transitions between thoughts about chores, family, and emotions, showing good continuity and topic focus. Contradiction is recognized in emotions towards calling mom, hinting at awareness and some integration. There is clarity in expression, though the narrative closure is only partial, leaving the day's plans somewhat open-ended."
"The quiet hum of the classroom’s heating system is oddly comforting during this brief lunch break. I’m trying to map out the rest of my week, but the calendar feels overwhelming despite my efforts to stay organized. There are at least three parent meetings, a grading deadline looming on Friday, and I still haven’t finished planning the unit for next month. Sometimes, being methodical helps, but today it just highlights how little time I have. I’ve also been meaning to reach out to some neighbors or colleagues to start building a social circle here, but it always slips when work consumes so much mental bandwidth. It’s like I’m juggling priorities on a tightrope without a net. I told myself that moving to this new city would be a fresh start, yet the busy schedule makes it hard to feel grounded. I want to be present and effective in the classroom but also want some breathing room after hours. Tonight, I’ll focus on finalizing the lesson plans and maybe prepare a grocery list to avoid multiple trips during the week. It might sound mundane, but small wins like that help control anxiety better than I expected. The feeling that everything is half-done nags quietly at the back of my mind, but I’m managing to keep it from growing too loud. Tomorrow, I’ll prioritize a bit more strictly. Hopefully, easing one area will create space to tackle small social goals. For now, I’m taking a few deep breaths, reminding myself that good planning is my ally and that it’s okay if not everything is perfect immediately. 📚",5,5,5,5,5,1,"The entry is well-structured with clear thematic focus on managing time and balancing work-life demands. The writer smoothly transitions between related topics, integrating work obligations and personal reflections without fragmentation. Contradictions like wanting to be both effective and having breathing room are acknowledged and integrated into a coherent narrative, offering insight into the writer's thought process. The narrative concludes with a reflective resolution, giving a complete and organized account of the writer's mental state."
"Had to shuffle the schedule again today just to fit in those extra parts the customer requested last minute. It threw off the whole morning and left me juggling between work orders and phone calls. The desk by the window, usually my spot to plan out tasks, was cluttered with receipts and notes I didn’t get around to filing. I kept glancing at the clock, feeling like time was slipping through my fingers. There's that stack of oil filters and air cleaners I meant to organize last week; still sitting there, staring back at me.

Even though I wrapped up the engine tune-up and brake check, there’s this nagging list of small fixes I keep postponing. Sometimes I wonder if I’m trying to do too much on my own. At the same time, the quiet routine of the shop calms me, even when it’s overwhelming. Just need to find a way to untangle this knot of tasks without dropping anything important. Maybe tomorrow, I’ll carve out an hour just for sorting paperwork. For now, the afternoon light fading through the blinds reminds me that rest is overdue.",5,5,5,5,5,1,"The journal entry maintains excellent continuity, moving logically from one thought to the next without losing the thread. It has a clear focus on work tasks and reflections on the author's ability to manage them. While internal contradictions are present (overwhelmed yet calmed by routine), they are well-integrated and acknowledged. Clarity is maintained throughout, with complete sentences and coherent expression. The entry concludes with a reflective sense of closure, encapsulating the day's events and future intentions."
"This morning I barely had time to pour my coffee before the client call started, and naturally, the Wi-Fi dropped right in the middle of it. Felt like the universe was mocking me, especially with my budget this tight. Now, during this quiet lunch break, I’m trying to map out expenses again because every dollar counts. It’s exhausting to keep tabs on everything, but if I don’t, the stress just multiplies. I thought maybe I could swing a quick meet-up with a friend tonight to break the tension, but honestly, the thought of small talk right now just feels like another chore. I’m worried about coming off as snippy or distant, which would make things worse. The company’s growth is slower than I want, and every delayed invoice feels like a personal failure. Planning feels wasted sometimes because the unexpected always shows up to ruin the schedule. I have a meeting with the developer later, and I want to be assertive but not overbearing — it’s a fine line that’s hard to walk when you’re anxious and rushed. I’m also thinking I need to cut back on some services to save money, but it feels like admitting defeat. I don’t really have time to relax or even think clearly, and my brain’s running on autopilot trying to juggle all these tasks. If I could, I’d just trade this chaos for a few hours of peace. Tonight, I’ll probably stick to leftovers and skip the expense of eating out. Small wins, right? Still, it might be the safest move to keep some sanity intact.",4,4,4,4,3,3,"The entry exhibits good continuity as thoughts flow logically from one event to the next, with intentional transitions between personal experiences and reflections. Topics like financial stress, work challenges, and social interactions are clearly compartmentalized and developed, although some introspective contradictions are acknowledged and partially resolved. The expression is clear, with some slight hedging, but mostly decisive language. The entry ends with a partial sense of narrative closure, discussing future plans without fully resolving the ongoing stress."
"Had to double-check the calendar again this morning before the kids woke up. Coordinating who has them and when feels like walking a tightrope sometimes, especially when the small stuff turns into big misunderstandings. Yesterday's text exchange still bugs me. I thought I was clear about dropping them off at 3, but somehow that got twisted into a late pickup on my end. Was she really upset or just tired? Sometimes I spiral, thinking I'm messing this up and wondering if it’s something I said or didn’t say right.

I sat at the bedroom desk with the sunlight creeping in, trying to sort out what to say next time without sounding defensive. I want to fix this, not fuel the tension more. It’s tricky because I care about making things smooth for the kids, but also want my side heard. Maybe I’m reading too much into the silence that followed my last message. Still, I don’t want to ignore how it felt. I guess I’ll try again today, keep it simple and factual. Maybe a call instead of texts. Hoping that breaks the loop of misread intentions. ☕️",4,4,4,4,4,3,"The journal entry is mostly connected with a focus on coordinating children's schedules and managing communication misunderstandings. The writer transitions smoothly between reflections on past interactions and future plans, maintaining coherence. Contradictory feelings about communication are acknowledged and partially integrated, with potential solutions considered. The narrative concludes with a plan to attempt resolution, offering a sense of closure."
"The sound of my pen scratching against this page is the only thing cutting through the quiet of this lunch break. My mind keeps jumping between the line edits I need to finish revising for tomorrow’s deadline and the unpacked boxes in the corner of my apartment that clutter the floor like a puzzle I can’t quite solve yet. I started a to-do list this morning but it feels like every time I cross something off, three more things appear on it. I have emails to answer, an outline that needs reshaping, and I still haven't booked that doctor’s appointment that’s been on my mind for weeks. On top of that, the new neighborhood feels foreign every time I leave my building — nothing feels settled, not the streets, not the coffee spots, not my routines. I keep telling myself I’ll feel grounded once this first week of deadlines passes, but right now it’s hard to imagine what that looks like. I’m restless, needing to be productive but stuck in this scattered state where my brain feels a bit like a browser with a dozen tabs open and none of them loading fully. I want to focus, to write clean, sharp sentences that don’t need endless revisions, but the distractions and this restless energy keep pulling me away. Maybe once I get back home I can prioritize unpacking just one box, or make a real meal instead of reheating something. For now, I’ll take this moment of calm, listen to the hum of the city outside, and try to breathe through the clutter in my head. The pressure is there, but so is the possibility that it’ll ease when I can finally get some order in place. It’s just frustrating to work towards that when everything still feels so chaotic.",3,3,4,3,4,5,"The entry exhibits moderate continuity; the writer transitions between tasks like work and unpacking with moderate clarity but with noticeable fragmentation in expressing scattered states. Topics are moderately focused, with some overlap between different responsibilities and feelings of restlessness. Contradictions are well integrated, with a clear acknowledgment of chaos vs. the desire for focus. Cognitive clarity is mixed due to the scattered expression of multiple concerns. The narrative reaches partial closure by expressing hope for future order amidst current chaos."
"Just kicked off my shoes and collapsed on the living room couch after a long day at the store. The new neighborhood still feels like a maze and nothing feels quite mine yet. Work was nonstop today, too many customers and all the pressure to hit numbers climbing in my head. I kept checking my watch, anxious for the shift to end but somehow the minutes dragged slower than usual. It’s weird how being around people all day makes me crave silence but also sparks this restless energy inside I can’t shake.

I caught myself staring out the window, thinking how different it is from my old place. No familiar streets, no quick runs to the corner store I knew by heart. I miss that sense of grounding. But pushing through this unsettled feeling, I reminded myself that it’s okay to feel off balance for a bit. Maybe tomorrow will be easier. I just want to breathe without feeling like everything’s rushing at once. 🌿",5,4,5,5,4,2,"The entry displays excellent continuity with smoothly flowing thoughts and clear transitions between the work-related stress and personal reflections on the new neighborhood. It has a good focus, clearly delineating between work stress and personal adjustment, with some interwoven reflections. Contradictions, such as feeling both restless and craving silence, are insightfully acknowledged and integrated. Cognitive clarity is strong with well-formed sentences and decisive language. The narrative concludes meaningfully with a reflective statement, though not fully resolved, indicating a low level of mental entropy overall."
"Woke up earlier than planned and now I’m standing in the kitchen staring at the coffee maker like if I wait long enough it’ll handle the rest of the day for me. My brain feels like a browser with a hundred tabs open, none of them loading properly. I keep checking my calendar but the tasks just multiply. I need to email that client about the edits, prep my lecture notes for Friday, and somehow squeeze in grocery shopping before the store closes. Oh, and there’s the freelance invoice I promised to send last week, still sitting in my drafts. I can’t remember the last time I ate a proper meal, maybe yesterday afternoon? Or was it the day before? The rest of the apartment looks like a cyclone passed through; laundry is piled on the couch, dishes in the sink, and I haven’t touched the plants, which are definitely suffering at this point. My phone keeps buzzing with reminders and little flags I set for myself but answering means dropping something else. I want to be kind to myself but it’s so easy to get frustrated when nothing fits together. I’m trying to chunk time, even set alarms to move on to the next thing, but it feels like I’m running in circles. I wish I could just pause and breathe without checking my messages first. Maybe if I finish this coffee, I’ll get a tiny bit of focus back. One thing at a time, right? ☕",3,2,2,3,2,6,"The entry exhibits moderate continuity with some flow but notable breaks and loses thread at times. The focus on topics is scattered, with multiple issues mentioned without clear development or boundaries. Contradictory feelings about self-kindness and frustration are acknowledged but not integrated. Clarity is moderate with some fragments and indirect language. The entry trails off without resolution, indicating partial closure."
"Tonight in the parking lot, I found myself replaying how I forgot to ask the supplier about the transmission parts for Mr. Daniels’ car. It’s frustrating because even small slip-ups can slow everything down, and I’m already feeling the pressure with Mom needing more help at home. Sometimes I wonder if I’m spreading myself too thin, juggling work and caregiving. There’s not much room for error when you’re the only mechanic in the shop and the only son at home. I’ve got some ideas to organize my schedule better, but I keep second-guessing if they’ll actually help.

I tried to focus on what I can do instead of what I missed. Tomorrow’s wrenching session will be long, probably a 12-hour grind, so I want to plan meals ahead so Mom isn’t left waiting or worrying. These late nights leave me restless, thinking through every detail, but I remind myself it’s okay to not be perfect all the time. Maybe I just need to accept that I’m doing all I can and that’s enough for now. At least the cold air and quiet here give me a second to reset before the day starts again.",5,4,4,4,5,3,"The journal entry maintains excellent continuity with thoughts flowing smoothly from one to the next, reflecting on work and home responsibilities. Topics are well-focused, although the transitions between work and personal reflections could be clearer. Contradictions are acknowledged and partially integrated, showing awareness of internal conflicts. The writing is clear with complete sentences, and the narrative ends on a reflective note, providing a sense of closure. Overall, the entry is mostly organized with only minor lapses."
"I spent most of today juggling client requests and trying to track down paperwork for an unexpected tax deadline next week. It feels like every time I finally sit down to focus, something else spills over—emails, invoices, scheduling conflicts. Around dinner, I had a conversation with Alex that’s still sitting heavy with me. We were trying to coordinate our plans for the upcoming weekend, but I think the stress on both sides made us a little sharp. I said something about needing space that came off colder than I intended, and Alex pulled back right away. I’m not sure if I explained myself well or if it even mattered in that moment. It’s hard to tell whether I’m overthinking the tone or if the pace of everything is just eroding our patience. Sometimes I hope that talking through these small misunderstandings will remind us how much we actually want to connect, despite all the pressure. But sometimes I wonder if I’m just running out of energy. Tonight, after everything quieted down, I replayed the interaction and tried to forecast what to do differently next time. I’m tired, honestly, and the unpredictability of freelance work isn’t helping, but I want to believe this is fixable. Maybe sleep will clear my head.",5,4,4,5,4,2,"The entry maintains excellent continuity, with thoughts flowing logically from one topic to another. There's good topic focus with a clear dichotomy between work stress and personal relationship issues. Contradictions are acknowledged and partially integrated, reflecting nuanced thinking about stress and relationships. Cognitive clarity is high, with clear, well-formed sentences. The entry achieves partial closure, with the author expressing hope for resolution and future action."
"The quiet hum of the air conditioner is oddly soothing during this rare moment alone at home. Late last night I was wrestling with ideas for my next piece, but my thoughts jumped all over the place, probably because I kept trying to juggle family stuff and deadlines at once. I really want to capture something meaningful, but every time I sit down to write, there’s a barrage of little tasks that pull me away—like reminding my brother about his appointment or sorting out dinner plans. It’s frustrating but also a bit familiar, this constant back-and-forth. I hope I’m patient enough to let the words come naturally rather than forcing them. Maybe when I get a moment of true privacy, the scattered ideas will settle into something clearer. I keep telling myself there’s optimism in the chaos, even if it feels overwhelming now. Hopefully, this break is enough to recharge so I can face the afternoon with less noise in my head. At least the light through the window is soft and calm, reminding me to breathe and not rush everything all at once.",5,5,5,4,4,2,"The entry presents a clear flow of thoughts with smooth transitions between topics of writing struggles, household tasks, and personal reflections. Each topic is well-developed, and the writer acknowledges their internal conflict about creating amid distractions, integrating this self-awareness into the narrative. Although there are mild indications of cognitive load in the mention of scattered ideas, the expression remains largely coherent. The ending provides closure by reflecting on the calming environment, though slightly open-ended, it feels intentional."
"This morning, I briefly caught myself smiling during a call with someone new, which felt strange given everything going on. Now, during this quiet lunch break, I’m stuck replaying bits of that conversation, wondering if I came across as too eager or maybe just awkward. It’s hard to tell where this new relationship is headed, and I can’t decide whether that uncertainty is exciting or just another weight on my already full plate. Work has been relentless, and every time I try to focus, my mind drifts to texts I haven’t replied to or plans that might not even materialize. I’m supposed to be building something solid, both in my company and maybe in my personal life, but it all feels tangled. The pressure doesn’t lessen when I remind myself that it’s normal not to have all the answers right now. Still, I can’t help feeling like I’m running behind on everything important, including learning how to navigate this new connection without accidentally setting myself up for disappointment. I want to be present, but it’s like the noise in my head drowns out the moment. Maybe this pause is necessary, even if it’s uncomfortable. I just wish I wasn’t so tired of second-guessing every interaction.",4,4,4,4,4,4,"The entry presents a mostly organized narrative with clear links between thoughts about personal life and work pressures. Topics such as new relationships and work are developed with satisfactory transitions. Contradictions are acknowledged and moderately integrated, displaying nuanced thinking. The expression is mostly clear with some hedging. The entry concludes with a reflective closure, tying up the narrative with an insightful pause."
"The early morning light filtering through the kitchen window makes the space feel quieter than usual. I brewed a cup of coffee while listening to the faint hum of the refrigerator and the occasional chirp of a bird outside. Despite the calm, my thoughts are racing about the conversation I had with my partner last night. We tried to address some communication issues we've been facing, but I keep replaying the moments where I felt misunderstood or maybe too defensive. It’s hard not to doubt whether I’m expressing myself clearly or just overanalyzing everything. I should remind myself that progress takes time and neither of us is perfect. At work, I have a new feature to develop today, and I’m trying to map out the steps logically before diving in. My usual methodical approach feels a bit shaky when my mind is cluttered with personal stuff. Yet, I’m hopeful that sorting out the technical tasks will help me regain some control. I want to stay organized but not rigid—or maybe that’s the skeptical part of me trying to keep expectations realistic. I’ll probably take a short walk after lunch to clear my head. Maybe that will help break the cycle of anxious thoughts. For now, I need to focus on one thing at a time and accept that some uncertainty is just part of trying to improve, in both work and life. ☕",5,5,4,5,5,2,"The entry smoothly transitions between morning reflections, relationship issues, and work-related tasks, demonstrating excellent continuity and topic focus. The writer integrates contradictions well, acknowledging the tension between personal and professional aspects without getting stuck. Clarity is high, with well-formed sentences and expressions. The entry concludes with a resolution to focus on one issue at a time, providing full narrative closure."
"Last night I tried to get some quiet after the argument with Sarah, but the house was loud and everyone seemed to need something at once. I ended up sitting out in the parking lot, just watching the cars go by, trying to sort through the words we said before my shift started. It’s hard to find a moment that feels entirely mine when the apartment is full and the schedules overlap like tangled wires.

Now I’m here early, checking my phone and thinking about the day ahead. I need to remember to pick up the dry cleaning on the way home, and there’s still that email I haven’t sent about the supply order. Sarah wanted to talk more this morning, but I wasn’t ready. Hopefully, tonight will be better. I hate that we’re snapping at each other when there’s so much else to handle. Feels like I’m always juggling and missing half the details — maybe if I get through today without messing something up, it’ll calm down.",4,4,3,4,3,4,"The entry maintains good continuity with thoughts connecting smoothly, moving from a personal reflection to tasks ahead. The focus is clear with identifiable themes about personal tension and tasks, though transitions are not always seamless. Contradictions in feeling overloaded and managing responsibilities are acknowledged but not fully reconciled. Cognitive clarity is strong, with mostly complete sentences and few distractions. Narrative closure is partial, as some issues are left open but there is an implicit plan to address them later."
"Just cleared the dinner dishes and sat back down at the table, trying to calm my mind but it's still racing. The argument earlier with my coworker keeps replaying in my head. I probably should have kept my mouth shut, but I hate feeling like I have no control. It was about that spreadsheet error again, and I know I messed up, but she made it sound worse than it was. I hate how I jump to self-blame immediately. I double-checked the numbers tonight just to be sure, and luckily they match what I reported last week, so maybe it wasn’t as bad as I thought. Still, the tension at work is a drain, especially with me counting every penny at home right now. Budgeting is tight as usual, and I’m worried about what happens if I need to cover any unexpected expenses this month. I tried to zone out watching TV after dinner but couldn’t focus. Maybe I should write down what I owe and what’s coming in to get a better grip. At least I didn’t spend any money tonight, so that’s a small win. Could probably use a walk or something to shake off this restlessness, but it’s late and I have to be up early. I keep second-guessing everything, from work mistakes to whether I’m managing money the right way. I just want a minute to stop feeling on edge. Maybe tomorrow will be less exhausting.",4,4,3,4,3,4,"The entry maintains good continuity as thoughts about work conflict and financial stress are well-connected. Topics are clearly defined and transitions between them are coherent, albeit slightly blended. Some contradictions in self-assessment are present, with attempts to reconcile these being partial. Cognitive clarity remains high, with articulate expression and minimal hedging. The entry reaches partial closure, presenting ongoing concerns but hinting at future resolve (tomorrow)."
"The kitchen was colder than usual when I woke up, probably because the heater had shut off in the night. I managed to make coffee without much trouble, though the new French press isn't as easy to use as I thought it would be. My partner had already left for work, and the quiet was a bit oppressive, even if I usually like the stillness in the early hours. I wanted to sketch something but kept looking out the window instead, watching the light change on the empty street. There’s a peculiar calm in that moment that feels both lonely and a little hopeful.

Work feels like a jumble right now; I keep flipping between ideas for the new series and the conversations we had last night about how we communicate. It’s hard to find the right words or timing sometimes, and I noticed mid-discussion how restless I felt, like I was just waiting to say something more important. Maybe that’s why I wasn’t really present. I’m trying to focus on improving that, but it’s a slow process. For now, I’ll just organize my paints and papers, make a simple plan for the day, and see how it goes. Hopefully, the restlessness will settle once I start moving around more.",4,4,3,4,4,4,"The entry shows mostly coherent thought with clear transitions between the home setting and reflections on work and personal issues. The writer acknowledges the conflict in communication but doesn't fully resolve it, indicating partial integration. Despite the mix of personal and work-related topics, each is distinctly developed. The writing maintains good cognitive clarity with little evidence of fragmentation, and the entry concludes with a plan to address restlessness, lending a sense of closure."
"Earlier today, when the day was just beginning, I caught a glimpse of the schedule pinned to the bulletin board at work. It looked like a bad joke—double shifts lined up next to classes I still have to cram for this week. I laughed to myself, dry as always, thinking how somehow I signed up for this circus. Now, walking around the block tonight, the cool air barely cuts through the tight knot in my stomach. The streetlights are flickering badly, just like my patience.

I keep reviewing the list in my head, ticking off things that keep piling up: approving time sheets before tomorrow, sorting out that mess with the night crew, and somehow squeezing in reading for the midterm on Friday. It feels like my calendar is a game of Tetris, pieces falling faster than I can place them. The family stuff waits for me too, unchecked emails from the school, text reminders about the dentist appointment for next week that I promised to confirm. At least the walk clears the noise a bit, but by the time I get back, it’s just more papers and screens to stare at. The hope is that all this juggling will look better in hindsight, but the weight of it all keeps me on edge. Maybe tomorrow I’ll laugh about it again, or maybe I’ll just keep pretending I’m not a mess.",3,3,4,3,3,5,"The journal entry presents a moderately organized depiction of current stressors, with a focus on work and academic pressures interspersed with family obligations. While there is some flow, the transitions between topics can feel a bit abrupt and the narrative returns to earlier points without clear closure. There's a nuanced acknowledgment of internal contradictions, though some thoughts remain unresolved, reflecting a somewhat disorganized inner narrative."
"I feel pretty overwhelmed right now after walking around the block to clear my head. The conversation with my new partner earlier today didn’t go as smoothly as I hoped. I wanted to be patient and listen, but some of the things they said caught me off guard, and I found myself getting frustrated. It’s hard not knowing where this relationship is headed, especially when I care about them but also feel unsure about some boundaries.

Being a teacher means I’m used to managing lots of emotions and expectations, but this feels different. It’s more personal, and I’m less experienced at handling the uncertainty. I wish I could just sit down with them calmly and talk things through without feeling like I’m walking on eggshells. Part of me wants to just slow everything down and take a step back, but I also don’t want to lose what might be something important.

This walk helped me breathe a little, even if the thoughts are still tangled up. I noticed the way the light hit the leaves, and that little detail made me smile for a moment. Maybe that’s enough for today.",4,4,3,4,4,4,"The entry maintains a good flow, with coherent transitions between thoughts about the relationship and personal emotions, reflecting moderate mental organization. Topics are well-developed, particularly regarding feelings towards the relationship and coping strategies. Contradictions are partially acknowledged with some awareness but lack full integration. The entry concludes with a sense of partial closure, capturing a subtle resolution."
"Feeling a bit rushed this morning but everything's moving along. Started the day early, chopping vegetables for the lunch rush while the coffee was brewing. The kitchen smells like garlic and fresh herbs, which always helps me focus even when there’s a million things to do. I noticed the light coming through the window hitting the pots just right, a small moment before the chaos begins.

I had to rearrange the prep station twice as orders started pouring in faster than expected. Managed to get the sauces simmering and the oven going for the special—the customers really like that one, so it’s worth the extra effort. I grabbed a quick bite between tasks, barely tasting it, but it kept me going. By mid-morning, the rhythm of the kitchen felt a little smoother, and that always gives me a quiet sense of satisfaction despite the rush. Hoping to finish the day with some leftover quiet once everything settles down.",5,5,5,5,4,1,"The entry provides a smooth, coherent description of a typical workday, with clear transitions between tasks. The writer organizes thoughts around the progression of the day, showing clear focus and structure. There are no contradictions present, leading to integrated content. Expression is confident and decisive, maintaining cognitive clarity throughout. While there is a slight openness in the ending about the day winding down, it still feels intentional and complete."
"I spent most of today trying to coordinate schedules between my work tasks and the tentative plans with him. It feels like every time I settle into one thing, another pops up demanding immediate attention. After dinner, when we sat at the table talking, I noticed how much my mind wandered even while he was sharing something personal. There’s a part of me wanting to be fully present, but the relentless to-do list in the back of my head keeps pulling focus.

He mentioned something about meeting again soon, but didn’t specify when. That uncertainty nags at me because I’m not sure where this relationship is headed. I want clarity but also don’t want to rush or push. It’s a delicate balance, and I’m not sure I’m managing it well.

The night feels both full and empty, like I’m waiting for something to settle or reveal itself. Maybe it’s just the restless energy I can’t shake. Either way, I need a better way to juggle all this without losing sight of what matters.",4,3,4,4,3,4,"The journal entry transitions smoothly between thoughts related to work, personal relationships, and self-reflection, with a mostly coherent narrative. Topics are moderately organized, but the shift in focus from daily activities to personal concerns has a slight wandering sense. The writer acknowledges the tension between wanting clarity and avoiding pressure, showing good awareness of contradictions. Expression is clear with well-formed sentences, though the narrative ends with an unresolved feeling of waiting."
"The leftover scent of garlic from dinner still lingers in the air around the table where I’m sitting now, and it’s strange how that small, almost annoying detail grounds me tonight. I felt overwhelmed today, mostly at work but it spilled over into everything else. Trying to focus on code while my mind kept jumping to things I forgot to do earlier in the day was exhausting. Then at dinner, we had a long talk that caught me off guard—about how I don’t always say what I really mean, which isn’t news but hearing it again hit differently. I want to be better at this communication thing, not just repeat the same patterns, but it feels harder than I thought. I didn’t expect to get emotional, but I guess I did, even if I tried not to show it. It’s weird how I can be scatterbrained and spontaneous but still feel stuck when it comes to being open with someone I care about. After we cleared the plates, I just sat there quietly for a while, trying to organize my thoughts but they wouldn’t settle. Eventually, I told myself it’s okay to feel like this, even if it’s messy and uncomfortable. I’m tired, but also a little relieved to face it instead of pushing it away. I don’t know what tomorrow will bring, but I want to remember this moment, the mix of frustration and hope, and maybe use it to actually change something. Maybe it starts with just saying what I really mean, no filters. That's easier said than done but probably worth the struggle.",4,4,4,4,4,3,"The journal entry maintains good continuity with thoughts flowing logically from dinner to reflections on work and communication. Topics are focused and developed before shifting, creating a cohesive narrative. Contradictions in feelings are acknowledged, showcasing partial integration with an attempt to reconcile them. The writing is clear with minimal hedging or fragmentation, and the entry concludes with a sense of understanding and purpose. Overall, the entry is mostly organized with some emotional complexity."
"I remember this afternoon when I accidentally sent that half-finished message to him, the one where I was trying to explain why I got so frustrated about the code review but just ended up sounding defensive and kind of harsh. I could almost hear the tightness in his voice when he replied, and now it's late, and I keep replaying every word we exchanged. What if I really misunderstood what he was trying to say or he misread my tone? It’s like this loop where I want to fix it but also don’t want to make it worse by over-explaining. I’ve been juggling so many deadlines at work, and the pressure’s making everything feel ten times heavier, even the simple parts of our conversation. Sometimes I think my brain just shorts out and throws everything in a jumble. I wish I could just say things clearly, you know? No distractions, no sudden panic. But all I’m left with now is this restless energy and a cup of cold coffee that I forgot to finish because I got sucked into scrolling through bugs and pull requests. I want to wake up tomorrow and just start fresh, maybe even talk about this openly without feeling like I’m walking on eggshells. It’s exhausting trying to balance being spontaneous with being careful about feelings. I hope he sees past my scattered words and knows I’m really trying, even when it doesn't come out right.",3,3,3,3,3,5,"The entry has moderate continuity with some coherent thoughts but also notable shifts and loops, particularly around the interaction with him and related work stress. Topics such as the conversation, work pressure, and desire for clarity are identifiable but transitions are somewhat messy, leading to moderate focus. There is awareness of internal contradictions but limited integration. Cognitive clarity is average with few fragments and some hedging. The narrative achieves partial closure as it expresses both ongoing concerns and intentions, but ends in a somewhat unresolved state."
"The couch feels lumpy tonight, like it's trying to remind me it's as worn out as I am. The apartment is quiet except for the occasional creak of the floorboards, which somehow makes the silence feel heavier. I’m trying to sort through the jumble of plans and responsibilities swirling in my head, but everything blurs together: work deadlines, school runs, meal prep, and those tiny moments when I manage to just breathe without the clock pushing me forward.

Sometimes I wonder who I’m really doing all this for, or if I’m just playing a part in some endless routine. I mean, am I still the person I imagined a decade ago or just a shadow shaped by everyone else's expectations? It hits me in these quiet pockets, this feeling of being restless but stuck. Maybe it’s normal to feel so uncertain when you’re juggling so much and sharing space with others whose needs pull you in different directions. I’m tired and skeptical about the future but holding onto a small hope that tomorrow won’t be the same kind of chaos. At least not entirely. ☕",4,4,4,4,4,3,"The entry shows good continuity with smooth transitions between reflecting on the physical discomfort and emotional introspection. There is a clear focus as the writer explores feelings of weariness and identity within routine with identifiable themes. Contradictions are acknowledged and partially resolved within a coherent narrative. The cognitive clarity is high, with clear expression and minimal fragmenting. The closure feels intentional, suggesting contemplation along with a glimmer of hope, rounding out the reflection with a sense of unresolved yet understood complexity."
"I felt restless during my walk around the block today, trying to shake off the nagging thoughts about the argument I had with Jamie last night. We barely scratched the surface on what really went wrong, yet I keep replaying his words, wondering if I was too defensive or just not clear enough. Sometimes I wish I could just say exactly how I feel without it turning into a fight. It’s frustrating because I really want to understand where he's coming from, but the more I try, the more distant he seems to become.

The quiet streets helped a bit, the evening air was cool and smelled faintly of rain, but even that didn’t stop the loop of questions running through my mind. Maybe I’m overthinking it, or maybe I’m just not good at showing my vulnerabilities. I don’t know if a simple apology would fix this or if it’s something deeper. I just wish things felt easier, like we could talk without the weight hanging over us. For now, I’m left with that restless feeling and a hope that time or conversation will clear the air soon.",4,4,3,4,4,4,"The journal entry maintains a coherent line of thought centered on the argument and the writer's emotional response, showing good continuity. Topics are well-organized without significant fragmentation. There is some awareness of contradictions but partial integration, as the writer acknowledges emotional struggles but does not fully resolve them. Overall, the writing is clear, with a sense of expressed hope giving a degree of closure to the entry."
"Last night, while walking around the block after everyone was asleep, I caught myself replaying the conversation with my sister from earlier that day. It wasn’t anything surprising but there was this moment when she asked about Dad’s last wishes and I realized I had no clear answer. It felt like a weight pressing down harder than I wanted to admit. Between the noise of the street and the quiet in my head, I found it hard to line up my thoughts, like they were all scattered puzzle pieces I couldn’t quite fit together.

I’m usually the one helping others sort through their messier feelings, but trying to do that for myself in something so close to home feels almost impossible. I want to be optimistic about what Dad would want, focusing on gratitude or acceptance, but the grief sits stubbornly on my chest. Maybe that’s why I kept turning the same thought over and over as I walked, hoping to land on some clarity, some peace. Instead, it was more like a slow unraveling with moments of cold air and the faint sound of a car door slamming. I’ll try again tomorrow, maybe with a little more patience and less expectation.",4,4,3,4,4,3,"The journal entry is mostly coherent with clear connections between sentences, demonstrating good continuity. The topics of grief, reflection, and walking are well integrated, although there are minor lapses in integrating contradictions regarding feeling helpful vs helpless. The entry maintains cognitive clarity with complete sentences and limited restarts. It concludes with a sense of partial closure, hinting at continued introspection. Overall, it presents as mostly organized with some unresolved elements."
"I forgot to call the tax office today, which honestly throws off my entire plan for the week. I was trying to walk around the block tonight to clear my head but ended up running through a bunch of things I still have to juggle at work and home. My roommate had to leave earlier than usual, so I’m stuck figuring out dinner without any of the usual back-and-forth that makes it easier to coordinate. The streetlights were flickering on as I passed the park bench where I sometimes sit when it’s warmer. I tried to remind myself that it’s okay to be behind sometimes, though I know the deadlines won’t wait. I spotted a couple of joggers and thought about how their routine probably helps more with mental clutter than my scattered notes ever do. I keep telling myself that things will settle once I get through this busy stretch and the quarterly reports are done, but that optimism seems just a little far off at the moment. It’s tricky balancing the optimism with the anxious humming in the back of my mind about everything that’s pending. I’m making a list tomorrow morning, one that’s actually detailed instead of just fragments on scattered paper. Also need to figure out if I can squeeze in some time for exercise; I’m hoping the walk tonight counts for something. It’s strange to feel this unsettled but also keep pushing forward, like a tug-of-war inside. I’m thankful the apartment isn’t too noisy when I get back, even if sharing space means I have less control over the schedule. I don’t think I’m overthinking everything, just managing layers of what-ifs while trying to focus on the present. A little routine might help, but for now, I’m just trying to keep track of the next steps without losing sight of what I want out of all this chaos.",4,4,4,4,4,4,"The journal entry displays good continuity and topic focus, with thoughts generally connected and flowing logically. There are several transitions between topics, such as work, personal life, and routines, but each is developed coherently. The writer acknowledges conflicts between optimism and anxiety, showing good contradiction integration. Expression is clear with minor hesitations, and the entry ends with a sense of partial closure, touching on current challenges and plans."
"The day started with me struggling to organize my notes for the new chapter. Sitting on the living room couch, I kept getting distracted by the unfamiliar sounds outside, which only reminded me how ungrounded I feel in this new place. I tried making coffee twice, but it didn’t help clear the fog in my brain. My fingers fumbled over the keyboard more times than I can count, and the words just didn’t line up like they usually do. 

There was a moment this afternoon when I glanced out the window and saw a small group of kids playing on the sidewalk, laughing loudly and without worry. Something about that reminded me I’m missing a sense of ease here, like I’m still holding my breath waiting for things to settle. The unease creeps in, especially when I remind myself that deadlines are looming and I haven’t made much progress. I felt overwhelmed, not just by work but by the whole shift in my life and how suddenly everything feels temporary.

Still, I want to hold onto my curiosity even if it’s buried beneath all this pressure. I noticed the light falling just right on the books stacked next to me, and it sparked a tiny thought about a new story angle. Maybe tomorrow I can start there. For now, I’ll just sit with this feeling, try to accept the chaos, and hope that a little order finds me soon.",5,5,4,4,4,3,"The journal entry is well-organized with smooth transitions between related thoughts, maintaining excellent continuity and focus. Contradictions regarding unease and settling into a new place are acknowledged and partially integrated. The expression is mostly clear with minimal cognitive load indicators. It concludes with a sense of closure, expressing hope and a specific intention for the future."
"I felt a little unsettled after our Zoom call this afternoon. I thought I had conveyed my concerns clearly, but there was this moment when the tone shifted, and I wasn’t sure if it was frustration or just tiredness on their end. It’s hard working remotely when you miss those subtle cues, like body language or the kind of sighs you don’t hear over a headset. Instead, I found myself replaying what I said and wondering if something came off wrong or if I misunderstood their reaction entirely. I keep going back to the part where I suggested a small change in the data collection process. Maybe it seemed like I was questioning their approach too much? I really wanted to be collaborative but also helpful. I guess I didn’t get the chance to explain why I thought it could improve things, so it might have sounded more like a critique. I’m hesitant to bring it up again soon because I don’t want to seem pushy or defensive. Maybe I’m overthinking, but that kind of uncertainty lingers and makes me anxious. On the other hand, the rest of the day was productive, and I managed to finish most of the paperwork I’ve been avoiding. Trying to focus on that helps keep the anxiety at bay. Still, I wish I knew how to read these virtual conversations better and be more certain about where I stand. I’m hoping tomorrow’s meeting will be smoother or at least clearer. For now, I’m just going to make some tea and try to let go of these swirling thoughts before dinner.",4,4,4,4,4,3,"The entry maintains good continuity and topic focus, mainly discussing the Zoom call and its repercussions, with a slight shift towards daily productivity. Contradictions are well integrated as the writer acknowledges their anxiety and attempts to focus on positive aspects. Cognitive clarity is high, with only occasional hedging. The narrative closure is good, ending on a hopeful note. Overall, the entry is mostly organized with a few minor lapses."
"The kitchen is quiet except for the faint hum of the fridge and the occasional clink of a spoon against the mug. I thought this morning would feel different, maybe calmer, but instead there’s this tightness in my chest that won’t go away. I tried explaining to my mom last night why I’m so exhausted, both from the startup and from being her main support now, but she just looked at me like I was complaining. Maybe she doesn’t understand how heavy everything feels.

I wonder if I’m too harsh on myself for not doing enough, or if I’m not clear enough about my limits. Sometimes I think I’m supposed to have all the answers already, but I don’t. I want to be honest without making her feel like a burden. Maybe I should try again, find new words. Maybe it’s just the anxiety talking. I’ll make more coffee and sit here a bit longer before the day begins.",5,4,4,5,4,3,"The entry has excellent continuity as it seamlessly reflects on personal feelings and experiences. The focus is mostly good, with a clear theme of introspection on personal limits and relationships. Contradictions are well integrated with awareness of tension between personal expectations and reality. Cognitive clarity is high with clear expression and minimal hedging. The entry reaches a reflective pause, indicating partial closure."
"This afternoon was a nonstop scramble trying to line up everyone’s schedules for the week. I had to switch a couple of my shifts around just so I could be there to pick up the kids from school on Thursday, which means a lot of quick calls and texts back and forth. At one point, my phone almost died, and that would have been a disaster. Now, sitting here late at night, the quiet feels almost too good to be true. I’m trying to map out meals and who’s driving when for the weekend, hoping I haven’t missed anything important. It’s frustrating that coordinating calendars can be so exhausting, but when it works out, it really makes the week smoother. I’m still going over the grocery list in my head, thinking if I forgot anything for tomorrow’s dinner. I just brewed a fresh cup of coffee because I know I'll need it to deal with the morning rush. Somehow, I have to find a little time for myself this weekend, maybe a walk or some reading. Right now, my focus is just on getting through these last few hours without forgetting another thing. Feels like every minute counts when you’ve got so much on your plate. ☕",4,4,5,4,4,3,"The entry maintains good continuity, discussing the day's events smoothly with intentional transitions between related activities. The multiple topics related to scheduling, household chores, and personal time are well-organized, indicating good topic focus. There are no significant contradictions present, and cognitive clarity is strong, with mostly complete sentences and clear expression. The entry concludes with a sense of partial closure, reflecting on the day's efforts and outlining plans for the immediate future."
"The couch cushions are a bit too firm tonight, digging into my back as I try to unwind and sort through the conversation replaying in my head. Earlier, my partner mentioned something about needing more space, which hit me harder than expected because I don’t even know if I’m giving too much or too little. Their tone was calm but the way their words hung in the air made me question if I’m misreading everything—as usual, caught between wanting to clarify and not wanting to seem defensive or clingy. We’ve been working on communication, right? But moments like this make me wonder if it’s just a series of small missteps accumulating silently. I keep turning over the phrase ""more space"" like it’s some kind of riddle, trying to determine whether it’s about physical distance, emotional breathing room, or just a pause from all my anxious over-explanations. Did I miss a sign earlier? Was my last comment too dry, too blunt? I know my humor doesn’t always land the way I intend, especially when anxiety clouds my filter. Yet I’m not sure if bringing it up again tonight would help or just open another round of uncomfortable probing. I want to be direct but not destructive. I guess it’s okay to admit that I don’t have all the answers yet, even if the silence afterward makes me feel like I’m walking a tightrope without a net. For now, I’ll let the quiet settle and remind myself that understanding probably takes more than just good intentions and awkward jokes. Tomorrow is another chance to try again, maybe with less tension and a little more patience from both of us. Maybe that’s the hopeful part I need to hold on to before sleep takes over. ☕",4,4,5,4,5,3,"The journal entry maintains good continuity with a smooth flow from one thought to the next, reflecting on specific interactions with the partner. The focus is primarily on the relationship and communication, with well-delineated subtopics around miscommunication and anxiety. Contradictions are integrated thoughtfully, showcasing awareness and synthesis of feelings. Cognitive clarity is strong with complete expressions and minor hedging. The narrative closure is full, ending on a hopeful and reflective note."
"The steam from my cold coffee rises faintly in the early kitchen light, and I’m already wondering if I messed up that call with Jamie yesterday. We spent ten minutes trying to sync our calendars, but I could tell she was annoyed when I suggested switching the daycare pickup to her day this week. Maybe I was too pushy—I just wanted to get it sorted before the deadline at work, but it felt like I was bulldozing her plans. Or was she just tired? I keep going over what I said, trying to figure out if I was clear enough or just sounded selfish. Sometimes I doubt if I’m balancing this co-parenting thing right at all. I want to be cooperative, but also not let my own life get swallowed up. I should probably bring it up again, but I don’t want to reopen a fight first thing in the morning. Maybe I’ll text her later, something neutral, just to check in without pressure. Still, I can’t shake the feeling she might think I’m not considering her enough. It’s stupid how much weight I put on these small interactions. I guess everyone struggles with this, but it’s frustrating to always feel like I’m one step behind or missing the tone entirely. At least the kitchen’s quiet now, and the day hasn’t started racing yet.",5,4,3,4,4,3,"The entry flows smoothly with a consistent focus on the interaction with Jamie, demonstrating good continuity. The entries move through the topic of co-parenting with clear transitions and reflection, though there is some looping back to uncertainty about perceptions, suggesting partial integration of contradictions. There's a clear expression and focus, with minimal cognitive load signs, and the entry concludes with a reflective closure."
"Just walked around the block. The air was crisp but not quite cold enough to pull my coat tight, which felt kind of weird considering how many little things I’m juggling right now. Boxes still half unpacked, papers and notebooks everywhere, a to-do list that keeps growing even though my brain feels scrambled. I caught myself staring at a cracked sidewalk tile for a good minute, my mind wandering off to some forgotten scene from a book I was writing months ago. The streetlights flickered slightly, making the shadows dance in a way that felt almost comforting, like the city was alive even if I’m not sure I am right now. People passed by, heads down or starring into screens, and I thought about how disconnected I feel even when surrounded by noise and movement. I had a fleeting urge to duck into the old coffee shop down the street, the one with the mismatched chairs and the sign that’s been fading for years. Maybe tomorrow, I told myself. For now, the restless energy is still buzzing in my veins, the same nervous excitement mixed with uncertainty. I want to write something real, something that captures the jumble inside, but the words won’t settle. Until then, the night carries on and I keep walking, one step after another.",4,4,4,4,3,3,"The entry maintains good continuity with thoughtful transitions between observations and reflections, and a clear focus on the immediate experience of a walk and its surrounding thoughts. Contradictions are acknowledged, such as the disconnect between ambition and execution, but not fully resolved. The expression is mostly clear with minor meandering, and the ending leaves some open threads but feels intentional."
"Walked around the block this afternoon to clear my head, even if it was just a quick loop. The sky was partly cloudy, and the breeze felt cool, which was a nice change from the stuffy inside air. I kept noticing little things like the way shadows stretched across the sidewalks and how some houses had new paint, while others looked like they’d been untouched for years. Tried to piece together what I’m feeling about my work lately, but honestly, the thoughts kept jumping around — like I want to push in new directions but also keep some stability. It’s weird how the urge to change mixes with the need to hold onto certain routines. Family noise was faint but present, reminding me privacy here is rare, so moments like this walk are more important than I usually admit.

I thought about the design project deadlines and how I probably need to start organizing better to avoid last-minute chaos. Spontaneity is fun but catching up on details feels urgent. Made a mental note to schedule some focused time tomorrow, hoping no interruptions. Still, it’s hard when my brain is scattered between ideas, tasks, and the little everyday things that pile up. The walk helped a bit, but the jumble of feelings about identity and purpose in my work and life didn’t settle fully. Maybe I’m just overthinking because of the buzz at home. Ended the loop with a quick stretch and a reminder to breathe more often. Feels like that’s the simplest thing to do but hardest to remember.",4,4,4,4,4,3,"The entry features mostly coherent transitions between observing the environment and reflecting on personal thoughts, showing good continuity and topic focus. The writer acknowledges and attempts to integrate the conflict between change and stability, demonstrating good contradiction integration. While there are some scattered thoughts, the cognitive clarity remains mostly intact, and the narrative closure is achieved with a reflective end, giving a sense of completion."
"After dinner tonight, I found myself replaying the brief moment at class when a group project partner dismissed my idea without much thought. It wasn’t just the rejection but how it added to the weight I've been carrying all day. Balancing work hours with studying is like juggling flaming torches, and every little social friction feels magnified. I want to push through, but the logistics of managing schedules, assignments, and job applications leaves me drained.

I'm trying to remind myself that feeling overwhelmed is temporary and that each small step matters. Maybe I need to break tasks down even more or reach out for help more often, though asking feels like admitting weakness. Still, hope lingers—hope that this overload will ease and that the right opportunity will come my way soon. For now, I’ll take a deep breath and try to get some rest before tomorrow’s chaos begins again.",5,5,4,5,5,2,"The entry flows smoothly with well-connected thoughts, showing a cohesive narrative despite discussing multiple aspects of stress. Topics are well-developed and transitions are clear, with good integration of contradictions like feeling overwhelmed but hopeful. It concludes with a reflective resolution, indicating excellent narrative closure. Overall, it is highly organized with minor signs of cognitive load around the conflict of asking for help."
"The kitchen is quiet except for the faint hum of the refrigerator and the occasional clink of my spoon against the mug. Last night was tougher than I expected. We barely talked, and I could feel the distance growing even though we’re in the same apartment. I tried to bring up some things I’ve been holding back, but it felt like he was shutting down, just staring at his phone. I didn't want to push too hard because I’m already stretched thin with work deadlines and trying to meet new people here. The last thing I want is more conflict when everything else feels so overwhelming. I stayed up late sketching some design ideas, hoping to distract myself, but my brain kept circling back to what didn’t get said. This morning, the sunlight coming through the window feels too bright, like it’s exposing the awkward silence between us. I wonder if the stress of moving here and starting everything over is just too much for both of us to handle at once. Maybe I need to be clearer about what I need because keeping quiet hasn’t helped. I want to repair this but in a way that doesn't leave me drained. I’m going to try setting small boundaries today and see if that helps manage the chaos. It’s just hard when everything feels so new and unstable, yet I want to believe we can find a balance. At least the coffee is strong, and the quiet morning gives me a little space to think. Hopefully, tonight will be better or at least less tense. ☕",4,4,4,4,4,3,"The journal entry maintains good continuity, with logical flow between reflections on the relationship and personal stresses. The topic focus is clear, concentrating on relationship and personal challenges with clean transitions. Contradictions are acknowledged and partially integrated, as seen with the recognition of personal needs vs. maintaining relationship harmony. Cognitive clarity is high as thoughts are expressed clearly with minimal hedging. Narrative closure is achieved with a hopeful outlook, though not entirely settled, it feels intentional."
"Walked around the block late last night to clear my head after a long day at work. The sky was overcast, and the streetlights were dim, which somehow helped me focus instead of getting distracted by everything I still needed to do. I kept running through sessions in my mind, thinking about how to better handle some of the clients who have been challenging lately. It feels like there’s always more to learn, but the pressure to keep up with paperwork and prep cuts into that.

I also replayed a few conversations with my partner - something about how we can communicate better without getting stuck in the same arguments. I want to be spontaneous but grounded, not rushing through or avoiding real issues. Still, it’s hard to slow down enough to figure out what to say. I’m hoping a little extra sleep helps because right now, my brain feels too full to think clearly.",4,4,3,4,4,3,"The entry has good continuity with clear transitions between topics of work stress and relationship dynamics. Topics are well-organized and developed before shifting. Some contradictions in the desire to be spontaneous yet grounded exist but are somewhat acknowledged. Clarity is maintained with few fragments, and a decent resolution is provided with the hope for extra sleep aiding clarity of thought."
"Anxious feels like the only thing keeping me company today, even in this cozy corner of the coffee shop where the world seems to slow just a bit. I had a quiet moment during lunch when I got a message from my sibling about Mom's appointment next week. It shook me more than I expected. I didn’t know how to respond and ended up staring at my phone, sipping cold coffee, wishing I had the right words or maybe just the right kind of hope. Sometimes I feel like I’m balancing between being hopeful and bracing for bad news, and it’s exhausting. 

The mix of school deadlines and work projects feels heavier today, maybe because the worry about family sits on top of everything. I caught myself replaying memories with Mom, like last summer when we sat out on the porch long after sunset, not saying much but feeling connected. I wish I could go back to that simplicity, to laugh without the shadow of fear creeping in. But instead, there’s this restless energy within me that won’t settle. I’m trying to hold onto the moment, to remind myself that grief isn’t linear, and maybe all I can do is keep moving forward, one small step at a time.",5,4,4,5,4,3,"The journal entry demonstrates excellent continuity, with thoughts flowing smoothly from one to the next without abrupt breaks. Topic focus is good, with themes of anxiety and family intertwined but clearly developed. Contradictions are acknowledged and partially integrated, particularly the tension between hope and fear. Cognitive clarity is excellent; the thoughts are expressed clearly without hedging or restarts. The entry ends with a reflective note, providing a sense of partial closure."
"The bus is noisy this morning, with people talking over each other and the hum of the engine. I should have left earlier but I’m still trying to sort out the day ahead in my head. The shop called about the parts that didn’t come in yet, so I’m juggling that with the work on Mrs. Kennedy’s car. I need to remember to call back and reschedule her appointment before the day slips away. I’m also thinking about tomorrow’s shifts and if I can squeeze in some time to finally fix my own bike. It feels like every time I plan something, a new task pops up uninvited. I keep turning over conversations from the weekend with my sister, worried I might have said something wrong or missed a chance to clear things up. When the bus stops, I’m reminded of how packed my schedule is and how little time I have to just breathe or think without rushing. I’m hoping after I get home, I can sit down for a bit and list out everything so none of it gets lost. Still, the evening seems far away right now, and the noise around me isn’t letting up yet.",4,4,5,4,4,3,"The journal entry displays good continuity and focus, as it effectively transitions between the noisy bus, work tasks, personal concerns, and reflections on recent conversations. Contradictions are minimal and integrated, as thoughts about mistakes and timeliness coexist without unresolved tension. Clarity is good with complete thoughts and minimal fragments, and the entry concludes with a closing thought about the evening's potential, providing reasonable narrative closure."
"Feeling a bit off today, like my thoughts are all over the place while I walked around the block this afternoon. I tried to focus on the rhythm of my steps, something grounded, but the memories kept intruding. Passing that old maple tree where we used to take the kids after school brought a strange mix of comfort and quiet ache. It’s weird how a simple spot can hold so much weight, the laughter and the small fights all echoing back. I caught myself wondering if the way I handled things was good enough, or if I missed signs that could have changed everything. Sometimes it feels like the time since she’s been gone just shrinks and stretches unpredictably. I noticed how the light hit the pavement differently today, casting longer shadows, and it made me think about how life keeps moving even when you want to freeze certain moments. I suppose that’s the thing that unsettles me most—the inconsistency, not just with work but with the way grief settles in waves. Organizing my thoughts is harder when the house feels emptier, even if I keep busy. The emails and project drafts are waiting, but my mind keeps wandering back to the quiet spaces she left behind. I told myself to finish this walk and grab some water before diving into work again, hoping some fresh air would clear the fog. Instead, I’m still here, stuck between wanting to sort it all out and feeling like it’s slipping through my fingers. The scattered feeling might just be part of the process, though that doesn’t make it any easier. Maybe it’s okay not to have all the answers right now, to let the moments be what they are, even if they’re messy. At least I’m still walking, still moving forward, even if slowly and with uncertain steps.",4,3,4,4,3,5,"The journal entry shows mostly good continuity with seamless transitions between reflections on past memories and present emotions. Topics are moderately focused, though the reflections sometimes bleed into one another without clear delineation. Contradictions between moving forward and feeling stuck are acknowledged with an awareness of underlying uncertainties. Clarity is good, with coherent expression despite the emotional weight. The entry reaches a partial closure, leaving some thoughts open. Overall, it captures a mix of structured insights and emotional fragmentation."
"I checked my bank app again before heading out to work last night, just to make sure I was clear on how much I’ve got left until payday. Not much, which makes every little argument hit harder. We barely talked in the car after that call—I was trying to stay calm but my stomach kept twisting. She said some things that felt like she was blaming me for everything, and I guess I shut down because I didn’t know what to say that wouldn’t make it worse. I kept thinking about how we’re supposed to be a team, but it feels like we’re on opposite sides most days. The tension was heavy enough that when I finally parked, I just stared at the dashboard for a few minutes, trying to breathe. I wanted to text something to fix it, to maybe apologize even if I wasn’t totally sure what for. But I didn’t, because I didn’t want to sound weak or desperate. I hate feeling like this, stuck between needing closeness and fearing I’ll mess it all up. Tomorrow I’ll try to say something different, maybe just listen more and talk less. I’m tired but I can’t afford losing what little connection we have left. Maybe if I manage my nerves better, things won’t feel so fragile.",4,4,4,4,4,3,"The journal maintains a good continuity as thoughts progress logically, with clear transitions between managing money, emotional tension in a relationship, and introspection on personal actions. Topics are presented in an organized manner with a focus on the financial and relational strain. Contradictions in emotions are recognized and partially integrated as the writer reflects on their internal conflict about the need for closeness. The entry is mostly clear with limited restarts or hedging. Closure is achieved by proposing future actions to improve the situation."
"I'm tired but not in the sense that I can just crash. This morning in the kitchen felt like a battlefield with all the stuff I have to juggle. My laptop, phone, bills, random notes, all piled near the coffee maker while I was trying to make breakfast. I kept thinking, how am I supposed to keep track of everything when my income is all over the place? Freelance gigs don't come on a schedule, and the retail job is a grind that barely leaves me enough time to breathe. I know I should plan better but honestly, I don't have the patience or the time to create perfect systems right now. It added to this constant pressure that I’m not doing enough, which is stupid because I’m doing what I can. Still, I can’t shake this feeling that I’m scrambling instead of moving forward. I kept checking my phone to see if any work emails popped up, which just made me more anxious. There was one moment when I accidentally knocked over a container of sugar trying to type with one hand and hold a mug with the other. It was a mess—white crystals everywhere. I just stared at it, frustrated with myself for being so clumsy but also kind of laughing at how ridiculous the whole morning felt. It’s like I’m running on fumes and still expected to keep everything balanced perfectly. I hate that my skepticism keeps me from trusting the process sometimes, but maybe I need to be more patient. Anyway, the coffee finally kicked in, and I guess I have to get through today like this, rushing but steady enough not to fall apart. Hopefully, tomorrow feels less scattered.",4,4,3,4,4,4,"The entry maintains good continuity, with shifts between the chaos of morning tasks and broader existential reflections feeling intentional and connected. The topics are well-organized, focusing mainly on the chaotic morning and the broader impact of the narrator's work situation. Some contradictions are present, especially around skepticism and patience, but there's partial integration. The writing is mostly clear with vivid descriptions, and it concludes with a hopeful note, providing a sense of closure. Overall, the journal shows minor disorganization within a coherent narrative structure."
"This afternoon I recalled a brief exchange I had with my wife over text. She asked if I’d remembered to lock the back door before leaving for work. I said yes, but now I’m not sure if I actually checked or just assumed I did. It’s a small thing, but it’s stuck with me because I keep going over the conversation in my head, wondering if I brushed her off too quickly or if I sounded distracted. Maybe she felt ignored or that I wasn’t really present. 

Right now, I’m sitting in the parking lot, waiting to clock in, feeling the usual mix of tiredness and that nagging sense that I’m falling behind on everything. The lines between work and home have gotten so blurry with remote study and jobs. I want to be better at listening, at showing her I care, even when I’m overwhelmed. I hope tomorrow will bring a chance to clear this up. Sometimes I worry I make things harder than they need to be by holding back instead of just saying what’s really on my mind.",5,4,4,5,4,2,"The entry has excellent continuity with thoughts flowing smoothly from recalling an exchange to personal reflections on self-improvement and relationship dynamics. The topic focus is good, primarily centering around the incident but touching on work-life balance, which is clearly linked. The writer acknowledges internal conflicts, integrating them into a narrative about personal growth, demonstrating good contradiction integration. Expression is clear and confident, and while the entry doesn't resolve all concerns, it ends with a hopeful reflection, providing a sense of partial closure."
"I remember that patient this morning who insisted she could diagnose herself better than the chart said. It felt like every other interaction was a tiny debate, and by noon I was ready to trade my scrubs for a mime costume just to avoid talking. Now, sitting on the bus home, I’m poking at my phone but not really seeing anything—just the blur of buildings and strangers through the window. I’m tired in a way that caffeine won’t fix, even though I had three cups today, which probably just made me jittery and more distracted. 

I keep wondering how I ended up here, juggling shifts and patience and paperwork, all while trying to keep my own life from feeling like a checklist. It’s weird because I don’t dislike my routine, but sometimes it feels like I’m just going through the motions without really knowing who I’m supposed to be beyond nurse and not-lonely. Maybe it’s just a long week catching up to me. Or maybe I just need to figure out what I want when the scrubs come off and the bus drops me at an empty apartment.",5,5,4,5,4,2,"The journal entry maintains excellent continuity with thoughts flowing logically from the patient's experience to personal reflections. Topic focus is strong as the writer develops each aspect before transitioning smoothly. Contradictions about routine and identity are acknowledged, suggesting good integration. Cognitive clarity is demonstrated through clear and decisive language. The entry concludes with a reflection that signals partial resolution, earning a high score for closure. Overall, the structure is very organized with minor introspective loops."
"The morning felt unusually quiet today, just the sound of distant cars and birds outside my window. I decided to take a walk around the block before heading to work, hoping a change of scenery would help me clear my head. The sunlight was soft, filtering through the early fog that hadn’t yet lifted. I noticed the neighbors starting their routines—someone mowing the lawn, a couple walking their dog. It’s strange how even the smallest details stick when you’re trying to focus but your thoughts keep drifting. My mind jumped from work to dinner plans, then to the kids’ schedules for the week, all jumbled together. I tried to anchor myself by paying attention to the crunch of gravel underfoot and the cool air on my face. Coming back, I saw the usual traffic starting to pick up and a few people heading into the corner store. Even with limited privacy at home, these few moments outside felt like my own. I’m hoping to carry this calm into the day, though I know it won’t last long. Sometimes it’s the simple walks like this that remind me there’s more happening beyond the chaos inside my head. ☀️",4,4,5,4,4,3,"The entry has good continuity, with smooth transitions between the walk and reflections on inner thoughts, maintaining a clear narrative arc. The topics of the walk, neighbors, and thoughts are well-focused, and despite the mention of 'chaos inside my head', there's no contradiction, indicating good integration. Clarity is generally high, with vivid descriptions and minimal hedging, leading to a reflective, calm closure."
"Just locked my car and I'm standing by the entrance to the office building, waiting for the other freelancers to trickle in. The air is cooler tonight than usual, which is a little relief after the heat all day. I grabbed a quick sandwich from the corner shop on the way here, nothing fancy but enough to keep me going through the first few hours of work. It’s always a bit chaotic when I start; juggling invoices, client emails that pile up over the weekend, and trying to keep the books balanced—it’s a lot of pressure with the income being so patchy.

I keep telling myself to be more spontaneous about networking but then my skepticism kicks in, wondering if all that effort will really pay off. Still, there was a brief moment earlier when I thought about accepting that project for the small startup. It’s not what I usually do but maybe mixing things up would help break the monotony. Now that I’m here, I just want to get through the invoicing and expense reports and avoid any distractions. Hopefully, I can piece together some more steady work this week because the unpredictability is wearing me down. Time to head inside and tackle the chaos head-on. ☕",5,4,4,5,5,2,"The entry flows smoothly from personal observations to work-related thoughts. Topics like work chaos, networking skepticism, and financial pressures are clearly articulated and distinct. Contradictions are minor and acknowledged, demonstrating good integration. The narrative has a coherent start, development, and resolution, with clear, structured expression and closure."
"The clatter of cups and quiet chatter here in this corner kind of drowns out the ticking clock but only on the surface. My brain is racing, trying to line up what’s left undone today and somehow pack in tomorrow too. I should have started those homework sections way earlier but here I am, fingers tapping impatiently against the table. The freelancer side of me is itching to say yes to the new gig that popped up, even though the school deadlines already feel like a wet blanket.

I keep scrolling through my calendar app, which is more of a digital chaos diary at this point. Someone should invent a “no more tasks” button because my list just spreads itself again every time I glance away. I swear, even my grocery list is giving me stress vibes. How did I let things pile this high? The dry part of my brain jokes that I might as well just live in this coffee shop forever since my home feels more like a waiting room for next things. I don’t have the time to wonder if I’m losing myself in all this multitasking or if this is just the usual mess of trying to be both student and freelancer without losing the plot.",3,3,3,3,2,6,"The entry reflects moderate continuity with some flow between thoughts but lacks strong connections. It presents multiple topics such as homework, freelancing, and stress, yet transitions are messy, impacting topic focus. Contradictions around multitasking and identity are acknowledged but not fully explored, showing partial integration. The narrative lacks full closure, ending with an unresolved reflection. Overall, it shows a mixture of organization and fragmentation."
"The walls feel a little too quiet this afternoon, maybe because everyone else is out or busy, and I’m stuck here trying to catch a breath during this short lunch break. I can hear the faint hum of the heater and the occasional clink from the kitchen where my roommate is packing something. There’s this oddly persistent tension between me and J, which I wasn’t expecting to feel this keenly today. We barely brushed a word this morning, and now that the rush of deadlines is hitting me, that silence feels heavier. I guess I want to fix it, but every time I think about how to approach the conversation, the clock mocking me reminds me I have to keep moving to get things done. Feels like there’s never enough time to do everything and also smooth things out.

On my to-do list right now is finishing the pitch for that new client and sorting out the expenses for last month’s projects, but part of me keeps circling back to the argument from last night. It’s frustrating because I value what we have, and the last thing I want is for this small tangle to grow. Yet, balancing the mental load of work, shared bills, and trying to keep a semblance of harmony is a puzzle I haven’t quite figured out. I’m reminding myself to breathe and keep the tone neutral when I bring it up later, hoping that will help avoid another misunderstanding. The lunchbreak is nearly over, and the timestamp on my phone is a sharp reminder not to get lost in things I can’t immediately solve. Still, I wonder if we’re both just too tired to find the words right now.",4,4,4,4,3,4,"The entry maintains good continuity, transitioning smoothly from the quietness of the environment to the tension with J, then to work-related tasks. Topic focus is organized, with clear shifts between personal and professional concerns. Contradictions, such as wanting to address issues yet feeling there's no time, are acknowledged and reflect nuanced thinking. Clarity is strong, with a mostly clear expression and minimal hedging. The entry ends without full closure, leaving the tension with J unresolved, contributing to a moderate narrative closure."
"This morning, I spilled my coffee while trying to scan a bunch of documents at work—classic scatterbrained move that instantly set a stressful tone. Now, on this crowded bus ride home, I’m trying to untangle the thoughts racing through my head after the endless emails and last-minute schedules piled up today. It feels like I was on autopilot most of the afternoon, just ticking boxes without really absorbing anything. I told myself I’d update my to-do list more regularly, but somehow I still lost track of a few tasks. I hate feeling so stretched thin and worried I’m letting my partner down by not communicating well enough as we promised to fix. We had a pretty quiet dinner last night, and I left some things unsaid, which I know probably isn’t helping. I keep thinking maybe if I write down what I want to say first, it’ll come out easier next time. Sometimes I feel like I’m organized in theory but lose it when pressure piles up. It's weird how I can be so grounded but also overwhelmed almost at the same time. The bus is noisy, people chatting and the hum of traffic outside, yet my mind keeps spinning around every little thing I forgot today. I have a notebook in my bag with some reminders, but it feels like that’s just a band-aid. I wonder if tomorrow I’ll finally get a handle on it. At least the ride home gives me a moment to slow down and breathe before jumping back into everything again. It’s exhausting but maybe also necessary to feel this way sometimes.",4,4,4,4,3,4,"The entry maintains good continuity with thoughts moving logically from work stress to personal reflections. There is a clear focus on the intermingling of work stress and personal relationships, though some transitions between these themes are slightly abrupt. Contradictions, such as feeling both grounded and overwhelmed, are acknowledged with some integration. The expression is generally clear, with occasional disjointedness due to the bus setting. The narrative lacks complete closure, ending on an introspective yet unresolved note."
"Okay, so I need to sort out the invoices for last month before Monday but every time I try I get distracted by emails piling up. Also, I promised to update my client on the project timeline today, but the notes on the edits are all over the place in my notebooks. I should probably consolidate that, maybe tomorrow morning if I can carve out some quiet time. The couch is surprisingly comfortable for a quick break but it’s not helping me focus. I keep thinking about setting up that meet-and-greet event for new freelancers here in town to build my network, but right now it feels like too much to plan when I’m already juggling deadlines and personal admin. I’m making a list of errands that includes grocery shopping, laundry, and booking an appointment with the doctor. Hoping to wrap some of this up before the weekend so I can actually relax. At least the coffee I made has been good tonight, small wins ☕. Next up, tackling the tax documents — not looking forward to it but can’t put it off anymore.",3,3,5,4,3,6,"The entry shows moderate continuity with notable breaks between to-do items, making it challenging to follow a clear thread. Topics such as invoices, client updates, and personal tasks are identifiable but transitions are messy. There are no internal contradictions present, leading to a high rating there. Clarity is mostly present despite some lists fracturing thoughts, but the entry lacks a strong conclusion, ending with a new topic (tax documents) that feels unresolved."
"I spent about an hour this afternoon trying to figure out why the engine in that old truck kept misfiring. It’s frustrating when you think you’ve found the problem, but then something else crops up. After work, I had a pretty awkward conversation with my sister on the phone. She called to check in, but I think I made her feel like I was brushing her off, which wasn’t my intention. I was distracted, trying to remember the parts list for a job tomorrow, and my responses came out clipped or too short. Now I’m not even sure if she’s upset or just busy herself, and I don’t want to bug her again. It’s weird how a simple call can spiral into this uncertainty where I replay my half-answers and wonder if I should explain myself more. But maybe she understood, or maybe she didn’t. I keep telling myself it’s okay to have off days or to be preoccupied, especially when work is demanding. Still, I wish I handled it better, maybe slowed down to really listen instead of rushing through. With all the clatter of tools and engines during the day, sometimes I forget how delicate conversations can be outside the garage. Maybe I'll try calling her back tomorrow with a clearer head, but part of me hesitates, unsure if that would help or just make it more complicated. I’m hopeful that whatever this little misunderstanding is, it won’t grow into something bigger. I guess these moments remind me that relationships require the same kind of careful maintenance as any machine I work on — patience, attention, and occasional fine-tuning. ☕",4,4,4,4,4,3,"The entry maintains a coherent narrative with well-organized topics related to work and communication with the sister. There is good integration of contrasting feelings about the conversation, reflecting on the incident and showing self-awareness. Although some thoughts are exploratory, they return to the main theme, ending with a reflective analogy. The overall clarity is high, as the writer expresses their internal state with minimal cognitive noise."
"The sunlight through the kitchen window is strangely sharp today, almost cutting across the wooden table in clean lines. I just took a bite of my sandwich but barely tasted it. My mind keeps circling back to the call from my sister this morning about Mom’s health. It’s always a slow, creeping dread with these conversations, no matter how many times we go through it. I keep wondering if I’m doing enough or if I should just drop everything and be there more. Then there’s the weird guilt about feeling relieved when the update isn’t worse. I hate that I’m so tied up in this mix of emotions. I’m tired of overthinking every symptom or phone silence as a sign of something horrible. Usually, I’m more grounded, but today I feel like I’m rushing even in stillness, like the clock is pressing against my chest. I haven’t called Mom back yet. I keep telling myself that one call won’t change anything immediately, but not calling feels like I’m letting the anxiety win. Somehow, sitting here with my lunch, the quiet around me feels heavier than usual. I’m not sure if it’s the grief or the fear underneath it. I wish there was a straightforward way to process all this without the background noise of what-ifs constantly humming. For now, I’m just trying to breathe and focus on this moment, even if it feels fragile and rushed.",5,5,4,5,3,3,"The entry maintains excellent continuity with thoughts flowing smoothly from one to the next and focused narrative around the emotional turmoil regarding the mother's health. There is good integration of contradictory feelings of guilt and relief, although not fully resolved. Cognitive clarity is high, with precise and coherent expression. While the entry does not reach a conclusive closure, it presents a thoughtful pause, reflecting the complexity of emotions and situation."
"This morning I caught a glimpse of my dad's worn-out baseball cap tossed on the back of the chair. It hit me harder than I expected, how small things like that carry so much weight after he's gone. The bus is mostly quiet tonight, but my head won’t stop racing through all the little interactions I had with Mom today. I told her I was fine, but that felt like such a lie—she’s hurting too, and I’m trying to hold it together for both of us. Work never really stops, even from home, and the blurred line between office hours and family time is suffocating. I keep wondering if I’m doing enough, if I’m just going through the motions without truly processing everything. There was a call from the insurance company this afternoon about Dad’s medical bills; I didn’t expect to feel so exhausted by paperwork. I was overwhelmed, trying to be practical while I really just wanted to scream or cry. Yet here I sit, staring out the window at the dim streetlights, trying to find some pause in this relentless noise inside my head. Sometimes I think I should write him a letter, the things I never said, but then I worry about dredging up too much. Maybe I’m just scared of how raw it still feels, even months later. This bus ride feels like the only space where I can allow myself to be messy and unsure without explanation. Tomorrow feels like a mountain and I’m still stuck at the base, looking up, wishing for a sign that it’ll get easier. For now, I’ll try to breathe through the heaviness and remind myself it’s okay not to have all the answers.",4,4,4,4,4,3,"The journal entry maintains a good continuity with mostly connected thoughts and smooth transitions between reflections on family, work, and personal emotions. The topics are clearly delineated and well-developed, providing a strong sense of focus. Contradictions such as emotional struggles are acknowledged and held with awareness, showing nuanced thinking. The writing shows clarity with mostly complete sentences and few fragments. The entry reaches a natural conclusion, reflecting on the difficulty of the situation while accepting the lack of complete answers. Overall, the entry displays a coherent mental narrative with minor lapses."
"I just closed the shared calendar app after another round of adjustments. Trying to fit the kids' doctor appointments, school pick-ups, and my own errands into what feels like a shrinking amount of free time is more complicated than I remember. Somehow, the dance class has shifted to Thursday afternoons, but that was already packed with my ex's work meetings so I had to push our grocery run to Friday morning. I keep making lists, but they seem to grow instead of shrink.

I haven’t even tackled the emails from the temp agency yet—half of them about jobs that start too early or last far too late considering the kids. I want to be patient about the job hunt, but coordinating childcare and my own schedule is wearing me down. There's a pile of laundry I meant to fold last night and the floor in the kitchen still has crumbs because I was distracted trying to map out the upcoming week. Somehow I feel both behind and busy at the same time. Maybe tomorrow I’ll finally sort out the paperwork and confirm which weekend the kids are with me, but for now, I’m just crossing my fingers that I don’t forget something important overnight.",4,4,3,4,3,4,"The entry has good continuity and topic focus, as it stays centered on the organization challenges with schedules and tasks, though it occasionally shifts between subtopics. While contradictions like feeling both 'behind and busy' are acknowledged, they have limited integration. Cognitive clarity is strong, with clear expression and few fragments. The entry ends with some ambiguity about the future, leading to partial narrative closure."
"This morning, I glanced at my phone while brushing my teeth and realized I had forgotten to confirm the meeting time with a client for tomorrow. That small slip set a tone of slight chaos that lingered throughout the day. Now, sitting here at the kitchen table after dinner, my mind jumps between the unfinished project outline, invoicing three clients, and the email I meant to send two hours ago. The freelance lifestyle feels like a constant juggling act. I’ve got new inquiries piling up but no clear schedule for when I’ll handle them all. Part of me wants to block out a whole morning to plan the next two weeks, but deadlines and client demands keep pushing that idea away. I noticed I’m still wearing yesterday’s shirt; that’s how scattered I feel. My restlessness isn’t just about work—it’s the whole balance of personal and professional tugging in different directions with no clear resolution. Coffee helps me focus for short bursts, but it also makes my thoughts spin faster. I wonder if I should dedicate tomorrow afternoon solely to updating the project management tool, but then the thought of tackling tax paperwork gnaws at me. It’s frustrating because the to-do list grows faster than I can check things off. Somehow, I have to carve out space to breathe and reset. For now, I’ll clear the dishes, then try to sketch out a rough plan for the evening. These small moments of structure might be what keeps everything from feeling too overwhelming.",3,3,3,3,3,5,"The journal entry displays a moderate level of continuity with frequent transitions between work and personal life stressors, though there is some flow. The topic focus is moderate, as the writer moves between several tasks and thoughts without clear or structured boundaries. There is some awareness of contradictions and attempt to resolve them but no full integration. Cognitive clarity is moderate with a mix of complete sentences and scattered thought expressions. The entry ends with partial resolution and a plan, providing some closure but leaving main issues open."
"I just finished eating my sandwich quickly, trying to savor a small break before the next round of classes. The cafeteria was oddly quiet today, which gave me a moment to breathe and think without the usual noise distractions. I kept glancing at my phone, worried about the doctor's appointment my parent has later this week. It feels like there’s never enough time to prepare or just sit and be present without a checklist running through my head. I noticed how the sunlight was soft through the windows, making the room feel warmer than it actually was, and it reminded me that small comforts are sometimes easy to forget when life gets overwhelming.

I thought about how patient I’ve had to be recently, both with myself and with my family. It’s draining, but I also see the strength in just showing up every day, even when it’s hard. My classes are piling up, deadlines are looming, and yet here I am, somehow managing to keep everything moving. I wish I could slow down, but rushing seems like the only way to keep everything afloat. Still, I’m grateful for these brief moments that feel like a pause, even if they’re just a quiet lunch break in the middle of a hectic day. Hopefully, tomorrow will bring a little more space to breathe.",5,5,5,5,4,2,"The journal entry has excellent continuity and topic focus; thoughts flow smoothly and are well-connected. The writer integrates conflicting feelings, such as stress and gratitude, showing awareness and insight. There is clear expression and coherence throughout. The ending provides a partial sense of closure, acknowledging ongoing challenges while expressing hope for more breathing space."
"Today in the warehouse, the conveyor jammed right when I was trying to clear it fast enough to meet the quota. Got a bit of sweat and cursing out of me. On the bus ride home now, staring out the window but not really seeing anything. My head’s spinning over that conversation I had with her last night—trying to figure out if she’s really into this or just being polite. It’s weird how you can analyze every little thing someone says when you’re unsure. Meanwhile, I’m supposed to be decompressing after a long shift, but all I can think about is what this means for us, if anything. The weight of work is still on my shoulders; my back aches, and my feet are killing me. Every bump of the bus makes me flinch, reminding me how physical the job is. I wonder if I’m just overthinking the whole relationship thing because it’s new and unfamiliar. Maybe I should just drop it and focus on what I know, but my brain won’t let me. I keep replaying our last moments together and trying to read between the lines, which probably just makes a mess of it all. I feel like I’m stuck in this loop of doubt and need some clarity, but it’s not coming anytime soon. How do people handle this stuff without breaking down? Tomorrow’s shift is early, and I know I’ll be dragging both physically and mentally. Wish I could just shut the noise off for a bit.",3,3,2,3,2,6,"The entry exhibits moderate continuity with some flow, but occasionally jumps between thoughts on work and the relationship without clear transitions. Topic focus is moderate; while there are distinct topics (work, relationship), transitions between them are messy. Contradictions are acknowledged but not integrated, particularly around relationship uncertainty. Cognitive clarity is moderate, with some clear expressions, though there is frequent looping. The entry trails off without strong closure, leaving multiple thoughts hanging."
"The clock ticks so loudly in this quiet room during my lunch break that it almost feels like it’s counting down every task I still have to do today. I barely had time to eat, just a sandwich I packed quickly, but my mind keeps racing through the list of appointments, medications, and calls I have to make tonight. Mom’s doctor mentioned a new prescription, and I need to check if it interacts with her current meds. I worry about forgetting something important, like last week when I missed the refill for her insulin. It feels like there’s no room to breathe or think clearly. Part of me wishes I could just shut off the overthinking for a few hours, but that’s impossible when you’re responsible for someone else’s health on top of everything else. I’m trying to stay organized, keeping a notebook with color-coded tabs, but even that sometimes feels overwhelming. I think about a quiet evening, maybe just sitting and watching a show to distract myself, but then guilt creeps in because there’s always one more thing to do. Even so, I know I need to take care of myself to keep going, which sounds easier said than done. When I get home, I’ll probably need to help mom with dinner and then review her appointment schedule again. It’s a lot, and honestly, some days I don’t know how I manage to keep all the pieces moving. I’m tired, but I also feel this weird sense of purpose that keeps me locked into this routine. Maybe tomorrow I’ll try to carve out some time just for me, even if it’s only ten minutes. Tonight, though, I just want to finish everything without dropping the ball.",4,4,4,4,3,4,"The entry maintains good continuity with fluid transitions between thoughts about tasks, responsibility, and personal care. Topics are well-focused, centered around caregiving and self-management. Contradictions about needing personal time while feeling overwhelmed are acknowledged but not fully resolved. There is clarity in expression with few hedges or fragments. Though the entry lacks full closure, it wraps with a reflective intention for future self-care."
"Just finished walking around the block again, trying to slow my mind but it's like a constant loop of things to do and reminders buzzing in my head. I keep thinking about how I haven't even managed to organize the paperwork for next week's sessions, and then there’s the insurance claims that are still half done. I’m always telling clients to take it one step at a time, but honestly, it feels impossible to do that myself. Also, with rent due soon and groceries needing to last until payday, I’m staring at my budget app like it’s some kind of puzzle that refuses to be solved. I wish I could just pause and breathe, but instead, I’m ticking off lists in my head while trying to remember if I confirmed the appointment with the new client or if I just meant to do that. The restless feeling won’t let me settle, and even though it’s late, I haven’t started the self-care routine I promised myself. Maybe tomorrow I can try to actually jot down everything instead of carrying it all in my head—it might help some. For now, I’m trying to focus on the cool night air, the quiet street, and that one star that’s hanging on stubbornly in the sky. Small things, I guess, but even they feel a bit too much right now.",3,3,3,3,3,5,"The entry demonstrates moderate continuity with identifiable topics such as work stress, financial concerns, and the need for self-care. However, transitions are somewhat messy, demonstrating wandering within topics. There’s partial integration of contradictions, like offering advice that the writer struggles to follow. The cognitive clarity is average, as there are some fragments and scattered thoughts. The narrative closure is partial, with a shift to focusing on the surroundings providing some sense of an ending."
"I just finished a quiet lunch alone, trying to focus on the book I brought, but my mind kept drifting back to Mom. It’s strange how her absence feels heavier some days, like this afternoon when I saw a woman at the park who reminded me of her laugh. Balancing school and work is exhausting enough, but grief adds this extra weight I can’t shake off. I caught myself staring out the window more than reading, watching people pass by without a care. Sometimes I wonder if I’m holding on too tightly to memories, or if letting go would feel like losing a part of myself. I didn’t call Dad today, though I meant to. There’s this hesitation, maybe guilt, or just not wanting to start a conversation I can’t finish. I’m tired, but the restless feeling won’t let me rest, so I’m jotting this down before heading back to the library.",5,5,4,4,4,3,"The entry flows seamlessly between reflections on grief, family responsibilities, and personal introspection, maintaining excellent continuity and clear topic focus. Contradictions about holding onto memories are acknowledged, indicating partial integration. The expression is mostly clear with a well-rounded narrative arc, leading to good closure despite some residual tension."
"The kitchen light flickers just as dawn creeps in through the cracked blinds. I poured coffee even though the mug is chipped and the handle feels sharp against my fingers. Last night dragged on longer than I wanted, mostly because of the argument with Jesse. It's frustrating how planning our week feels like navigating a minefield, especially with money this tight. I keep running numbers in my head about parts I need versus bills, trying to figure out what can wait and what can't. The repair on the truck is still halfway done, and that’s stressing me out more than it should. I know Jesse wants to help, but when we clash about time and money, I shut down. Still, I guess it’s better than nothing. I’m wondering if I should just call my boss and ask for extra shifts, but then there’s the risk of burning myself out. I need to keep this place running, bills paid, but the constant juggling is a lot. I didn’t finish organizing the garage like I promised, and it nags at me every time I see the mess. It’s like I’m stuck in a loop of unfinished tasks, each one adding weight to my chest. Maybe today I'll make a list, actually write stuff down instead of keeping everything swirling around in my head. It feels like if I don’t get some clarity soon, I’ll just keep slipping. Coffee’s gone cold now. Probably time to get moving.",4,4,3,4,3,4,"The entry maintains good continuity with logical progression of thoughts, although it occasionally introduces related stressors in a way that feels natural but slightly jumps between topics like work, money, and tasks. There is partial integration of contradictions, particularly around needing help vs. independence. Cognitive clarity is maintained through complete sentences with only minor hedging. The ending shows partial closure, as the entry resolves to move on but leaves certain threads open."
"I still need to call the pharmacy about the medication refill before the weekend. It slips my mind every time I think I’ll get to it later, but now it’s pressing. Mom’s appointment got pushed to next Thursday, and I’m not sure how I’ll fit that in with work and everything else. The living room couch feels like the only place I can sit down without immediately feeling like I should be doing something else.

Trying to sort out who’s taking care of what this week is a puzzle. Dad called earlier, frustrated because he feels left out of the plan and that Mom’s health is a mystery to him now. I get where he’s coming from, but it’s another conversation that saps my energy. I want to be patient and clear, but the backlog of unfinished tasks – bills needing attention, groceries to reorder, the car servicing appointment – just piles up.

Sometimes I wonder if I’m juggling too many roles, but there’s no one else stepping in right now. I am curious about how others cope with this stretch of unpredictable demands. At least the chaos forces me to stay somewhat spontaneous in handling issues as they come, even if it’s exhausting. I hope to catch a break soon, maybe with a quiet evening and no calls, no schedules to rearrange. ☕",4,4,4,4,4,3,"The entry exhibits mostly connected thoughts with clear transitions between topics like medication, family appointments, and personal reflections. There is good integration of contradictions, acknowledging stress and the need for patience. The narrative flows well without frequent interruptions or hedging, leading to a thoughtful closing with a reflection on seeking a break."
"Just finished cleaning up the kitchen after a late dinner. The silence in the apartment feels heavier than usual tonight. I keep thinking about the phone call with my mom earlier. She's trying to stay strong but hearing her voice crack reminded me that grief is still very present in our lives. I want to be supportive, but I also feel drained, like I don't know how to balance my own needs with what she needs from me right now.

Later, I found myself scrolling through messages from the new person I've been seeing. It's confusing because I want to be hopeful, but I'm also wary of investing too much when things feel so uncertain. The whole situation has been a bit overwhelming, and it's hard to focus on work or even small tasks. I made a pot of chamomile tea to calm down, but my mind keeps jumping between everything. Sometimes I wish I could just pause life and figure all this out in a quieter moment.",4,4,3,4,3,4,"The entry shows good continuity and topic focus, with a clear transition from family concerns to personal relationships. While contradictions are acknowledged, they are only partially integrated, particularly around emotional exhaustion and hope. Cognitive clarity is high as thoughts are expressed clearly without significant fragmentation. However, the entry ends with some thoughts unresolved, particularly the wish for a pause."
"This morning I remember catching a glimpse of sunlight hitting the edges of the living room curtain right before she said something that caught me off guard—I can't exactly remember what it was, but I know my response wasn't what she expected. Now sitting back on the couch, I replay that moment, wondering if I missed a cue or read too much into an offhand comment. It’s strange how quickly things can feel tense over something so small. I want to understand her better, but it feels like I’m jumping between clues with no clear map. Was she annoyed or just tired? And did I seem cold or distant? The more I think about it, the more scattered my thoughts become. I’m curious to see where this goes because it’s new and a bit exciting, yet the uncertainty nags at me. I guess I have this practical mindset that wants clear answers, but people aren’t always that simple. Maybe I need to just ask her directly next time instead of guessing. It’s a bit frustrating not knowing if I’m making things worse or if it’s just part of figuring each other out. Still, I want to hold onto this feeling, cautious but hopeful, like there’s something worth the effort here. I hope I don’t mess it up before it really starts, but for now, I’ll just let the morning light keep reminding me there’s a fresh start.",4,4,4,4,4,3,"The journal entry maintains a mostly connected and intentional flow, primarily focusing on the interaction and the writer’s reflections on it. Transitions between thoughts are clear, although there are moments of uncertainty and questioning. The entry acknowledges contradictions in understanding emotions but displays an attempt to reconcile them. The expression is clear, with minimal fragmentation. The entry concludes with a sense of hopeful resolution, reflecting on new beginnings."
"The hum of the fridge and the occasional drip from the leaky sink fill the kitchen this afternoon, a constant reminder of all the little things that need fixing around the house. I sat at the table trying to draft an outline for my next article but kept getting pulled away by a checklist of errands and half-started projects. There’s the overdue library return, the emails stacked in my inbox, and that growing pile of dishes that looks like it might win if I don't do something soon.

It’s hard to focus when my mind keeps jumping between deadlines and the nagging feeling that I’m losing track of who I am outside of all these tasks. Writing feels more like a chore than a passion right now, maybe because I’m stretched too thin to find meaning in it. I told myself I’d regroup tonight, but even that plan feels like too much to handle at the moment. I guess I just need to be patient, though it’s difficult when the unfinished everything waits like a quiet weight on my shoulders.",4,4,3,4,3,4,"The entry flows mainly between the theme of being overwhelmed by tasks and the impact on the writer's sense of self and enjoyment of writing, with a good level of continuity and clear transitions between paragraphs. However, there is partial integration of the internal conflict between obligations and personal identity, as the writer acknowledges but does not resolve these feelings. The entry has a clear expression of thoughts, though the closure is only partial, as it ends with an unresolved feeling of needing patience."
"This afternoon, Mom asked if I’d help out with dinner, but somehow the way she said it felt more like a demand than a question — maybe I’m just reading into things again. I was already in that half-space of thinking about a case and my brain was doing somersaults trying to untangle someone else’s mess while also trying not to snap at her. I said yeah, but maybe later. She looked annoyed but didn’t say anything, which made me wonder if I’ve been distant lately, even though I try hard to keep it together around her. Now, sitting in the kitchen early morning while everyone sleeps, I’m replaying that little interaction and wondering if I should have just said yes immediately or asked if she wanted company while cooking so it wouldn’t feel so cold. It’s weird because I’m so used to hearing clients’ feelings and needs but then I turn into this awkward mute with my own family. There’s this tension between wanting space and feeling guilty for needing it. And I probably sound ridiculous because it’s just a small thing, but the silence after my reply stuck with me. Maybe I overthink things but sometimes I feel like I’m walking on eggshells at home, even though it’s the only place I’m supposed to relax. I wish I could just say what I really mean without worrying about tone or consequences, but that would require a level of bravery I don’t have before coffee. Anyway, maybe I’ll make an effort to chat with her tonight, or maybe I’ll chicken out and just keep scrolling on my phone pretending to be busy. It’s exhausting trying to balance being the helper for everyone else and feeling like I’m invisible when I need help too. Okay, I’ll stop spiraling before the day even starts. Maybe just one more sip of this ridiculously strong coffee and try to breathe.",3,3,4,3,3,5,"The entry has moderate continuity with some connected thoughts but occasionally drifts between ideas without clear transitions. Topics are identifiable but blend together without strong delineation. Contradictions, such as wanting space but feeling guilty, are acknowledged and held with awareness. Expression includes some fragments and restarts, affecting clarity. The entry reaches partial closure with unresolved thoughts but ceases with an intention to stop spiraling."
"This morning, I caught myself staring out the kitchen window, absentmindedly stirring my coffee while the usual rush of reminders pressed in. I decided to take a walk around the block instead of jumping straight into paperwork. The air was cool, and the sidewalks were a bit slick with overnight dew, which made me pay more attention to my steps. I didn’t manage to slow my thoughts much—there’s always a list of things running through my head, but the brief change of scene helped. I’m still figuring out how to be more patient, especially when conversations with my partner get tangled. It’s frustrating because I want to be better at this, to listen more without interrupting or planning my response while she’s speaking. Maybe it’s just a matter of practice, though it feels like I never have enough time. I try not to be too hard on myself, but that’s easier said than done when everything piles up. At least the fresh air helped me reset a little before diving back into the day.",4,4,4,4,4,3,"The entry maintains good continuity with clear transitions from one topic to another, showing a reflective narrative. The writer handles contradictions, such as wanting to be patient while acknowledging their struggle, with awareness and attempts at resolution. Cognitive clarity is maintained with coherent expression and well-formed sentences. The narrative concludes with a sense of partial closure by reflecting on the benefits of a mental reset, though some topics remain open-ended."
"This afternoon, I caught a glimpse of my reflection in the coffee shop window and barely recognized the tired eyes staring back. Work was already on my mind, even though I was supposed to be relaxing. Now, standing in the parking lot before my shift, the usual unease creeps in—not from the workload, but from the awkward exchange I had with my roommate this morning. He brought up plans that clash with my own, and instead of hashing it out calmly, the conversation spiraled into passive-aggressive comments and silence that felt thicker than the evening air.

I don’t do well with these kinds of conflicts. Overthinking every word makes it harder to just breathe and move on. The clutter of schedules, his unpredictable moods, and my own anxiety create a messy mix. I just want some space to write without second-guessing every little interaction. Maybe tomorrow I’ll say something straightforward, but tonight, I’m stuck replaying the exchange like a broken record. It’s exhausting and frustrating, yet here I am, trying to steady myself before I walk inside and pretend everything’s fine.",4,4,3,4,3,4,"The entry maintains good continuity with mostly connected and sequential flow of thoughts despite the subject's internal conflict. Topic focus is strong, shifting naturally from work to personal interactions, yet it presents some partial moments of disorganization. Conflicts are acknowledged, showing attempts at resolution, but remain partially integrated. The writing remains clear, with complete thoughts, although it ends with a mixed sense of closure, highlighting ongoing tension."
"Just poured my third cup of coffee and grabbed a sticky note to jot down what needs to get done today because honestly, if I don’t write it down, it’ll disappear from my brain. The warehouse schedule got changed again last minute, so now I have to figure out who can cover the late shift on Thursday. I hate throwing this stuff together when I’m half-asleep in the kitchen but I don’t really have a choice. Trying to remind myself to talk to Mark about the bills tonight because those keep slipping through the cracks when we’re both busy. It’s like I’m always organizing for everyone else but never quite catch up on my own stuff. I’m worried I’m being too rigid about planning everything and that maybe I should just let some things slide, but then I picture what chaos that would bring at work and home. That weird tension between needing control and wanting to just breathe sometimes is exhausting. Also, there’s the email I never got around to sending about the damaged pallets that I have to deal with before the meeting at 10. My brain is jumping all over the place, and I’m just hoping today doesn’t spiral into total chaos. I wish I could slow down, but I know this morning rush sets the tone for the whole day. I’ll try to keep the conversation with Mark simple and clear later, no overthinking it. Okay, time to stop scribbling and get dressed for the shift before I lose any more minutes.",3,3,3,3,3,6,"The entry displays moderate continuity with some connected thoughts but also several abrupt transitions. Topics like work, planning, and personal relationships are touched upon with moderate focus and clarity, though the writer exhibits cognitive load signs with some fragmented thoughts. Contradictions are acknowledged but not fully integrated, especially regarding the tension between control and relaxation. The narrative ends without full closure but is not entirely abandoned, leading to a mixed impression of mental organization."
"Feeling a bit on edge tonight, probably from all the tasks I’m juggling after the move. My new place still feels hardly lived in and that unsettled feeling creeps into my head when I sit down to write. I tried making a to-do list but it just got longer as I remembered more things: groceries I need, emails I haven’t replied to, and that story draft that’s been sitting near my laptop untouched for days.

Work deadlines are closing in, and I can’t help but think I’m falling behind. There’s this pressure to be productive, but I’m also trying to give myself some grace because it’s a lot of adjustment. I made a pot of tea and pulled out my planner to schedule everything more realistically. Breaking it down into smaller chunks actually helps, even if I end up moving things around a lot. Tomorrow’s plan is to tackle the emails early and then carve out at least two focused hours for writing. I want to feel hopeful that I can get on top of this, not just buried by it. One step at a time, I guess ☕.",4,4,5,4,4,3,"The journal entry maintains good continuity in expressing feelings about moving and stress management, with clear transitions between related topics of moving, tasks, and productivity strategies. The writer acknowledges and resolves contradictions between productivity pressure and self-care, showing good integration. Clarity is mostly maintained with structured thoughts and minimal restarts or hedging. The narrative offers a sense of closure through a resolved plan of action, resulting in overall low mental entropy."
"Just finished tidying up the living room couch area after Mom left the room, and I’m trying to quiet the noise in my head. Earlier today, she mentioned something about how I never have time for her anymore, which caught me off guard. I know I’ve been stretched thin between writing deadlines and taking care of her, but I thought she understood. When she said that, I felt a mix of guilt and frustration, though I didn’t say much. I just smiled and nodded, but inside, I wondered if I’m failing in some invisible way. It’s hard to measure how much attention she needs versus how much time I have. I was patient with her, as usual, but I can’t shake the feeling that she’s more distant now, even though we’re in the same room most days.

Later, while scrolling on my phone, I tried to piece together what she really meant, recalling how her tone was different from normal. Was it loneliness or something more? I wish I had asked, but the moment passed. I’m worried that if I push, it will make things worse. Writing feels disjointed lately too, maybe because my focus is pulverized by everything happening at home. Still, there’s a part of me that wants to say out loud how hard it is to juggle all this without breaking, but I’m not sure she’d understand. For now, I’ll sit here with my lukewarm tea, hoping tomorrow brings a chance to bridge this silence without adding weight to either of us. It’s exhausting, but I keep reminding myself that patience is part of the process, even when it doesn’t feel like enough.",5,4,4,4,4,3,"The journal entry exhibits excellent continuity with a coherent flow from discussing interactions with the mother to the writer's internal reflections. Topic focus is good, as the themes of family dynamics and personal struggle are clearly developed, although there's a slight blend at times. Contradictions are acknowledged and partially integrated, with the writer showing awareness of their complex emotions. Cognitive clarity is strong, with clear expression and minimal hedging, though some distraction is noted. The entry ends with a sense of closure, reflecting on patience and hope for resolution."
"Just finished washing the dishes after dinner, which somehow feels like a task that drags on forever when you’re feeling restless. I spent most of the evening staring at my laptop, trying to focus on debugging that gnarly piece of code for the project at work. I swear it’s like the more I look at it, the less sense it makes. Maybe I’m missing something obvious, but I’m too tired to care enough to find out right now. I keep wondering why I’m stuck in this routine loop of work, eat, code, and then repeat. It’s like every day is a slightly different variation on the same theme, and it’s starting to feel less like a steady rhythm and more like a stubborn glitch in the system. I thought living alone would give me some mental clarity, but all it does is make the silence louder. No distractions, sure, but also no one to bounce these thoughts off of. Some days I think I’m just waiting for a sign to shake things up, but I’m not even sure what that sign would look like. Maybe I’m overthinking it, which is definitely something I’m prone to doing. I can’t even watch a show or read something without my mind wandering to all the things I haven’t done or the ideas I haven’t explored yet. The funny thing is, I’m curious about a lot of stuff, but turning that curiosity into actual progress feels like a full-time job in itself. Anyway, I guess I should try to sleep soon, even if my brain doesn’t want to cooperate. Tomorrow’s another day to pretend I have it all figured out, or at least to make a bit of progress toward that illusion. At least coffee will be there waiting for me, one routine I’m happy to keep going.",4,4,4,4,3,4,"The entry is mostly coherent with good transitions between reflections on work, routines, and living alone. Although multiple topics are discussed, they are well integrated with clear connections between thoughts. Contradictions, like seeking change yet staying in routine, are acknowledged with a degree of self-awareness. The narrative has partial closure as it ends with an intention to sleep, but leaves some thoughts open-ended. Structured yet reflective, the overall mental entropy is low, indicating organized processing."
"This morning, while pulling espresso shots during the early rush, I noticed how the steam swirled oddly in the air, catching the light from the window just right. It was a small moment, but it made me pause, even if only briefly. Now on my lunch break, the café feels like a refuge, quiet compared to the chaos earlier. I’m sitting by the back corner, sipping on a black coffee, trying to map out my thoughts without much luck. Work has been nonstop, and it’s hard not to feel drained by the constant flow of customers and the pressure to keep everything running smoothly.

Lately, I’ve been thinking a lot about this new relationship, wondering where it’s headed. There’s that sweet, gentle warmth when we talk, but I can’t ignore the little anxious whispers asking if we’re on the same page. I don’t want to overthink it too much, but my mind jumps ahead, imagining all these what-ifs. Balancing this with work feels overwhelming at times. I wish I could just fast forward and see if this is something stable or if it’s destined to be just another fleeting chapter. For now, I guess I’ll hold onto these moments and try not to let the uncertainty overshadow the good ones.",5,5,4,4,4,3,"The entry maintains excellent continuity with smoothly connected reflections on work and personal life. It has a clear topic focus, developing both the work scene and relationship thoughts distinctly. Contradictions in feelings about the relationship are acknowledged and partly integrated. The cognitive clarity is good, with mostly complete thoughts and minimal hedging. The journal wraps up with a reflective, though slightly open-ended, closure, showing good narrative structure."
"I just shoved my chair back from the desk, realizing I barely registered what was said earlier during dinner. The conversation with my parent felt like I was half-listening while mentally running through a to-do list that never ends. They brought up something about the bills and some doctor appointment I wasn't sure I remembered scheduling. I nodded along, probably giving them the wrong idea of agreement or understanding. It’s frustrating because I want to be present, but I’m constantly stretched so thin that my brain feels like a sieve. There was a moment when I thought I detected a hint of disappointment—or maybe it was just my own guilt speaking. I told myself I’d double-check the calendar and confirm everything, but the nagging feeling remains that I missed some subtle cue or concern they were trying to express. It’s hard to tell if I’m overthinking or if I genuinely missed an important detail. I guess I need to find a better way to slow down, even if just for a few minutes, to actually listen. The dry humor I used earlier to deflect felt like the wrong move now. I hope I get a chance to clear the air before it grows into something bigger. Honestly, this caregiver role is part marathon, part emotional crossword, and I’m not sure I’ve learned all the answers yet. Maybe a strong cup of tea and a clear plan will help me feel less scatterbrained tomorrow.",4,4,4,4,4,3,"The journal entry maintains good continuity and topic focus, with transitions between topics feeling intentional and development of the caregiver role theme. Contradictions are acknowledged and partially integrated, such as the conflict between wanting to be present and feeling distracted. Cognitive clarity is mostly present, with reflections on the situation mostly clear and cohesive. The narrative closure is achieved with a self-reflective conclusion. Overall, the entry is mostly organized with occasional lapses in focus."
"Late again getting out of the house this morning—I forgot to pack my lunch and had to turn back twice. The parking lot was unusually crowded, which messed with my usual timing and now I’m wondering if I’ll be able to wrap up rounds early enough to call Mom and check in. The baby sitter texted this afternoon about being sick, so I scrambled to find someone new last minute. I hate juggling these logistics on top of everything at the hospital where shifts feel nonstop and mentally exhausting. I keep trying to make a list but it feels like the notes are scattered all over my phone and sticky notes. Yesterday I meant to schedule a video chat with my sister, but the whole day disappeared in paperwork and meds management. There’s also that dental appointment I still need to confirm for next week, and I keep putting off rescheduling the car service because it feels like adding another task to an already full plate. Sometimes I feel like I’m carrying a thousand small errands in my head and none actually get crossed off. I miss having a consistent routine or anyone local who can share some of the burden. Maybe once I settle in and build up a circle it’ll feel less overwhelming. For now, I’m just hoping tonight after work I can breathe for a moment before tomorrow’s chaos starts again. Coffee would help but too tired to even think about grabbing any right now. Feeling a bit scattered but trying to keep it all moving forward. 🌙",3,3,5,3,3,6,"The entry exhibits moderate continuity with some connected thoughts but occasional abrupt transitions. Topic focus is moderate as well, with identifiable themes like logistical challenges and personal responsibilities, though transitions are somewhat messy. Contradiction integration is good; while no major contradictions are resolved, there's consistent awareness of the disorganization. Cognitive clarity is moderate, with some scattered thoughts and expressions. The narrative closure is partial, as some threads are left open-ended."
"The evening light is fading fast outside my window but the living room still feels too bright from the overhead lamp. I sank onto the couch with my laptop and a cold cup of tea, hoping to sort through job applications, but my mind just spiraled. Every listing feels like a trap, like I have to present a version of myself I’m not sure I even recognize anymore. I can’t stop replaying that call from this morning where I stumbled over my words trying to explain my gaps in freelancing work. It hit me hard—how fragile this all feels when income is inconsistent and the next paycheck is always a question mark.

It’s exhausting to care so much and still end up feeling invisible in a sea of candidates. I want to scream into the silence here, but even that feels pointless. There’s this weight settling deep in my chest, the kind that makes me want to just disappear into the couch cushions until something changes or I forget what it feels like to be overwhelmed. Tomorrow I’ll try again, but tonight, I’m just here, tangled in the noise and hoping the quiet makes sense eventually.",4,4,5,4,4,3,"The journal entry maintains a smooth flow with topics transitioning naturally from job applications to personal reflections on fear and invisibility. Topics are clearly developed with sufficient focus. There is awareness and integration of emotional contradictions, particularly in wanting change versus enduring current overwhelm. The clarity is generally good, with coherent expression. While the entry captures open-ended feelings, it reaches a narrative pause that gives some closure."
"Feeling a bit scattered this afternoon. Took a walk around the block to clear my head, but that only helped so much. It hit me how messy my schedule is right now, trying to keep the startup afloat while sharing this cramped apartment with my roommate who’s also juggling deadlines. I keep telling myself it’s temporary, but sometimes I wonder if I’m just spinning plates without a real plan. The warm sun felt nice on my face, and for a moment I almost felt grounded, like maybe I’m doing okay. Then my phone buzzed with another meeting reminder, pulling me back into rush mode. I don’t want to be someone who’s always rushing and never present. I guess part of me craves a clearer sense of identity, beyond just being the founder or the busy guy. It’s hard to find meaning when you’re always looking ahead to the next thing. Still, I’m grateful for moments like this walk, brief as they might be. Even if it’s just a step outside, it reminds me I’m more than my to-do list. I just have to find a way to breathe in between all the chaos. Maybe tomorrow I’ll try to slow down a bit and ask myself what really matters.",4,4,4,4,4,3,"The journal entry is largely coherent with a few transitions that lead to slightly new but related topics. The writer moves between discussing their schedule, identity, and moments of grounding, with generally smooth transitions. The entry acknowledges contradictions, such as the desire for identity clarity amidst chaos, and begins to integrate these thoughts without fully resolving them. The expression is clear, with only minor hedges, and the ending provides a sense of partial resolution and intention toward future reflection."
"This afternoon, I caught myself snapping at someone over something trivial in the kitchen. The knives weren’t where I expected, and I lost my patience too fast. Now, early morning light filters through the window, and I’m trying to focus on mise en place but feeling that tight knot of tension in my chest. Working from home means the kitchen is both my workspace and my refuge, but today it felt more like a pressure cooker. I’m skeptical that this mess of anxiety will clear up on its own; probably need to be more intentional about breaks or at least step outside. The silence is oddly unsettling, not the comfort I usually find here. I guess I’m still sorting out how to keep the boundaries clear—between work, stress, and me. For now, I’ll just get through the prep and hope the rest of the day goes smoother. ☕",5,5,5,5,5,1,"The entry follows a well-organized narrative structure with clear, connected thoughts, reflecting on a recent experience of anxiety. Topics transition smoothly from the kitchen incident to reflections on work and personal space, demonstrating excellent topic focus. Contradictions between comfort and tension are acknowledged and integrated with insight, leading to a reflective resolution. The language is clear, and the entry concludes with an intentional sense of closure."
"The bus hum is a dull background noise that somehow makes all the clutter in my head a little louder. I keep flipping through the mental checklist: groceries, laundry, answering that email from work I promised myself I'd do yesterday. The one about the project timeline that somehow slipped through the cracks. I managed to schedule a vet appointment for next week, but the time slipped right past me when I realized my evening is packed with calls. How did I agree to that? My phone buzzed twice but I ignored it because I’m figuring out if I can squeeze in dinner before tackling the recycling stuff that's been stacking up since Monday. I think I’m going to need an extra coffee tomorrow morning, not that I should add caffeine to the chaos, but hey, priorities. The way the light hits the window now is just right—not blinding, just enough to make me feel a little less scattered. Almost home. Almost caught up.",3,2,4,3,2,6,"The journal entry shows moderate continuity, with some flow between thoughts, but frequent shifts between topics make the focus scattered. There's partial integration of contradictions, evident in the reflection on adding caffeine to chaos. The cognitive clarity is moderate, with some cohesive thoughts interspersed with fragmented ones. The entry trails off without a strong sense of closure, leaving some topics unresolved."
"Trying to keep track of every expense feels so draining when combined with the tension lingering from late last night. I barely had a chance to breathe during lunch, my mind spinning as I skimmed through spreadsheets and receipts, worrying about whether the numbers will ever balance out. It’s hard to focus when the silence between us feels like a weight, and I keep replaying our words, wondering if I said too much, or not enough.

The moment that sticks with me is when we finally sat down to talk, not because it was perfect, but because it felt real. There was a pause, awkward but honest, and I caught a glimpse of warmth beneath the frustration. I wanted to reach across the divide, to bridge something fragile and important before it slipped away entirely. Yet, the uncertainty about how to fix things or even if they can be fixed pulls at me relentlessly.

I’m tired, but there’s a flicker of hope too. Maybe it’s in how we both stayed present in that quiet moment, despite the tiredness and tight budgets squeezing us from all sides. I know I need to be gentle with myself and with us, even if the road ahead feels unclear right now. For tonight, I’ll hold on to that small connection and try to let go of the rushing mind, if only briefly. 🌙",4,4,4,4,4,4,"The entry maintains good continuity, switching smoothly between personal and relational concerns. Topics are well-developed, with clear transitions and a coherent exploration of emotions. The writer shows awareness of contradictions, attempting a nuanced understanding of their situation. Thoughts are mostly clear, with complete sentences and minimal hedging, leading to a gentle, reflective closure. Overall, it is well-organized with some areas that suggest room for further integration and clarity."
"The coffee is still warm in my mug, but I’m barely tasting it this morning. I woke up thinking about the text from my ex last night—something about switching weekend plans because he has a work thing now. I’m trying not to let it throw me off, but the calendar juggling feels like too much already. I want to be flexible, of course, but I also worry about how these last-minute shifts affect the kids. They ask questions I don't always have answers for, and I hate feeling like I’m the only one keeping everything organized. We had a brief call after I replied, and it felt like we were both dancing around frustration without naming it. I’m not sure if he understands how anxious this makes me, or if I’m just making it worse by overthinking. Maybe I’m reading too much into a text that was meant to be simple. But it’s hard not to spiral when it feels like I’m always the one holding the schedule together. I remind myself that we both want what’s best for them, even if our communication is off sometimes. I should write down a clearer plan for the week today, to take some pressure off. Still, I wonder if I’m making too many assumptions about his intentions. Maybe I need to breathe more and trust the process, whatever that looks like. The sunlight is catching the steam from my cup now, and I want to hold onto that quiet moment before the craziness starts. Every small thing feels like so much, but I’m trying to keep hope alive that we’ll figure this out together, somehow.",5,4,4,5,4,3,"The entry exhibits excellent continuity, with thoughts connecting smoothly and transitions between reflections and details feeling intentional. It maintains good topic focus on the issues surrounding co-parenting and emotional reactions, though there is some slight wandering. Contradictions around anxiety and assumptions are acknowledged and partially integrated, showing nuanced thinking. The writing is clear, with complete thoughts and expressive clarity. It concludes with a reflective note, offering a sense of partial closure, while still acknowledging ongoing challenges."
"The hum of the bus engine mixes with snippets of half-heard conversations, and I catch myself twisting thoughts over again about that text from earlier. She said she’d be free this weekend but didn’t give a specific day, which sounds normal, except it left me spinning about what it actually means. I keep wondering if I’m pushing too hard or if she’s just busy and not super into making plans yet. It’s hard to figure out where the line is between being interested and being annoying. When she said she wanted to talk more about us, I felt something like hope, but then the silence the next day made me doubt all over again. I’m trying to stay organized in my head, listing what to say next time, but the bus stop signs blur past me, and I’m rushing through everything at once, like I have too many tabs open. Maybe I’m reading too much into little pauses or the way she didn’t text goodnight last night.

The gentle clatter of the bus feels oddly calming even though my mind won’t settle. I guess it’s not just about her or the relationship—it’s all the juggling at work, the shift schedules, making sure everything runs smoothly, and somehow trying to figure out this new connection without tripping over my own expectations. I want to be patient, to listen more, but my brain jumps ahead, already drafting conversations that haven’t even happened. Maybe I just need to slow down, enjoy the ride home, and let things unfold a bit, even if that means embracing some uncertainty and not having all the answers right now. It’s strange how quiet moments like this bring so much noise inside.",3,3,3,3,3,6,"The entry shows moderate continuity and topic focus, with identifiable themes like the relationship and work, though transitions are somewhat messy. Contradictions are acknowledged (hope vs. doubt about the relationship), with some attempts at reflection, but no full resolution. Cognitive clarity is moderate, as thoughts are somewhat fragmented with signs of cognitive load (e.g., 'too many tabs open'). Narrative closure is partial, as it ends on an open note of embracing uncertainty without firm resolution."
"Feeling pretty drained today. The bus was crowded, and I kept thinking about all the stuff I still need to figure out—registering for classes, setting up utilities, figuring out where to get groceries without wasting time. My backpack felt heavier than usual; maybe it was the textbooks or just the weight of everything on my mind. I tried zoning out, staring out the window, but the noise and the conversations around me kept pulling me back.

There’s this one coffee shop near campus I walked past, the one with the green awning. I want to check it out but haven’t had the chance, too much running around. It feels like every errand leads to another one, no breaks. I did manage to grab a sandwich before the bus, which seemed like an accomplishment given the day. Hoping tomorrow’s a bit smoother. For now, just want to get home, unpack, maybe organize my notes a little before bed.",4,4,5,4,4,3,"The entry displays good continuity with mostly connected thoughts; transitions between topics are intentional and clear. Topics are clearly delineated, focusing mainly on daily errands and personal reflections. There are no unresolved contradictions, and the narrative leads to a partial resolution of hope for a smoother tomorrow. Expression is generally clear with some instances of hedging but mostly well-formed sentences."
"I’m still thinking about what happened at dinner last night, about how something so small suddenly felt like a big cliff between us. I wanted to say more, to explain myself better, but the words got tangled up, like when you try to untangle old headphones in a rush. She looked tired and maybe a bit frustrated, which made me pull back instead of reaching out. I keep replaying the moment when I asked if she wanted to talk about what was bothering her, and she just shook her head and changed the subject. Was that avoidance or just needing space? I don’t know, and part of me wants to push harder to fix it before it grows. But another part says maybe tonight, or tomorrow, I should just listen, really listen, without jumping in. I hate feeling like I’m guessing how she feels. It’s crazy how something so familiar can still feel like a puzzle sometimes. I guess I’ll try to be patient, even if it’s hard when my mind races ahead. Maybe it’s okay not to solve it all right now.",4,5,4,4,4,3,"The journal entry exhibits a mostly coherent narrative with a clear focus on the dinner incident and relationship dynamics. Thoughts are well-connected, with clear transitions between expressing feelings, uncertainties, and plans. Some internal contradictions are acknowledged and explored thoughtfully. The narrative concludes with a sense of patience, providing a good degree of closure."
"Feeling a little restless tonight, even though everything went pretty smoothly today. After dinner at the table, I was trying to sort out the weekend plans—Colette wants the kids Friday night, but that clashes with the dentist appointment I promised Alex I'd take him to Saturday morning. Then there’s the basketball game Sunday afternoon, which I’d like to make sure I don’t miss since I promised to cheer him on. I scribbled some notes on the calendar again, but it’s starting to look like a mess with all the back-and-forth. I really want to get ahead of this before next week hits. Also, there’s that pile of laundry waiting upstairs that I’ve been avoiding. The warehouse was extra busy, so by the time I got home, I just wanted to eat and sit for a bit. I’m hopeful if I get up early tomorrow, I can tackle some of these things. Maybe a strong coffee will help clear my head before the chaos starts again.",4,4,5,4,3,3,"The entry exhibits good continuity as thoughts about the weekend plans, work, and chores are linked together logically. Topic focus is clear with each aspect given some development before moving on. There are no contradictions present, and the expression is mostly clear with organized thoughts. However, the entry ends with some loose ends, such as tasks not yet completed, which affects narrative closure. Overall, it demonstrates a mostly organized structure with minor lapses."
"Just finished texting him back but now I’m wondering if I should have said more or less. We had that weird pause in our conversation tonight where it felt like neither of us really knew what to say. I keep playing it over in my head, trying to figure out if I sounded defensive or if maybe I missed some hidden meaning in his words. It’s frustrating because I want to be patient and give him space, but my mind races and I start doubting everything. Maybe I’m just tired and overthinking because I’m alone here in this quiet apartment with only the hum of the heater. I wish I understood better how to navigate these moments without spiraling. I keep reminding myself that not every silence needs to be filled or fixed immediately. Still, it feels like a small crack that might get bigger if ignored. Maybe I’ll bring it up again tomorrow because it feels weird to leave things hanging like this. I hope he’s not upset, or worse, just tired of me trying so hard.",4,4,4,4,3,4,"The entry maintains good continuity, with coherent reflection on a specific conversational moment. Topic focus is consistent, examining the situation from several angles. The writer shows awareness of contradictions—between wanting to give space and feeling anxious—and attempts integration. While clear overall, the entry lacks full narrative closure, ending without resolving the intent to revisit the conversation tomorrow."
"Today I forgot to log a few small purchases while trying to stick to my budget, which is annoying because every penny counts right now. Spent the afternoon sorting receipts and trying to figure out how to stretch the last bit of my emergency fund through the next two weeks. The desk lamp is the only light on as I write this, and the silence feels heavier than usual. I’m thinking about how uncertain freelancing feels—there’s no steady paycheck, no safety net, and that’s exhausting. Sometimes I wonder if the freedom is worth the stress. I need to fix my tax documents soon but keep putting it off because the numbers make my head spin. I’m tired but can’t sleep yet, maybe because my mind keeps jumping between unpaid invoices and future plans I haven’t made. Honestly, it’s hard not to feel invisible when all your work is remote and the days blur together. At least I have this small space to call mine for now, even if it feels cramped emotionally and financially.",4,4,3,4,3,4,"The entry maintains a mostly continuous flow with organized transitions between financial concerns and reflections on freelancing. Topics are well-developed but there is a slight mix of emotional reflections within financial themes. Contradictions, like freedom vs stress, are acknowledged but not deeply integrated. The narrative closes somewhat openly, leaving thoughts on current challenges hanging, but with coherent structure overall."
"I felt really rushed tonight, trying to juggle all the thoughts about the tension with my partner while sitting in the parking lot before my shift. It’s hard to switch off the anxiety when I’m already behind schedule and still need to focus on work. We had a quiet moment earlier, which felt like an opening, but I couldn’t quite lean into it because I kept worrying it would slip away. I kept going over what I should’ve said or done differently, which only made the silence heavier between us. Sometimes I wonder if being practical about the situation helps or just distances me more. I want to be warm and present, but my mind runs ahead, planning and critiquing everything. I wish I could just pause and accept that not all things are fixable right away, especially when my time feels so limited. Tonight, that half-smile she gave me before I left felt like a tiny peace offering, but also a reminder of how much needs mending. It’s exhausting to care this much and feel so uncertain at the same time. Maybe tomorrow I’ll find a better balance between being intense and letting things breathe, even if just a little. For now, I need to focus on this shift and not let the worry clutter my head too much ☕.",4,4,3,4,4,4,"The entry maintains good continuity and focus, clearly separating reflections on the relationship from work stress, with intentional topic transitions. There is partial integration of contradictions, acknowledging conflicting feelings but not fully resolving them. Clarity is good, with complete sentences and minimal hedging. It ends with a sense of intentional reflection and some closure."
"This morning, I remember accidentally leaving the kitchen window open while trying to pack breakfast quickly, and now there's this chill that I can't seem to shake. I'm sitting here, half-drinking my coffee that’s gone cold, trying to map out the day in my head. The schedule feels like a tangled mess: work shifts, my parent’s appointments, the pharmacy run, and those unresolved calls from the insurance company. It’s like I keep shifting priorities but nothing really gets checked off. Sometimes I start a task and then something else pulls me away — a phone call, a sudden need for help, or just plain exhaustion that creeps in. At the cafe, I try to focus on the rhythm of pouring drinks and greeting regulars, but my mind drifts back to a pile of unpaid bills on the kitchen counter and that half-packed bag for the doctor’s visit. I wish I could be more organized, but the days blend together, and I feel stretched thin. Even when I get a moment's peace, I’m already planning the next thing, which makes it hard to relax. I’m patient with others, yet sometimes it’s hard to extend that same kindness to myself. I’ll need to make a real to-do list today and maybe tackle one small thing before the afternoon chaos begins. For now, the quiet kitchen and a lukewarm cup of coffee are all I have to regroup.",3,3,4,3,3,5,"The journal entry shows moderate continuity with some breaks as the writer shifts between thoughts about daily tasks and introspection. Topics are identifiable but transitions are not always smooth, indicating moderate focus. The writer acknowledges being patient with others but struggling to be patient with themselves, reflecting good awareness of contradiction. There are some cognitive loads evident in phrases like 'trying to map out the day' and shifting from one thought to another. The narrative offers partial closure with the intention to regroup, though it ends without a strong sense of resolution."
"Earlier today, I was trying to sort out the kids' schedule for the week, and somehow I ended up with three conflicting appointments in my calendar. It’s always this juggling act with co-parenting, but for some reason, today it felt more like dropping balls than catching them. Tonight, I took a walk around the block to clear my head and breathe a little. The neighborhood was quiet, just the occasional rustle of leaves, which was a welcome break from the nonstop mental noise.

During the walk, I found myself thinking about the tension that’s been creeping in between me and my ex. It’s frustrating because we’re both trying, but sometimes it feels like we’re speaking different languages. I guess grief from past losses still shadows a lot of our interactions. I want to repair things, to find some common ground, but I’m not sure where to start. Maybe these small moments of reflection will plant a seed for better days. For now, I’m just trying to stay grounded and organized, even if my mind feels scattered. Sometimes that’s all you can do.",5,5,4,5,4,2,"The journal entry displays excellent continuity and topic focus, moving smoothly between organizing the children's schedule and personal reflection on co-parenting. It integrates contradictions well, acknowledging tensions without resolution but showing intention toward improvement. The cognitive clarity is high, with clear sentences and minimal hedging, although the narrative doesn't fully resolve, it ends on a thoughtful note, providing a sense of partial closure."
"The house is quiet except for the faint hum of the refrigerator and the occasional creak from settling wood. Earlier today, I tried to talk with mom about her medications, but the conversation felt off. She said she understood, yet her eyes told me otherwise, maybe confused or just tired. I’m not sure if I explained things clearly or if she’s just overwhelmed, which makes me question whether I’m really helping or just adding to her stress.

I’m stretched thin as it is, managing classes and research while keeping an eye on her, and these moments weigh on me more than I like to admit. It’s frustrating because I want straightforward answers but keep running into vague responses. I guess all I can do is keep trying and hope that clarity comes with time. For now, all of us just need to get through one day at a time.",5,5,4,5,4,2,"The journal entry is well-structured, with a smooth flow of thought from the quiet house to concerns about helping mom. There is a clear focus on the theme of balancing personal stress with care responsibilities. The writer acknowledges and explores their conflicting feelings about being helpful without fully resolving this tension. The entry is expressed clearly, with well-formed sentences and minimal distraction. Although it concludes on a reflective note, it allows for an open-ended progression rather than a complete resolution."
"Earlier today, I was trying to sketch while the kids were home, but every five minutes someone needed something—snacks, help with homework, a bandage for a scraped knee. Now, sitting alone in the kitchen just past midnight, the quiet feels heavier than usual. I’m surrounded by a mess of art supplies mixed with unopened mail and a half-packed bag for tomorrow’s class. The stroller still needs fixing and I haven’t emailed the doctor to reschedule that appointment. I keep glancing at my phone, reminded of all the reminders and messages I’ve yet to answer from family about upcoming visits and school events. My coffee is cold, and the clock ticks too loud. It’s hard to focus when the to-do list feels endless but every item is important. I suppose I’ll try again to put brush to paper before morning light, even if it’s just a rough outline. These moments steal my energy, but in some ways, they keep me grounded. Maybe tomorrow will be less chaotic, though I can’t count on it. For now, I’ll just sit here and breathe.",5,4,4,4,4,3,"The entry follows a clear flow from describing a chaotic day to the current moment of late-night reflection, showing good continuity. Topics, while varied, are coherently connected around the theme of daily challenges and are well-organized. There is an implicit understanding of the tension between feeling overwhelmed and grounded, indicating good integration of contradictions. Expression is mostly clear, with a slight sense of load due to listing tasks and concerns. The entry closes on a reflective note, providing a sense of intentional closure."
"I woke up feeling the pressure even before leaving the kitchen this afternoon. The sunlight was harsh through the window, and I couldn’t settle my thoughts about that conversation from last night. We talked for a while, but everything felt like it was moving too fast or not at all. I kept wondering if I read the signs wrong or if I’m just too impatient to see where this might go.

She mentioned wanting space but also seemed to want to keep things open, which left me confused. I’m still trying to balance being patient with my own sudden urge to understand what this new thing means. I spilled some coffee while reaching for my phone, a small mess that felt oddly symbolic. I like being spontaneous usually, but today it only added to the noise in my head. Maybe I’m rushing because I want this to work, or maybe I’m afraid it won’t. Either way, I have to remind myself that these early days are always tricky. I’ll try to breathe through the uncertainty, even if it feels like my mind is running ahead of me.",4,4,4,4,4,3,"The entry has a good flow with intentional transitions between thoughts about the conversation and personal reflections. Topics are clearly defined with good development before moving on. Conflicting feelings are acknowledged and there is an attempt to reconcile them, showing nuanced thinking. The expression is clear with complete sentences, and the entry ends with a reflective closure, tying up the main thread about uncertainty."
"The corner seat by the window is colder than I expected this morning, especially with the slight breeze sneaking through the door each time it opens. My laptop is open, files for work and notes for class scattered around, and my coffee has already gone a bit cold. I can’t seem to focus because my brain keeps flipping between the engineering project due next week and the exam I have tomorrow. I tried making a to-do list, but it just turned into a jumble of half-finished thoughts and reminders to check on other tasks I forgot about.

I keep tapping my pen, watching the people walking past outside, wondering how they manage all their stuff without feeling this tied up in knots. I know I need to prioritize better, but everything feels like it’s happening at once. I’ll probably have to stay late at work again after class, or maybe skip a break just to get some peace. Despite all this, there’s something about being here that helps me feel a little less trapped—maybe it's the chance to step away from the chaos for a moment, even if just to write this down.",2,3,3,2,3,6,"The entry shows poor continuity with thoughts jumping from work to class to personal reflections without clear transitions. Topic focus is moderate as the main themes of work and study stress are evident but mixed. There's partial contradiction integration with some awareness of being overwhelmed yet feeling momentarily at ease. Cognitive clarity is low due to scattered thoughts and hedging about focus. The narrative closure is partial, ending on a reflective note but not fully resolving the issues raised."
"I'm tired and a bit overwhelmed tonight. I spent hours reorganizing my supplies, but it still feels like everything is scattered everywhere. My apartment looks the same as before, cluttered with sketches, paint tubes, and canvases drying on every flat surface. I told myself to take it one step at a time, but then I got distracted making a new color mix and lost track of what I was doing. The phone kept buzzing with reminders about upcoming orders and meetings, none of which I’m fully ready for. I haven’t eaten since late afternoon and I’m too restless to sleep yet. I wish I could just focus on one thing and finish it. Tomorrow I have to ship some prints and maybe actually clean the kitchen. I hope the morning coffee helps because I don’t feel like sorting through all this chaos again. Still, I want to believe I’ll catch a break soon. The mess is frustrating but it also means I’m making stuff, even if it doesn’t look perfect right now. I’ll try to be kinder to myself.",4,4,4,4,4,3,"The entry maintains a good flow with intentional topic switches between personal feelings, tasks, and reflections. It shows clear transitions and mostly well-developed themes. Contradictions, such as the tension between chaos and productivity, are acknowledged and partly integrated. The narrative concludes reflectively, indicating good cognitive clarity and resolution, though the overall theme of feeling overwhelmed persists."
"Scrolled through the calendar app again, trying to line up the kids’ activities with my university deadlines and somehow it feels like this juggling act is only getting harder. I sat on the living room couch searching for a moment today when everything just clicked, but mostly it was a series of half-finished thoughts and reminders bouncing around my head. The break from studying was supposed to help, but instead I kept finding myself dreading the email from the group project partner who never responds on time. I was anxious about the upcoming presentation, which somehow made coordinating drop-off times with my coparenting situation feel even more overwhelming. There was a brief instant when my youngest ran over to hug me, and that felt like the only thing grounding me in the chaos. But then I immediately started thinking about grocery lists and who was picking up the dry cleaning and how to fit in exercise without breaking my back. I love the kids and this life, but sometimes the practicalities feel like a maze with no exit. It’s like I’m pulled in too many directions at once and my brain won’t let me rest. I wish I could just focus on one thing without the pull of all the others constantly nagging at me. Still, that hug made me remember why I keep trying, even when my mind is a mess of anxiety and to-do’s. Maybe tomorrow I’ll find a little better balance, but tonight I’m just tired and fidgety, bouncing between grateful and overwhelmed. Somehow that feels normal for me lately. ☕️",3,3,3,3,3,6,"The entry contains moderate continuity with thoughts that proceed in spurts of reflection on daily tasks and interruptions. The topics of family, work, and anxiety intermingle without clear transitions. Contradictions between gratitude and overwhelm are acknowledged but not fully integrated. The cognitive load is moderate with some fragments and restarts. The entry reflects some closure by mentioning a glimmer of hope, but it remains open-ended. Overall, the narrative shows a mixed level of organization and coherence."
"The clatter of dishes still echoes faintly as I sit here, the leftovers barely cleared from the table and the fading light casting soft shadows across the room. We had dinner later than usual, thanks to the chaos of today’s schedule, and it’s like the small cracks in our conversation widened without either of us fully saying why. I could see the frustration flicker in her eyes as I made some dry joke about the laundry pile. Not my finest moment, but honestly, when you’re juggling a toddler’s tantrums and a work email meltdown at the same time, the humor feels like a lifeline, even if it’s a bit sharp-edged. I’d hoped we’d laugh together, instead I got silence and a quick glance away. I guess the weariness is sinking in deeper than I admit. I want to reach across the space, the part of me that’s still gentle and optimistic whispering that we’ll find our way through this. But right now, it’s just hard to even get the words out without tripping over the exhaustion and the guilt. Tomorrow’s another day, they say, but it’s hard not to feel like we’re walking a tightrope stretched a little too thin. I need to remember that these moments don’t define us, even when they feel like they do. Maybe a better joke, or just a longer hug. Somehow, someway. ☕",4,5,4,4,4,3,"The entry shows good continuity with thoughts connecting well and flowing logically. The focus is clear, centered on the dinner experience and relationship reflections. Contradictions are acknowledged with awareness, showing nuanced thinking. Language is clear with minimal hedging. The entry reaches a moderate resolution, suggesting a reflective, albeit open-ended, conclusion."
"Earlier today, I caught myself staring at the empty chair across from me during lunch, like it was supposed to say something it never did. The silence between us has grown thicker these past few weeks, heavier than the grease and grime I deal with at the shop. I kept turning over what I said last night when things got heated, wondering if I pushed too hard, or if maybe I didn’t push hard enough. Now, here I am sitting in the dark, the clock ticking louder than my heart, trying to piece together why saying sorry feels like swallowing something bitter. I want to bridge the gap, to fix this tension before it stretches into something unfixable, but the words stick like oil on my tongue. I’m tired, not just from work and classes, but from carrying this weight alone. I hope tomorrow brings a chance to start fresh or at least a little understanding. It's strange, balancing this job, schoolwork, and trying to keep what matters from slipping through my hands. I guess patience is what I have left, even if it feels like little more than hope right now. I don’t know if I’m doing the right thing or just holding on to fear of losing what I care about most. Sometimes, late at night, the silence answers back and I still feel like I’m the one who has to break it. Maybe tomorrow I will.",5,4,4,4,4,3,"The journal entry maintains excellent continuity as thoughts transition smoothly from the empty chair to reflections on communication and personal struggles. The topic focus is good, with a strong central theme though there are diverse elements like work, school, and relationships that could be slightly more compartmentalized. Contradictions are acknowledged and integrated with a sense of hope and patience offering nuance. Cognitive clarity is high, with mostly complete sentences and clear expression though some sentences are complex. The narrative closure is good, providing a hopeful outlook towards future actions, giving the entry a resolved feeling."
"Earlier today, I caught myself watching him as he talked about his weekend plans, smiling like everything was perfectly clear to him. But inside, I felt this swirl of questions and what-ifs, like maybe I'm just not reading the signs right. Now, in the quiet early morning kitchen, the light through the window stretching long across the counter, I’m trying to make sense of it all before the day starts. I brewed some coffee, the steam drifting up and filling the silence, hoping it would help settle my restless mind. He said something about wanting to be honest this time, but I can’t tell if it’s honesty or just a different way of avoiding what’s really underneath. I want to believe this is a new beginning, but the old part of me keeps whispering to be careful. What if I misread those little things—his tone, the way he looks away when I ask about the future? I guess I just want to feel like I’m not the only one wondering. I keep going over that conversation in my head, trying to catch what slipped through or what I missed. There’s this gentle hope in me, tangled up with the anxiety that maybe I’m too eager, too ready to find meaning here. I’ll probably pour this coffee again and watch the quiet unfold before anyone else wakes up. For now, that’s enough.",5,4,4,5,5,3,"The journal entry presents a smooth flow of thoughts with intentional transitions between the past conversation and the present moment of reflection. There is a clear focus on the situation with the 'him' mentioned, though the narrative incorporates different layers of emotional reflection. Contradictions between hope and caution are acknowledged and integrated with awareness. The thoughts are crisply articulated with a decisive expression that concludes in a reflective and complete manner."
"This afternoon I was sitting in the park, watching people walk their dogs and kids chasing after pigeons, and I kept thinking about that text he sent me. It was casual, almost too casual, like he didn’t want to make a big deal out of plans we barely made. I guess I’m just restless, waiting for something concrete, some sign that this new thing we’re trying is going to mean something more than just passing time. I keep replaying our last conversation in my head—how it felt like we were both dancing around what we really think. It's frustrating, honestly, wanting to dive deeper but feeling like the water’s too cold.

Now, sitting here at home with the lights dimmed, I wonder if I’m too intense or maybe just scared of being vulnerable. There’s this quiet buzz in my chest, like a low hum I can’t turn off. I don’t know if I’m ready to open up fully or if I’m just protecting myself from disappointment. Tomorrow, I might try to say more, or maybe I’ll just keep scribbling notes like this. Either way, it feels like a waiting game I didn’t sign up for but can’t walk away from. Maybe it’s okay to not have the answers yet. 🌙",4,4,4,4,4,3,"The journal entry shows good continuity, with thoughts generally flowing logically even as the setting shifts from the park to home. The topic focus remains clear, primarily centered on the author's reflections on a relationship, though there are some shifts in emotional tone. Contradictory feelings are acknowledged, such as the tension between wanting to be vulnerable and the fear of doing so, showing good integration. Cognitive clarity is maintained with mostly complete sentences and coherent expression. The narrative has a reflective end, accepting temporary uncertainty, providing good closure."
"I just finished a slow walk around the block, trying to shake off the tension from this morning. It’s strange how even a short outing can feel like stepping into a minefield when you’re anxious about what people think. I ran into a neighbor briefly, enough to exchange awkward pleasantries, but it left me more unsettled than before. I think it’s the constant awareness of who might overhear or judge that keeps me on edge. At home, there’s barely any privacy. Every room has ears. Trying to hold space for my own thoughts feels impossible sometimes, especially when the family conversation shifts to topics I’d rather avoid. I’m supposed to be the one helping others manage their issues, yet I’m struggling to handle the friction close to me. Maybe it’s the mismatch of wanting to stay grounded and intense emotions bubbling under the surface. No one sees that part, or if they do, they don’t mention it. I ended up pacing by the streetlight, feeling like I was caught between wanting to say something and just keeping quiet. The air was cool, and that helped a little. I thought about grabbing coffee on the walk but decided against it—too much chance of running into someone I wasn’t ready for. Tomorrow, I want to try being less hard on myself, even if it means small steps. It’s just hard when you live in a house where every sound feels magnified and every expression gets dissected. I’m hoping for some calm, or at least less noise in my head. ☁️",4,4,4,4,4,3,"The journal entry maintains good continuity and flows smoothly from one thought to the next, often connected through the theme of anxiety and privacy. There is a clear focus on the interplay between internal emotions and external perceptions, with well-developed reflections on these topics. Contradictions, such as wanting to be both open and private, are acknowledged and partially integrated. Cognitive clarity is strong, with well-formed sentences and minimal hedging. The entry is wrapped up with an intention for self-compassion, providing a sense of narrative closure."
"Feeling kind of on edge right now after that weird interaction with Jamie at the coffee shop. I thought I was being clear about swapping shifts next week, but she looked annoyed and said something about me always changing plans last minute. I don’t get where she’s coming from because I texted her days ago, and I’ve been straightforward about my schedule. Maybe she’s just stressed about that project she mentioned? It’s hard to tell if she’s upset with me or just having a bad day.

I tried to keep it casual, but now I’m second-guessing if I spoke too fast or not enough. Should I have apologized even though I don’t think I did anything wrong? It feels like I’m stuck in this cycle of trying to be practical but ending up misunderstood anyway. Sometimes I wish I could just say exactly what I mean and it would land right, no extra explanations or feelings to decode. 

I guess I should text her tomorrow and check in, though part of me wants to just let it be and avoid more awkwardness. Ugh, I hate overthinking things like this, but it’s tough not to. At least the latte is good and the corner booth is quiet, so I can try to breathe a little before heading back.",4,4,3,4,4,4,"The entry maintains a mostly coherent flow as it moves through thoughts about the interaction with Jamie and self-reflection. Topics like the coffee shop experience and personal reflections are distinct but well connected, though there are some unresolved contradictions such as wishing to avoid awkwardness versus wanting to check in. The entry uses clear language with minimal hedging and concludes with a sense of temporary resolution, focusing on the current moment of peace."
"Just closed my laptop after another endless session of updating the project timelines and trying to untangle the mess of overlapping deadlines. I can feel the bus jerking as it turns the corner, and my mind is all over the place. I’ve been trying to keep up with everything, but I keep finding little things I've missed—emails unanswered, budget approvals still pending, and that vendor follow-up I promised myself I’d call today. Somehow, the to-do list just keeps growing even though I’m spending all day pushing items around. I can’t seem to find a solid block of time to focus without interruptions. It’s frustrating because I keep thinking I should be better at handling this, or at least more organized. My routine is steady, sure, but it’s starting to feel like just going through the motions rather than making real progress. I need to set clearer boundaries, maybe carve out time just for deep work without distractions. But then I worry about being too rigid and missing out on things that come up unexpectedly. The apartment feels quieter when I get home, which is good, but also makes me more aware of the growing list of tasks left undone. I’m worried I’m spreading myself too thin, telling myself I can handle it all if I just push a little harder, but it’s exhausting. Seriously need to rethink how I schedule my days, maybe delegate more even if it makes me uncomfortable. For now, I’ll try to focus on getting some rest tonight and avoid opening my laptop again. One step at a time, right? ☕",4,4,3,4,4,4,"The entry has good continuity, as thoughts flow logically from one to another, primarily focused on work stress and personal organization challenges. The topics are well-focused, with clear transitions between thoughts on work, personal routines, and the need for rest. There is moderate integration of contradictions, particularly in balancing the need for structured work time with flexibility. The narrative closes with a sense of resolution, planning to rest and reassess, and cognitive clarity is mostly good despite a couple of places where the writer second-guesses themselves."
"I just finished going over the spreadsheet for the third time tonight, double-checking the numbers in the hope that maybe I missed something—some small margin for maneuver. No luck there. Every line item is painfully exact, and the projections stubbornly refuse to look any better than they do. It’s late, the house is quiet except for the occasional creak, and my mind won’t shut off. I keep replaying the meetings from today, wondering if I came off as too uncertain or if the questions I dodged were obvious enough to set off alarms.

The restless energy under my skin is more than just the financial strain; it’s the gnawing question of what this all means for me beyond the spreadsheets. Founding this company was supposed to feel like a leap forward, a statement about who I am, or at least want to be. Instead, I’m tangled in logistics and small crises, and it’s hard not to wonder if I’m just spinning my wheels. Maybe that’s the reality for most founders, but it doesn’t make it any easier. I guess I need to accept some discomfort tonight and hope tomorrow brings a clearer head and a better sense of direction. At least I’m still curious, and somehow, that tiny spark might be enough to keep going.",5,5,5,5,5,1,The journal entry is well-structured with a seamless flow of thoughts from the practical issue of the spreadsheet to broader reflections on personal and professional identity. Each topic is addressed with depth and finishes with an integrated reflection that acknowledges uncertainty while finding a small sense of resolution. Clear transitions demonstrate excellent cognitive clarity and a sense of narrative closure.
"Just finished logging all the tasks I have lined up for the next three days, and honestly, it feels like I barely made a dent. The late-night hours don’t help—my brain is still wired even though the rest of the house is quiet. I spent way longer than I wanted trying to coordinate schedules with my partner to find some time to talk properly. We keep missing each other between work and other commitments, which just adds to the feeling of being spread thin. I wish I could organize my day better but right now I’m still jumping between project deadlines, grocery shopping plans, and sorting out a few appointments.

It all piles up fast when I’m rushing, and it’s tempting to just push some stuff aside, but that never works long term. I’m setting an alarm to remind me to take a real break tomorrow afternoon, even if it’s only 20 minutes to clear my head. Maybe that will stop me from spinning in circles tonight. Also need to remember to check the software updates before they force a restart at the worst possible moment again. The clutter on my desk isn’t helping either, I should clear that out before it gets out of hand. Okay, time to shut down the laptop and try to get some rest before this logistical chaos kicks off all over again in the morning.",5,4,5,5,5,2,"The journal entry maintains excellent continuity with a smooth flow from one thought to the next. Topics are well-organized, with clear transitions between personal reflections and practical actions. There is no presence of contradictions, as the writer is clear about the challenges faced. The expression is clear and decisive, with coherent and complete thoughts. The entry closes with a resolution to rest and prepare for the next day's challenges, providing full closure. Overall, the mental narrative is highly organized."
"The sunlight is coming in weakly through the kitchen window this morning, casting long shadows across the counter where I left my mug from last night. I woke feeling a bit tight in my chest, probably from the conversation Chris and I had this afternoon. We've been trying to improve how we communicate, but sometimes it feels like we're just talking past each other, stuck on the same points without really hearing what's underneath the words. He mentioned feeling unappreciated, and though I wanted to reassure him, I ended up stumbling over my responses, trying to find the right balance between listening and explaining my side. It left me feeling drained and a little defeated, like I should do more but I’m not sure what.

After the shift, I sat quietly at the kitchen table, just letting the silence settle around me. There was a moment when I caught myself imagining what it’d be like if things were easier between us—less stress, fewer misunderstandings. I know progress doesn’t come overnight, but it’s frustrating to feel stuck. Still, I want to hold on to the patient, practical part of me that believes steady effort will make a difference eventually. For now, I’ll try to be gentle with myself and not expect perfection. Maybe tomorrow I’ll be more prepared to listen without getting overwhelmed.",5,5,5,5,5,1,"The journal entry exhibits excellent continuity and topic focus, smoothly transitioning between reflections on a recent conversation and the resulting emotions. Contradictions are well-integrated, as the writer acknowledges both the frustration and hope they feel about improving communication. The expression is clear and decisive, with a reflective closure that sums up the writer's thoughts realistically. Overall, the narrative is highly organized and coherent."
"The cold concrete under my boots feels sharper than usual tonight, probably because I’m standing too still in this empty parking lot. My phone’s battery is almost dead, and I didn’t bother charging it fully because the stress at work and what happened with him keeps looping in my head. I should be asleep, but the noise of cars occasionally passing by is the only distraction I get. I keep going over the fight we had, how I said things I didn’t mean, how he sounded distant and tired. It’s like neither of us has the time or patience to fix what’s breaking, and that makes everything feel unresolved and heavier.

Tomorrow is going to be a long day under the hood of someone else’s car, pretending all the tension isn’t crushing my chest. They expect me to show up, work fast, be precise, but inside I’m rushing to catch a moment of normalcy. I wonder if moving here was a mistake or if I just haven’t settled enough to stop overthinking every word and every silence. Maybe the stress of learning new systems at work is just fueling the unease with how things are with him. I want to believe this is temporary, that some coffee and a good night’s sleep will clear my head, but right now, the uncertainty feels like it’s drowning the routine I thought I could rely on. 😕",4,4,3,4,3,4,"The entry maintains good continuity and topic focus, with thoughts clearly flowing from the emotional impact of a personal conflict to its effects on daily life and work. While there is partial integration of contradictions related to stress and uncertainty, it lacks deeper synthesis. The writing reflects clarity with minimal hedging, though it ends with some unresolved tension. Overall, the structure is mostly organized with some areas of moderate entropy."
"The hum of the fridge and the soft tap of rain against the window fill the kitchen this morning. I woke up anxious like usual, the kind of tight stomach feeling that makes me want to hide instead of face the day. Work was busy, and the new faces around the warehouse still feel like a wall I haven't figured out how to climb. I caught myself clamming up when Jake tried to start a conversation; I’m not great at small talk, and he’s too loud for my liking, which probably didn’t help. Even so, I appreciate that he tries. I’m trying not to read too much into it or worry that I’m making things weird, but the silence after his question felt heavier than it should have. The new city still feels huge and unfamiliar, and evenings stretch long without the comfort of a friend or familiar routine. Tonight I made a point to text one person I’ve met — kept it short, no pressure, just enough to remind them I’m around. It’s a small step, but maybe that’s the only way forward right now. I can be patient with this awkwardness; I just need to keep trying, even if it feels exhausting. Coffee was too bitter this morning, but I drank it anyway. It’s a little ritual that grounds me before the noise of the day starts. I’m tired but trying to hold on to the hope that belonging doesn’t have to come all at once. Maybe it’s about quiet moments like these, listening to the rain and waiting for something familiar to settle in.",5,5,5,5,5,1,"The journal entry features a smooth flow of thoughts with clear connections between sentences, maintaining excellent continuity. It contains multiple distinct topics, such as work anxiety, social interactions, and adjusting to a new city, each with well-defined boundaries and transitions, resulting in excellent topic focus. Potential conflicts, such as feeling anxious yet trying to make connections, are acknowledged and integrated with a hopeful perspective. Cognitive clarity is high, with expressive language and minimal hedging. The entry concludes with a reflective note, providing a complete and resolved narrative."
"I didn’t plan on being so distracted this afternoon, but the conversation with Mark caught me off guard. We were sitting on the living room couch, and I thought I was clear about needing space to finish the report, but he kept trying to jump in with ideas, and it felt like he wasn’t hearing me. I ended up shutting down instead of explaining better, which probably made things worse. I want to believe he just didn’t realize how overwhelmed I was in the moment, but I keep wondering if I was too cold or impatient. Maybe if I’d been more patient or taken a breath before responding, it wouldn’t have spiraled. Now the tension lingers in the air, and I’m not sure how to bring it back to a good place without sounding like I’m blaming him. It’s frustrating because I want us to understand each other without all this back and forth. Hopefully, I can find a way to talk again tonight that feels calm and clear.",5,5,4,5,4,2,"The entry is well-structured with clear continuity and focus, smoothly transitioning from the incident to reflection and forward planning. There is a high level of cognitive clarity with complete, coherent sentences and minimal hedging. The writer identifies and begins to reconcile their emotions and intentions, showing nuanced thinking but not fully resolving the contradictions. The narrative closure is good, as the writer ends with a forward-looking intention to resolve the situation."
"I spent most of today sorting through old sketches and unfinished canvases in the studio. It’s surprising how many ideas I started but never followed through on, which leaves me wondering if my creative drive has shifted or just become scattered. The living room couch was more comfortable than the chair by the window where I usually work, so I ended up here most of the afternoon, feeling restless but unable to focus on anything in particular.

The conversation with my partner earlier was tough; we’re still trying to navigate how to communicate better without stepping on each other’s boundaries. I want to be patient and hopeful, but sometimes it feels like progress is slower than I expected. I noticed I kept glancing at my phone, hoping for a message or distraction, but mostly just ended up staring at the little cracks in the ceiling. Tomorrow, I’ll try to spend some time outside or maybe sketch with fresh eyes. For now, I’ll sit here a while longer with a cup of tea. ☕",4,4,4,4,3,3,"The journal entry exhibits good continuity, with thoughts connected logically. There are a few distinct topics, like creative drive and relationship communication, each developed sufficiently before transitioning. Contradictions, such as wanting to communicate better yet feeling progress is slow, are acknowledged but not fully resolved. The narrative has moderate closure, ending with a future intention but some open thoughts. Overall, the entry is mostly organized with minor lapses."
"I feel pretty anxious this morning, mostly because of all the things I still need to organize after moving. The apartment still looks half unpacked, and it’s driving me a bit crazy. I spent the early hours trying to figure out where to put my work materials so they don’t get mixed up with the kitchen stuff, but it’s hard to find a good system when everything feels temporary. I keep telling myself it’s okay, that this chaos is part of settling in, but it’s easier said than done.

I also realized I forgot to update my address for the important deliveries, which just adds another item to the never-ending to-do list. I think I’ll have to spend some time on the phone tomorrow to sort that out, which I’m not looking forward to. On the bright side, I managed to hang a couple of pictures in the living room, and it made the space feel a little more like mine. I’m trying to remind myself that these little wins count, even if everything else feels overwhelming. Hopefully, as things start to fall into place, I’ll get a better sense of being grounded here, but for now, it’s just a lot to handle.",4,4,4,4,4,3,"The journal entry is mostly organized, with a clear focus on the stress of moving and settling in. Topics are coherently developed, with logical transitions between discussing organization challenges and moments of progress. The entry demonstrates awareness of contradictions (e.g., chaos vs. minor victories) and incorporates them into a cohesive reflection. The writing is clear with a slight sense of conclusion, reflecting on ongoing challenges with some hopeful resolution."
"The quiet hum of the heater fills the living room while the street outside feels totally still, almost like the city is holding its breath. I was just on the couch, trying to unwind after the late shift, but my mind keeps flipping back to Mom. I didn’t call today like I promised myself because I didn’t want to break down while everyone was around. It’s hard being so far away now, and I keep wondering if I’m doing enough to keep her memory alive. She would have loved this little apartment, I think, even with its crooked shelves and the tired couch I’m sinking into. Sometimes I catch myself talking to her in my head when I’m walking to work or stacking boxes, and it’s like she’s there telling me to keep going. I know I’m still figuring out how to live here, making friends feels like a slow drip, but tonight I realized how much I need to make this place home, not just a stopgap. I might try that community group next week, even if it makes me nervous. It’s weird how grief makes your chest feel full but empty at the same time. I miss her so much I can almost hear her voice when I’m alone. I guess that’s why I’m jittery now—half hopeful, half scared about building something new without her. But I also know she wanted me to be happy, wherever I ended up. So, maybe tomorrow, I’ll call her old friends here and see how they’re doing. It’s like I’m walking a tightrope between holding on and letting go, and some nights it’s harder to find my balance.",5,5,4,5,4,2,"The journal entry shows excellent continuity, with thoughts and reflections on Mom and the apartment flowing smoothly together. Topic focus is high as each theme—grief, home-making, and future plans—is well-developed. Contradiction integration is good, acknowledging the conflict between holding on and moving forward. Cognitive clarity is excellent, with clear and complete expressions throughout. While not fully resolved, the narrative has a good sense of closure, particularly with intentions for future actions."
"The morning light is just starting to creep in through the kitchen window, soft but insistent. I was chopping vegetables faster than usual, probably trying to fill the silence or maybe my own head space. He called last night, we talked but felt like we were just skimming the surface, not diving deep enough to really understand where we're going. I keep wondering if I should slow down, be more patient, but my mind races ahead, imagining every possible outcome. The coffee was bitter this morning, not like usual, maybe reflecting my mood or just the rushed way I made it. I’m jotting down orders while replaying our last few conversations—they’re like puzzles, some pieces don’t fit yet. I want to be gentle, to be clear, but sometimes everything feels tangled together. Maybe this isn’t about rushing or waiting, but finding a middle ground where we both stand steady. Hope today’s shift will bring a little clarity or at least quiet moments to think it through ☕.",4,4,4,4,3,4,"The entry flows well with mostly connected thoughts, maintaining good continuity and focus on the relationship theme. The writer acknowledges contradictions but does not reach a full resolution, though an attempt to integrate them is evident. Cognitive clarity is mostly maintained, despite some minor implied fragmentation. The entry ends on an open note, suggesting partial closure rather than a complete resolution."
"I took a slow walk around the block to clear my head, but the list of tasks waiting for me didn’t get any shorter. I keep thinking about the emails I need to send, the invoices I haven’t finalized yet, and the project deadlines that keep shifting. My laptop is still open on the kitchen table, and I can hear the faint hum of traffic outside as I try to focus on what I need to tackle next. The inconsistency of freelancing income makes it harder to keep everything organized; some weeks are productive, and others it feels like I’m just catching up.

I noticed a few neighbors outside, chatting and watering their plants, which felt like a small reminder to take things one step at a time. I have to be gentle with myself about how much I can realistically get done today. I grabbed a bottle of water from the fridge on the way back and thought about brewing some tea later. Hopefully, a break will help with the scattered thoughts. It’s hard balancing the technical details of work with the everyday logistics of running a household, but I’m hopeful that next week will be steadier.",5,5,5,5,4,2,"The journal entry exhibits excellent continuity, smoothly transitioning from topics of work stress to personal reflections with a cohesive narrative structure. Topics are clearly outlined and developed without any fragmentation. The writer acknowledges their struggles but integrates them with a hopeful resolution. Clarity is high, with well-formed, complete thoughts. The entry reaches a meaningful closure, though not entirely resolved, leaving an intentional open-ended hope for the future."
"The living room couch feels lumpy tonight, like it never quite remembers the shape of my body. I just got back from the library, and my head is spinning with everything I have to finish this week. Mom was in the kitchen yelling about the dishes again, which pulled me out of my head and made me realize how little space I have here. I tried to keep my voice low when I said I’m too busy to help right now, but it ended up sounding harsher than I intended. They don’t get it. No one really does. I’ve barely had time to eat or even step outside. Somehow, this constant noise around me makes it harder to focus rather than less. I’m supposed to present my research proposal tomorrow, but the slides are still incomplete. Just thinking about standing in front of the department makes my chest tighten. Maybe if I can sneak away to the campus coffee shop tomorrow morning, I’ll get some silence. For now, I’m stuck between the crackling TV and their voices, trying to force out a coherent thought. It’s exhausting.",4,3,3,3,3,5,"The entry flows mostly well with a clear transition from the couch's discomfort to various stresses. However, some aspects feel scattered, such as moving from the library to mom's yelling without a strong link. Contradictions about needing space and family noise are noted but not fully explored. Clarity is moderate with some hedging ('maybe if I can'), and the narrative does not fully resolve, leaving an open-ended feeling."
"The sales numbers today were lower than I hoped, which just feeds into this constant worry about where the next paycheck will come from. Been sitting at the kitchen table for a while after dinner, trying to figure out if I should pitch more aggressively or maybe look for part-time work somewhere more stable. It’s frustrating because freelancing seemed like freedom at first, but it feels more like walking on a tightrope without a net now. I keep catching myself overthinking every small detail from client emails to my own responses—wondering if I’m coming off too pushy or not interested enough. The anxiety sits heavy in my chest, making it hard to just relax or even fall asleep early. I flipped through some notes for the product lines I sell and tried to sketch out a plan for next week, but my mind kept wandering back to what if this isn’t sustainable. Maybe I need to start building a financial cushion, but it feels impossible when the income isn’t consistent. I glanced outside; it’s pretty quiet, just the faint streetlight glow through the window. Wondering if I should call a friend or if I’d just sound desperate. I know being direct usually works for me, but tonight the words feel stuck somewhere in my throat. Sometimes it’s just tough to hold all these conflicting thoughts and still come out feeling like I’m in control. Hoping tomorrow gives me a clearer head or at least some decent leads. Need to remember that I’ve handled tougher days before, even if this feels rough now.",4,4,4,4,4,3,"The journal entry exhibits good continuity, with thoughts flowing logically despite covering multiple concerns related to work and anxiety. Topics are well developed and transitions are smooth, maintaining focus. Contradictions are acknowledged and show some level of integration, particularly around the tension of freelancing freedom vs. instability. Clarity is generally good, with mostly complete thoughts and minimal hedging. The entry concludes with a reflective sentiment, providing a sense of partial closure while still acknowledging ongoing issues."
"Spent too much time today juggling calls about parts and delivery dates. The backlog on the orders list keeps growing, and I can’t shake the feeling that I’m losing control of the shop. The boss is breathing down my neck about turnaround times, but every part delay feels like another nail in my confidence. After dinner, I stared at the bills stacked on the table and realized I’m still scrambling to cover rent this month. It’s frustrating how tight money makes everything feel, as if any mistake will send me over the edge. I’m trying to stay dry about it all, cracking jokes about how I’m basically a part-time accountant now, but inside I’m scattered and tense. It’s weird, though — when I’m under pressure like this, I start questioning if this is really who I want to be at 50. The mechanic who can’t fix his own life. The thought makes me cringe. Maybe I’m just tired, or maybe I need a plan that actually works instead of just hoping for scraps. Either way, I’m stuck sitting here with a dozen half-finished tasks and a brain that won’t stop running in circles. Coffee might help tomorrow, but right now it’s just the same old grind. At least I’m trying, and that has to count for something.",4,3,4,3,3,5,"The journal entry shows good continuity with connected thoughts on work stress and financial pressure, although transitions between topics could be clearer, resulting in moderate topic focus. Contradictions are acknowledged and somewhat integrated with a reflection on personal identity and current struggles. Cognitive clarity is moderate, with some scattered expressions but mostly complete thoughts. The entry reaches partial closure by expressing a sense of trying, though it leaves some aspects unresolved. Overall, the writing is structured but mixed in coherence."
