journal,continuity,topic_focus,contradiction_integration,cognitive_clarity,narrative_closure,overall_entropy,reasoning
"I refuse to limit myself to the belief system that everybody’s out to extract something from me without reciprocation even if that’s largely been my experience in multiple lifetimes.￼ Fuck you, Joe. 

Okay, that's that I hope.",4,4,3,5,4,3,"The entry is brief but structurally coherent: it presents a clear stance, names a likely trigger, and then intentionally closes. There is some internal tension between rejecting a belief and acknowledging repeated evidence for it, but the contradiction is at least recognized rather than looped, and the language remains crisp and controlled throughout."
"Also fuck this phrasing of pathological demand avoidance. It's only phrased that way because they saw a pattern in those not like them but couldn't see the patterns in all the fucking water they're swimming in all the time.

Pervasive Drive for Autonomy because the way current academia and scientific communities talk about it (traditional ones who aren't keeping up to date with what the actual community thinks) infantilizes people as if they can't make decisions on their own even when they might desire making those decisions. Every single person on this Earth experiences something they don't want to do and is capable of figuring out what is driving the avoidance that is perceived as pervasive. 

Categorizing and formalizing language and shared terms about a behavior shouldn't be the thing that enables others to empathize with my struggles. If it is, then I don't want it. Because clearly your empathy is still limited to a simplistic rule of if thing = human and care about human = good then I, a human, should care about thing. What about maybe thinking about the impact you're having on someone and if you don't think you can be responsible with the potential impact you will have on someone else, then remove yourself, you irresponsible bum???

I broke up with Joe because I couldn't handle the pain anymore. I couldn't handle how much his decisions were hurting me. And I definitely couldn't handle them continuing without any change to be seen on the horizon. That's enough. It doesn't have to be about characteristics of a person. It just needs to be about the behavior and the impact and if it can improved upon. 

At the end of the day, I wish he didn't tell me that he was okay with not having children. I wish he took the first few times I asked him in our relationship as a way to prevent pain. But he only thought about the future when it benefitted him and his legacy. God, this is such a waste of time. Writing this all down. Because I know how I feel about this. I had moments when I recognized his non-painful behavior. And maybe that was too much credit. 

I don't think I had high expectations for our relationship Joe. But honestly, even if that is the narrative you decided on, that's okay with me as long as you accepted that you couldn't meet them and you needed less expectations.",3,3,3,4,3,5,"The entry has clear sentence-level expression and mostly complete thoughts, but it shifts abruptly from a conceptual critique of terminology to a breakup narrative with only loose connective structure. The themes are identifiable and internally developed, yet the piece contains unresolved emotional tension and only partial integration of conflicting feelings, ending with some closure but not full resolution."
"It pisses me off so much that Joe asked me to move back to New York City. 

1. He knew about all the painful experiences I had growing up there. 
2. He knew that I desperately did not want to travel to NYC for the holidays or for that matter, ever. 
3. I would have to argue about it every year when he kept trying to convince me to go to the holidays up until the last time I had it where I asked him why he couldn't tell his parents his decision without including me. 
4. He BARELY HAD A STABLE JOB after years of me supporting his living out here AFTER HE SPECIFICALLY ASKED TO COME OUT TO CALIFORNIA WITH ME. 
5. He knew that me healing from those painful experiences and my health was my number one priority. 
6. He didn't want to make any friends in a place where he's surrounded by like-minded people who are interested in the same things as he is. How would that change at ALL by moving to a city you know nothing about?
7. He has no relational awareness about anyone that is a part of his life nor does it exist when applied to even where he positions himself on any given street. He's always in the way not considering that he's on a crowded street. If it happens once, he doesn't learn from it to prevent it again. Then he gets angry at the person and the situation as if he's entitled to that space. 

There's nothing I wish more than to enjoy some of the places that were respite for me when growing up but not at the expense of having to share past pain with someone who I can't trust to even take careful consideration of current pain I'm going through. 

No wonder I started shoving things down and not saying anything anymore. I lost my sense of safety and trust in him the day he tried to fuck me while I was asleep. I lost it the day I was sick with a respiratory infection and he didn't help take care of me. I lost it the day he heard me say no to taking out the trash that night and tried to whittle me down into doing the dishes. I lost it when I planned co-op game nights and he would end up just solving everything by himself and not wait for me or include me and when I said something about it , he got defensive about his way of doing things. No matter how much space I tried to take in my own autonomy, he always saw it as a personal affront and the only reason why he would see it as a personal affront is if he viewed me something he is entitled to or he viewed his relationship with me as status that he was entitled to. 

Regardless of me perceiving any of that shit as a demand, I can say no to things and should have to feel forced into doing that thing. You can make a convincing argument and see if you can help me see the benefit. But specifically asking why I always have to ask about the why instead of just doing the thing is a sure fire way to lost my trust and any access to my vulnerability. 

I think he's a shit partner. I think he doesn't know how to be a good one no matter the person. I think he knows it's hard and because it feels hard, it makes him think it shouldn't be hard and he's entitled to ease. I think he'll continue to be a terrible partner. I think he'll be a terrible father. And funnily enough, the same amount of information I have now from to disprove any of those conclusions is the same fucking amount of information I had when I was in the relationship with him. Fuck him. At least, I know to take my time now with someone. And weed out people with this behavior. 

Regardless of whether identity is intrinsic or not, I am devoted to my mental health first because no one else is going to do that for me and no one else has ever done that for me. If there continues to be patterns in how I engage with a certain population of people and those patterns are more informed by the public's view on masculinity, sexuality, ""perfect"" relationships or taboo and unconventional ones, then I'm fine being an equal and opposite force to maintain the space I take up not only to live but to thrive.",5,4,5,4,5,2,"The entry is highly structured: it opens with a central grievance, develops it through a numbered list and supporting examples, then moves into broader relational interpretation and ends with a clear personal resolution. Despite the emotional intensity, the thoughts remain connected and purposeful, with only minor sentence-level awkwardness rather than fragmentation or cognitive disorganization."
"Okay. I wanted to follow-up on a journal from Tuesday, because after Lucas and I had this hour long talk that we had on the phone, Later on, he goes home, does whatever he needs to do. I don't know. And then I get a text message around, like, 05:00, and he's and I I was like, oh, okay. So took him over. Now that was obviously geared towards the kids, but that was like, I thought that was really nice and a good, like, a really good thing. So we go over there. Was dinner. It was made as was ready when we got there. We all ate, and then was getting ready to leave. Well, I'm not really getting ready to leave, but I'm gonna get ready to leave because he had to come to your house, and then he he got your text message about your your doggy. And and he said, well, I don't have to go to Jane anymore. Unfortunately, her dog is having some weakness, but you guys wanna watch a movie? So they he sat on he brought his air mattress out to the living room. The kid sat on the air mattress with him and sat in a glider chair, and we watched a movie with them. So I thought that was really nice. Then we ended up coming home, and I did ask him if he could take the garbage down because it was pouring down rain. And it was our first garbage night. And I would have had to have walked down there in the pouring rain because I didn't have anything other than my body to, like, walk it down with. And he has his truck that he could put in the bed of the truck. And I don't know why he hesitates. And I don't know if he would have let me walk down there in the rain, but the hesitation in why I asked him is what makes me question it. So whether he was doing it to be funny or actually really didn't want to, I don't know. But, he came back to the house, got the kids to bed. We were intimate again, and it was better. He did actually, complete, so it's possible. And then I took the garbage down. So that was Tuesday.",3,3,3,2,4,5,"The entry mostly stays on a single timeline about Tuesday, but the flow is disrupted by repeated restarts, unclear references, and several sentence-level tangles that make adjacent thoughts harder to follow. Topics remain broadly identifiable, and the ending returns to a clear wrap-up, but moments of uncertainty and unresolved interpretation about his hesitation show only partial integration rather than a fully synthesized reflection."
Today is my late uncle Pedro's birthday. I miss him so much. He was the only one of my uncles from my padre's side that went to my wedding and has always went to all my big events except my baby shower which I don't blame him for. He loved me so much. As I reflect and think of his memory I get sad and feel hurt cause he died alone he died of COVID. He died alone and it's very sad. And nothing that anyone can throw my way makes any sense or matters because compared to what he had going on his life could have been spared but it wasn't. I really miss him so so much. I wish I could see him and give him a hug again. That's my thought,5,5,5,4,4,2,"The entry stays tightly focused on one coherent theme—missing the writer’s uncle—and each sentence connects clearly to the next without abrupt topic shifts or fragmentation. There are no meaningful contradictions to resolve, and although some phrasing is repetitive and grammatically rough, the thought process is organized and ends with a clear concluding statement."
"Okay. So I just wanted to say something else too that I just thought of. So say he does come back into the home. Right? What does he think is gonna happen on Tuesdays? What does he think is gonna happen on these days that he has to himself? Like, if we're working on reconciliation here, which I don't think we're there because of where I am, but, like, what does he think is going to happen of him getting all this time to himself? Obviously, he'll still need it because of his like, he'll need some time to himself. But, like, now he gets Tuesday all day. Basically, Wednesday evening because the past two weeks, he went home early. He gets Thursday. Tues so all Tuesday, Wednesday evening, Thursday. Let's try this. Yeah. So it's, like, in Sunday. He said the past couple Sundays to himself. Or did he come with up with me Saturday? Yeah. This past Sunday. We didn't go to church. No. He had all Sunday to himself this past Sunday. Yeah. And the fifth Nope. No. He came and had the kids because I",2,2,3,1,1,8,"The entry stays loosely centered on one issue, but the thought flow is highly interrupted by self-corrections, half-finished calculations, and abrupt shifts in time references, making adjacent sentences hard to follow. There is some awareness of relational ambivalence and uncertainty, but it is not meaningfully resolved; the piece ends mid-thought with clear cognitive overload and no narrative closure."
"So Lucas and I had another discussion, about Saturday. I wasn't as, like, aggressive with him with my voice as I was prior. This was yesterday. And he kind of explained to me a little bit that he was trying to be considerate because I had Riley and Remy with me while I was at this cheer competition. And, honestly, I I don't I just I just listened to him because I don't think that's being considerate. I told him politely. I was like, even if I don't answer or right away, whether it's a phone call or a text, at least it's there for me to see. Like, I'll if it's a call, I'll call you when I get time. At least I know you called. Or if it's a text message, I'll read it when I get time, and then I'll reply. But at least you can say, like, yes. I sent it. It's there. And that way, I could see it whenever I got my phone. Open it up and saw, hey. Got a text message from you. Okay. Good. He was checking on us or how he was thinking of us. Like, are just some really core, like, internal things because I asked him, like, when I was yelling and stuff. I was like, how were you able to lay down and go to sleep not knowing that we weren't at our destination? It was dark. There was four young kids. Was that not a worry on your mind? Like, I'm not sure in his head what he is, like, thinking. He just doesn't communicate. And I'm not sure if it's, like, if it's communication or if it's deep in there, like, he actually just doesn't think of that. But so I mean, like, today, we had a discussion. We were talking on the phone, and he we talked for about an hour this morning on the phone. It was very civil, but, you know, he had told me that two things I didn't know. He said that now he has every Tuesday off completely off. He doesn't have to go into work. And I was like, oh, like, that's good to know. And he was like, why is it good to know? And I was like, but, I mean, that's just good information to know. Like, that's if the kids needed to have a doctor's appointment, I could make it on a Tuesday. Or and he was like, well, I thought Tuesdays were my days. And I'm like, they are. And I'm not saying I'm trying to, like, take over them, but, I mean, that's just, like I think that's common courtesy to share that information with your wife and your family. Like, if you have a day off a week, that's you share that with people, like, with your family, how it affects your household. You don't just keep that information to yourself. And then I said, like, if I had a day off of the week, like, that it's just courtesy to share the information. That's being transparent. That's how you bring back the trust. And then he later tells me that he did finally talk to JP and that he didn't have any part time offerings and that he would basically, like, have to stay on the payroll. He's not able to do anything under the table. And I was like, oh, when did you talk with him about that? And he said, Friday. And I was like, well, for you to share that inform I didn't say it, like, how I'm gonna tell you. I said it gently and allowed him to feel safe enough to express it. But, like, my thought is, like, knowing you have that information, like, to share that with me is, like, important. And he's like he said, like, how it didn't it doesn't affect you. And I'm like, it does affect me. It does affect the household. Like, that is a worry that was on my head. Is it you were going to keep a job, and if you were gonna have a job, or if you were gonna have something to pay, like, that again is just being considerate, thinking and knowing how it affects me, and then sharing that with me so that way I don't have that worry anymore. I'm not sure if that's something, like is that something that you can grow into? And I was like, you just have to retrain your mind to, like, think of, like if you may not think it's important, but I think it's important. Like, by being transparent and sharing that not just creates openness and trust with me, but that also creates emotional connection. Like, by calling me and saying, like, hey. I like to talk with JP, and this is what he said. Like, that creates that emotional connection with us of allowing him to, you know, talk about what he heard and me having that peace of mind and him you know, just us exploring those options together, just feelings that you can share that with me. But he didn't. He didn't even, like was like, oh, we hadn't had time to talk about it. And whenever I talked to him about the whole Tuesday thing, he was like, well, you never ask. And I'm like, why would I think to ask you if you have every Tuesday off? Like, that's ask that's like me asking you if the sky is gonna be gray tomorrow. I don't know. I don't think about, like, such a random question. Like, that wouldn't come to mind unless prompted. That's information that you should be giving up, not I should be trying to fish out. So I need to know if he, like, has that capability. Is that something that he has to relearn? I don't think he has that. Because he was like, I don't think it's important for for you. I was like, it it it is actually important for me. So we we had that conversation, and and then he actually made a joke because he's been he was in Morgantown. We were talking because he's off today, and he was in Morgantown in between appointments browsing stores. And he was like made a joke about, oh, I could use a new handgun. And I was like, I don't think you should make jokes about that. I'm still sore about that. And then he got silent. Like, I'm I don't think that was super appropriate for him to make a joke about that. And I'm glad I didn't say anything, but, like, that was, like that's kinda hurtful for him to be able to think he can make a joke about that. Knowing all the pain that he caused with that and then, like, you know, he doesn't know that I know that he bought it around Christmas time. But, like, that is very painful. And for you to make a joke about that, like he's like, oh, I'm just joking. So and that's when I was like, well, I don't think it's appropriate to joke about that because I'm so sore. Like and so I don't know. Like, is it is he just so guarded that and then on top of it last night, oh, dear gosh. Last night, I asked him. I like, are you trying to push me away? And I was like, because he he really hasn't. Like, we haven't really talked. You know, like I said, we haven't hugged or anything. And last night, I had a need, and I asked him. I was like, hey. Is this something that you would be, you know, open to? And we did, but, like, once again, he wasn't able to, like, complete with me, and that was extremely hurtful. Because I had asked him, I was like, have you, like have you watched porn? And he's like he has said, yeah. I have three times. So he's doing that. And then when it comes time to actually, like, experience me, he's not able to complete. So now we're now we are dipping into an area here of additional problems because I was crying after because I felt, like, insufficient. Like, I wasn't enough. And it was even now, I still feel like I could cry because it really hurt. I've never had that I mean, this is the third or fourth time this has happened. And he's like, well, like, it could be the medicine. You know? But then, like, this is super personal, but, like, he was able to use his hand to get himself completed last night. So it's like, okay. You can use your hand to do that, but, like, what were you thinking? I didn't ask him that because I didn't wanna know. I was too afraid to know. I'm crying thinking about it because it makes pisses me off, and it's very, very hurtful. And when he said with laughter, he was like, well, you know, it could be the medication how it, like, you know, could enhance and, like, we've already discussed that it very well could be the medication, and they have the increased dose. But, like, I and I talked with him before about how he needs to go back on that lower dose, and he needs to talk with the doctor about that. I'm not sure if that's a direct relationship or not, but, like, that is serious stuff with everything else going on and then this. I don't know. I don't know. That was extremely, extremely hurtful. And I don't know. And so I I didn't know. I don't know if he talks with that stuff about Sarah. I doubt it, but he had his appointment with her this morning. He said he hasn't done the the light thing in a couple weeks. So I'm not sure if that's something that, you know, you can just do and you know, can you take a vacation from it like that and then pick back up where you left off, or does it need to be continuous? You know, I'm not really sure about that. That was a question I was gonna have for you. He said he hasn't done it in a couple weeks. And I asked him if there's anything you wanted to share with me like I always do. And once again, he was very hesitant about sharing anything with me. So that was the first time we actually talked about our relationship in, like, a week or two, I think. So I don't know. I can't wait to finally have a together session with you, though. I know that.",3,3,4,2,3,6,"The entry maintains an identifiable central focus on relationship communication problems, but it moves through several subtopics with loose transitions, repeated returns, and some mid-thought digressions. Expression shows notable cognitive load through repetitions, restarts, fillers, and self-corrections, though the overall thread remains traceable. Conflicts are recognized with some nuance rather than stated as flat contradictions, but the piece ends with many concerns still open rather than fully integrated or resolved."
"Hello. I'm journaling before I go to bed because I've had some recent updates. So I think I actually yelled at Lucas for the very few times in our relationship that I have. This may have been the loudest and most firm I have ever been with him. This is because I don't know where the last journal entry ended, but he ended up not coming with us to the competition because he said he had to work. So we left, meaning myself and the four kids, left last night around 8PM or the night before at 8PM. Oh, no. It was last night. It was last night at 8PM. Drove four hours at nighttime to the hotel in the Maryland. During that whole time, I did not get any type of call or text or communication from him checking to see how we were, how was the drive. I did text him and say I made it. I got no correspondence. I texted him the, arrival time and the time they were going to perform so he knew because he told Robert that if he could come, he was going to. So he gave them a sense of hope, and I think he just kinda went all downhill from there. I texted him those two pieces of information, and we got to the to the room, got all settled in, and went to bed. This morning, no communication from him at all. I asked Reagan and Robert if they've heard from him, and they said no. So when I did that, Reagan called him, and then she hung up. And then a couple minutes later, he called her back, and he was on-site at a job. And they talked for only a couple minutes. So other than that, I do not He told me that he talked with her briefly in the morning because he had bad service. So come to find out, I look at the camera, the time he arrived to his place after picking up his dad's trailer. He told me he got done work at 11:00. He blatantly lied to me, and I confronted him about it because the camera showed him pulling in at Jimmy's place at 11:00. Then he went back in his phone and said, oh, no. I actually clocked out at 10:30. But I was going to come, and I looked at the GPS, but I wouldn't have time to drive home and get my clothes and then come. So what that tells me is that was either poor planning on his part because he had not taken his clothes with him to leave straight from Waynesburg, or he had no intentions of coming. I e, therefore, lied from Robert. He tried to tell me that it was just something he didn't think about, that he wanted to come. He put it in the GPS, and it didn't have him arriving there until 02:45, and that was him not having left the house yet. They didn't perform until 03:15. Now Granator takes him with the warning because of traffic, but had he have had his clothes with him and planned and was excited to see his kids perform, he would have had them in left straight from Waynesburg. He would have made it there. He just chose not to. He also chose not to call me or to call them and wish them good luck as they went out on the for as they went out onto the mat. Knowing what time their performance was. He did not call and tell them goodnight during our travels. He did not call and tell them good morning. He did not call and talk to Robert or any of the kids until 6PM today. That was almost a whole twenty four hours. We were on our way home at that point, and he asked them how they did and a couple other questions. I was livid. Livid. So I told Robert to have him call me. He called me once. I didn't answer. I pushed the cancel button. Called me twice. I pushed the cancel button again. Called me the third time. I answered, and I said, oh, so your phone does work. You're just choosing not to call me. And then I just yelled at him. I was so mad for him sending us off to not check up on us, to not say goodnight when he laid down his bed on his pillow to tell his family goodnight really pissed me off. He was laid down peacefully to bed, and we didn't cross his mind at all to say I should tell my kids good night no matter if we were driving and not. And in the morning to wake up and have no regard to them is all. I something is chemically wrong in this man's head. To have no regard to us in that sense, like he's like, no. I thought about it. So why didn't you call? Why didn't you text? Did you not want to hear their voices? They were seriously let down. I was on the phone. I was in Lindsay's room, she was on the phone with Jimmy. And later, we found out it was Jimmy, but she's like, guess who's on the way? And Reagan said, daddy? And she said, no, Jimmy. Reagan wanted him there. And Robert said, no. Daddy said if he got done to work early, he would come. False hope. He put false hope into their minds because he knew all along that he wasn't gonna come. If he knew he was gonna come, he would've taken his clothes to work with him and left right from Waynesburg. He wouldn't have pissed around at work. He would've drove there because he it would have been important to him. This is not important to him. And he I said, you can't make any excuse to me. If it was important to you, you would have came. If it was important to you, you would have told him months in advance the days for these because he he had the schedule for these months in advance, and they are on the calendar in advance. So I accept no excuses for this. No excuses. And then to see us off and not communicate with us, I was pissed. I still am pissed because he lied about what time he got off work, and then I had to send him the video camera that I had. And I was like, so you're telling me the time stamp on the camera is wrong? And when he realized that I had actual evidence of it, he was like, oh, well, maybe I did get off at 10:30. A pathological liar in some sense. Whether it comes to finances or actually being confronted, he can just think he can lie. And I'm over that. I'm over that. I wish you would see this is I mean, this isn't for me. This is for the kids. Getting the false hope up like that, for them wanting Tim to be there, for Reagan to say, my dad broke my heart. What the hell was I supposed to tell them? I told him on the phone, I was like, you need to man up. I'm tired of being gentle with you. I understand you have depression. I'm the most understating person in the world. I have been, but I am done. You need to change what you are doing for these kids because you are their example. He may have thought I was lecturing him, but I very well may have, but it is completely unacceptable. Completely unacceptable after today to not tell them good luck, to not tell them good night, to not check-in on them. Mm-mm. That does not sit right with me. And I told him that too. He knew it. Because I called him back again and and and let him have some more because I was not done with him. Something is wrong with him. I called his mom, and I talked with her about it so she was aware of it because, really, it's all hands on deck for him. Like, he needs all the help he can get, family, friends. For them to see the gravity of his situation, of his mental health is crucial. And for him to I don't know. But I just wanted to get that in because I never I and Remy was upset that because they heard me yelling at him, and Reagan was crying. And Remy said, god doesn't like when people yell like that. I didn't know what to say because they've never seen me that way before. I saw my dad coming out at me because when he would get that mad, he would start spitting, and that's exactly what I was doing.",3,4,5,2,3,5,"The entry stays centered on one main event and develops it in chronological detail, so topic focus is fairly strong despite some wandering and repetition. However, continuity and clarity are reduced by self-corrections, sentence fragments, transcription-like breaks, and repeated returns to the same grievance. There are no major unresolved internal contradictions, and the ending lands on a related reflective note about the children witnessing the yelling, though it does not fully resolve the broader situation."
"Well, let's see how to do this. So there was a competition today in Maryland. They left last night. I told my wife when she left to call me if she was getting tired or anything. She said, okay. I got up for work, went to work. They didn't have to be at the show till 01:00 or something like that. So I had no idea what time they were waking up or anything. So they called, and we talked for a little bit around 10:30. And then I told them on the phone then. I said, well, let me know when you guys are going on or whatever. Let me know how you guys did. They said, okay. Never heard from them. I had intentions when I got off work to get to go down there. Well, by the time I got off work and got home, by the time I would've changed my clothes and stuff, I wouldn't have made it. It was a four hour drive. I got home at noon. They went on at 03:15. So do the math. So now here it is. I call Robert, and I talked with them. Well, then Stephanie then I called Stephanie first time. She hung up on me. Second time, she let it rain and didn't answer. Third time, she answered and just started flipping the fuck out about how I didn't call. I didn't text. I didn't do this. I didn't do that. She was in a competition and had the two youngest ones to keep an eye on. So, yes, I wasn't trying to bother her because I didn't wanna take the time from them by calling because she was, you know, overwhelmed. But that's not a good enough reason to not call. So she's pissed because I never contacted her at all today. So if this is how the fuck this is gonna be, then I'm done. Drop the fucking paperwork, and I'll sign the goddamn papers now. Then this way, there will be no contacting her for me. If this is what the fuck it's gonna be like, Then I'm done. I'm done trying. I'm done fighting. God forbid I had a fucking day to myself. So fuck it. I'll see the kids on Monday. She's saying she has every right to be mad at me because I didn't contact her. I sent you a text earlier. You never fucking replied. I talked to Reagan and the kids earlier. He didn't mention that. So just because I didn't talk to you? Whatever. So Tuesday, for a fact, will be my last session with both you and Sarah. Because after this, fuck it. I'm quitting my job. I'm gonna go for a 100%. And if we get divorced, I'll take her and the kids off of it and be done with it. Because I can't do this. So it was nice. Well, you know, it lasted. But whatever. So when we say goodbye Tuesday, it'll be goodbye. There will be no more. I'm done with everything.",3,3,2,4,3,6,"The entry maintains a mostly traceable sequence from the day's events into the conflict and the writer's reaction, but it becomes more repetitive and emotionally escalated in the latter half. Topics are identifiable yet bleed together as the narrative shifts from logistics to grievance to major life decisions without much processing, and contradictions are acknowledged only minimally rather than integrated."
"I'm journaling this evening or early morning because we went to the little boys' funeral today, and it was a very stressful day, not just because of that, but also, like, went to the fish fry. I had the kids. I took a half day at work. I was at Fire Hall for an hour. And then so Lucas texted me and said that he'll be done. He's gonna come with us to the funeral. He was gonna go shower and then come over. So I get home. I let the kids eat, and I start getting myself and everybody ready. It's like an hour and fifteen minutes had gone by, and I was like, did you fall in the shower? Or what's I just said, did you fall in the shower? And he said, no. I fell on the bed, meaning he fell asleep. And I was like, okay. Like, okay. He said it'll be over soon. So it wasn't until another thirty minutes that he actually came over. And by then, I had everybody ready to go, which I'm fine with that. Like, that's just the situation that it is. But anyway. So then he tells me as we're driving to the funeral that he did not get off tomorrow and that so we are coming to Maryland. I'll be driving to Maryland because he didn't get off tomorrow. So I drove four hours. You have to start with Jamie. So I drove four hours with all four kids at 08:30PM, and we got to the hotel at midnight. By the time we actually left, it was 08:30, like I said, and we got to the hotel a little bit after midnight, me and four kids. Did he call me to check up on me? Did he call or check and see how the drive was? Or no. He did not check. This whole four hours did not check me on the kids. And I asked Robert if he messaged him and he's or called or talked to him, and he said no. I texted him to let him know we made it. But other than that, I had no communication. You know, he tried to kiss me or tried to, like, you know, touch me in a romantic way whenever we left. Like, I felt so wrong about that. Like, I haven't kissed or hugged you in, like, a month, and I get ready to leave to go to four hours when you knew about this competition for months and you could have taken it off. And now you're sending us off to drive four hours in the dark, and you're trying to kiss me by. I did. I was very hesitant, and I did. I was very hesitant to kiss him, but I did. I'm in like, maybe try to to make it an intimate kiss, but I didn't really return it. And that was probably the first time. I say not really because I think I did a little bit, but just because I felt bad. But, like, even the hug and the kiss was odd. Like, I know that I wanted it because it's been a long time for me, but there was no, like, connection. It can become natural. It has not came natural for this long. Like, how can I want to give you a hug? He's been making a couple comments recently about being intimate, and I'm like, how can I want to do that? You're pushing me further and further and further away, and I have no desire, no connection. So, like, I'm with him, but then I still have those internal needs, so it's a real struggle. And then today, whenever you tried to, like, let me kiss me when I left, I was just like, how confusing is that? You don't kiss me or try or attempt to kiss me for months and then I go to leave four hours when you had control of the situation and then you kiss me? Like, I didn't have to check up on you. The hell? What the hell? Is that depression? What is that? What is that character? Really hard to tell.",3,3,3,2,2,6,"The entry maintains a recognizable thread centered on the funeral trip and frustration with Lucas, but it includes several abrupt repetitions, corrections, and loosely connected shifts that make the flow uneven. Contradictory feelings about wanting intimacy yet feeling disconnected are clearly acknowledged, though not fully resolved, and the piece ends in open-ended questioning rather than a settled reflection."
"Here I am coming to vent because I I a long time ago, I canceled the garbage man because Lucas would never take down the garbage. I have specific memories of me going taking down the garbage even while pregnant, these two big garbage cans down our long, terrible driveway. Taking them down. I mean, he would do it occasionally, but not, like, every week. He would do, like, once every three weeks, and garbage would just pile up. And so I I have these very vivid memories of me taking it down, like, in the pitch black or me bringing him up in my car with my hand out the window, pulling the trash cans up because he would sit down there for a week or multiple, multiple days because they would never get brought up. So and, ultimately, we we canceled the garbage man, and we started burning everything. Everything. Like, household garbage, as embarrassing as it is. Even household garbage, we would burn. So he would be in charge of that, and it would just pile up and pile up and pile up. So that's something I've been doing. Well, he would get mad when I would do it before because I would do it, and he'd like, oh, yeah. Trying to be miss independent versus now, like, I don't have a choice. I have to do it. I've been doing it now for probably a couple months. And so this kinda stems from me like, I hooked up to he took his tractor to the bar, and that's what I would use to hook up to the trailer to put the garbage in, whether it was barn boxes or actual garbage bags. And I would hook up the tractor and the trailer and put it all in, take it back to the burn pit, light it on fire, and come back in. It would literally take me twenty minutes, not long at all. And so he took his trailer tractor to the bar and hadn't brought it back. So I just used my car and was hooking up to the trailer. Well, I got my car stuck in the backyard, and I was just so mad. Like, I was back there crying. And I called him, not crying. I called him, and I was like, I'm just so mad. And he's like, what? And I showed him. He's like, it's okay. We'll get you out. And I was like, okay. And I was like, it's just bigger than that, though. And he's like, what do you mean? And I was like, it's just bigger than me getting it out. And he's like, oh, you mean, like, because my tractor's not there? And I was like, it's even bigger than that. And then he's like, well, I'll be there. I have to pick up the kids. So he's coming. He's gonna pull me out because I got it stuck in the mud back there. But what I mean by it goes deeper is, like, for one, I shouldn't even have to be doing this. Either he should be getting rid of the garbage. I mean, now look like obviously, he's not living here. It's not his garbage, but, like, I wouldn't have to do this if he would've just stepped up. He wouldn't be out of the house if he would just listen. Stop being so defiant. Like, I don't even know what to say. It goes so much deeper. Like, what kind of woman because he told me the other day, oh, you want this. You want to prove that you can do it. Why the why would I want to prove that I can go burn garbage and get stuck back there in the mud and, like, lift up these bags of garbage and throw it on a fire pit. I don't wanna do that. I don't wanna do that at all. I do it because it needs done. I don't wanna do a lot of stuff that I have to do, but I do it because it needs done. I just get so frustrated, so damn pissed to the point where, like, I cry. And I really think it came to me. So I've I always thought that, like, if I'd here if we were divorced and if I do stay here in the house, like, would I be able to manage it? The house has four bedrooms, a full basement, a huge yard, garage. The driveway is terrible. We have a septic tank. Like, is that something that I wanna have to manage or I would be able to manage? I don't know. And I think that there's instances like this that just really make me upset and make me question it, but, like, I think you'll have that anyway. Like, yeah, things like this will happen, things you can't do, whether it was a man or a woman or you're together, like, you have to resource things out. So, like but then I also think it would be much easier if it was, a townhouse and I had a dumpster I could throw stuff in or amenities, wouldn't have to worry about the other stuff. But, like, I've thought of that before too. But it's just it's just frustrating. So I called, and I got a garbage man. They're picking up garbage on Wednesday because I'm a solution oriented person, so solution is fixed. I'm a garbage man. And if I have take the garbage down or I will have to take the garbage down, then so be it. But at least I won't have to go back there anymore and burn the stuff unless it's just boxes, which boxes are fine. But how embarrassing is it to have burn actual trash And you have a pile of stuff that won't burn, so it's just sitting there in a pile. So, yeah, I get a little frustrated with this. And then seeing his house, way he's he's living in it with stuff everywhere, it's just like, oh my gosh. Anyway, I'm just venting. That's that.",4,4,4,3,4,4,"The entry stays centered on a coherent grievance narrative about garbage management, with adjacent thoughts generally building on one another even when the speaker circles back for emphasis. There are noticeable disfluencies, repetitions, and spoken-style restarts that reduce clarity, but the overall structure remains understandable and culminates in a concrete resolution: arranging garbage pickup."
"Today was an okay day. I didn't hear anything from Lucas all day until I texted him and asked him about, his w twos because we had to get our taxes filed tonight or at least give her the paperwork. And, I just have a little bit of frustration in regards to, you know, his communication in regards to that, but that's nothing new. It wasn't terrible. He did have the things printed out after I emailed it to him, but didn't print out everything. So we had it printed at her house, and, we drove there together. It was okay. There was no arguing. I did bring up to him about him changing his password, and that didn't go terrible. He gave it to me, and I think the way I presented to him was very soft and not accusatory. And so I think that's why he was able to felt comfortable enough to do that again. But so and I just sent him a little reminder to text to go ahead and if he would just transfer some money to our joint since he got paid today and tomorrow. He'll be getting his VA money just to do that now before anything comes out. That way it's already there and can be, accounted for for bills. So we'll see what becomes of that. I didn't get a chance to message you back. I wanna message you in the morning because it's, like, midnight now. Just about today, but, work has been stressful. I'm breaking out. And, yeah, we think we well, this and I haven't talked much about our relationship, which, I don't know, maybe a good thing because then we're not arguing. So or he's not feeling bad. Although last night, he did say, oh, when did Robert check the chickens last? And I was like, I don't know. It's been a while. He's like, can you go check them since you're here? And, he walked out, but as he was walking out, I was like, well, do you wanna grab the water? But he continued walking, and then he text me when he was out in the chicken coop. Can you bring water? And I'm like, I'm packing Remy's lunch, and Remy and Riley are here running around. I said, I'll fill it up for you if you can come get them. So I did fill them up for him. He did came, go get it, and did the chickens. And I was like, well, you know, I'm gonna have to remind Robert to do it. I I can't I have too much on my mind to remind him. And he's like, well, I don't even live here anymore. And I was like, well, you can still call him. Like, just because you're not here doesn't mean you can't call him and remind him. And then he said, well, technically, I don't even live here anymore. And then I really wanted to say something about, like, I don't even know what just smart. And I was like, I'm gonna have to think on that. And then I just paused, and then I ended up not saying anything. I just diverted it. So that was progress for me, just not giving him a smart answer or not replying with such with attitude. And I was gonna see something else, but I can't remember.",3,3,4,2,2,6,"The entry has an identifiable thread centered on interactions with Lucas, but it includes several abrupt pivots, repeated fillers, self-corrections, and sentence-level tangles that disrupt flow. Topics are mostly related and there is some reflective integration around handling conflict more softly, but the writing shows notable cognitive load and ends with an unresolved trailing-off."
"Okay. I do have to journal in the middle of the day because I have to say this before I forget. Lucas came to pick up the kids, and I, we ended up talking because he just left again without saying bye. And I was like, I just wanna know if this is, like, a this is an ongoing thing or if, like, are you gonna say bye? Normally, we would kiss before you leave, but now that we're not kissing, you're just leaving and not saying bye. And he's like, oh, you're just that's one little bit of control that you still have. And I'm like, what? And then he got to talking. He was saying a little bit, like, about how I'm controlling him or I have controlled him. And that really got me thinking, is he trying to call me like a narcissist? Because our neighbors, who he's running the bar off of, they talk about narcissism all the time, how both of their exes were narcissists and would control everything they do and would, you know, just talk about the history and how both of them are narcissists. So even like when I talk with them, they talk about, oh, yeah. So and so do that. They're narcissists. There are so many narcissists out there in the world, yada yada yada. So so then Lucas says that, like, that I was trying to control him, that he thought that, like, maybe all my attempts to try to help him were genuine at one point, but now they're not. And I was just, like, really taken aback by them. And then I started thinking, like, yes. I do have anxiety. Yes. I do the kinda control things to get my anxiety under control. So I can see in certain situations why that would be the case, but I also think that if there wasn't so much mistrust there, whether I mean, I'm speaking specifically to finances, but, you know, even, like, other women and stuff in regards to this online activity. If there wasn't all this mistrust and, you know, take accountability and go forward, I think that would be different. And I'm trying to reflect in myself, like, while I'm driving here. Am I being controlling, or am I caring? Is this, like, I'm really doubting now looking back some things because the way he said. So I'm trying to look back and, you analyze my behavior to see my part in this. But, like, I think it's really disheartening to think that, you know, he thought that I was trying to control him to mold him into being who I wanted him to be, which in a sense is kind of true, but not to be who I need him to be, but to to be a stand up man to lead the house Mommy. To do things. And and I said that to him, like, I wanted you to all my efforts, whether it was having a joint bank account or, you know, it was always to if you wanted to do this, okay. I wanna do this. How can we come together and get what we both want? I said there were instances in the past where, like, you wanted to be home all day on Sunday, and I wanted to do something. So I said, okay. We'll do this, and then you can be home as long as you're there with us. And, like, I'm so confused by that. Like, here he is trying to call me controlling when all I ever wanted was for him to be happy and healthy and stand up for us and be a man and leave the house. And he's like, well, wasn't that what I was doing before you kicked me out? And I was like, if you were, I wouldn't have had a reason to. And then he says, oh, well, do you you just wanna do this because you wanna show people that you can do it. And I'm like, why would I want to be a single mom of four kids maintaining a house to prove to people that you can do it is what he said. And I'm just like, what I want is a man to step up and live life together happily. It's particularly the father of my kids, so we're all together. I said, I don't know why you see me so mischievously. He thinks, like, that underneath every underlying thing is comes from control or and I can't make him unsee that. That's just his view on the world and me. And that really, really sucks because I thought we've been together fifteen years, and he knew me best, but he thinks my intentions are malicious and controlling, so I'm really battling with him.",3,4,3,2,2,6,"The entry stays centered on one interpersonal conflict and develops it in a largely consistent sequence, but the flow is interrupted by many spoken-language restarts, repetitions, and embedded clauses that make the thread harder to follow. The writer does show some reflective engagement with a key contradiction—questioning whether their behavior is controlling or caring—but the tension remains only partially integrated, and the entry ends in an unresolved emotional loop rather than a clear closure."
"I think I forgot to, where I stopped was about no. I did forget to say where I asked him about his Defycombe. And I said, did you get the original dose increase? Did your, your current dose increase from the original dose? Anyways, he was like, well, yeah. Why? And I was like, I was just trying to pinpoint a date of when when that happened. And he said, oh, well, probably around Christmas time. And I was like, well, that's when you went to your parents also was the twenty sixth. So it is very possible that the medication is interfering with that because I was like, it seemed like you were better at the lower dose. And he said, oh, well, they say that's this where it's supposed to be based on my lab work. And I was like, yes. But that may not be a therapeutic dose for you. Like, just because your lab work is saying that doesn't mean that it's necessarily the dose you need. And I was like, I was definitely seeing a lot of progress, and you had a lot of change, and that's why I wanted to continue it. And I was like and then you get an increased dose, and then you go to your parents. And it's like, I'm back with the old hardened Lucas. So I forgot to finish that part, but we did talk about that today. But nothing else. We haven't kissed in, like, a week or two. I can't tell you the last kiss that we had. We haven't hugged in a while either. So, yeah, that's",3,3,5,2,2,6,"The entry maintains a basic throughline around a conversation and relationship concerns, but it is disrupted by restarts, repetitions, and conversational fragments that make the progression somewhat hard to follow. Topics are identifiable yet loosely organized, with an abrupt shift near the end and little real closure beyond trailing off. There are no major unresolved contradictions presented, so contradiction integration is effectively not an issue here."
"Today was an okay day. Had some interesting events happen. It is Sunday, so something very unfortunate happened yesterday. We Reagan classmate and Robert's football and baseball Player friend was hit by a car and died. We confirmed it this morning who it was. So this morning when I got to Lucas' house because the kids stayed the night there, We sat down at the table, we talked with them and explained that, you know, they may have some emotions that they have never felt before. School's gonna feel a bit different. If they have any questions, they can feel free to ask us, and we'll answer them and that we're here and we're all safe together and just helping them process that because the little boy sat right beside Reagan in school. And like I said, Robert played right along with him in baseball, football, basketball. So that was something that was really disheartening. It was really hit, like, us kind of hard. So we got up. I went to we did all that. We went to church. Church was amazing. We actually had a couple people up there sharing their testimony. They were very, very touching. One gentleman that shared his was he had an addiction to drug and alcohol, but a lot of the stuff that he was saying about basically being numb and just, you know, not really living and, you know, not treating his family well, not serving the Lord, refusing to come into the church. And, you know, his relationship with God was really far away. And, you know, I had asked Lucas, did you get anything from that? And he's like, no. Because I'm not addicted to drugs and alcohol. I was like, no. Some of the stuff that he said, I still felt like it was relatable. And then his wife got up on was right there on stage, and she just talked about being steadfast beside him. And she never wavered from God and just hope prayed that he would come around, and he did. And now look at them and just saying, like, you know, you know, you go through rough times, just stay there and just hope just pray to God to be there with you. And it was very, very moving service. And, also, this actual service message was in regards to, you know, making the day of Sabbath holy and and needing to rest because if you don't rest, the rest will fail. So when we got out of service, I asked Lucas what he thought. He was like, I think I'm doing things right. And I was like, what do you mean? He's like, I'm resting. And I was like, well, I don't think they talk about I don't think he means resting for seven days a week. That was obviously a joke because he's been working. So I haven't mentioned to him about him changing his password. I'm gonna wait until we see you on Tuesday because I don't wanna open up that can of worms. And as of right now, he still does have, like, access to the cameras. I'm not sure if I've said that to you or not, but, like, I was thinking if he wants to change his bank account information so I can't see it, it's only fair if I do something similar. And what he tends to value is seeing the cameras, having access to the outside of the home and such. So if he felt the need to do that, then I feel the need to have my privacy with my cameras if he wants his privacy with his bank account. I was very torn by that. I was very hurt by that. I have been hurt, and he continues to hurt me anytime when it comes to finances. And I I just I can't take that hurt anymore. I refuse to. It's not like I'm giving up on him. Like I said, I'll still be there for him. But, like, when it comes to finances, it really just makes me so mad. And I think my emotions are very, very close to that because, naturally, I'm the one raising kids and taking care of them and buying things for them, which means being back to the topic of I found out the date of when he bought the gun. He bought the gun December 22. So I'm over here buying Christmas gifts for our kids. You're buying a damn gun for yourself. Are you kidding me? That pissed me off too. When I saw that date, I was like, I'm buying Christmas gifts for everyone, and you get me a $5 jar from Timu, and you buy yourself a thousand dollar gun. Don't get me wrong. I'm appreciative of the jar. But, like, what? Are you kidding me? I shouldn't even have brought that up now because I'm getting really down for bed, and that's gonna rile me up. But Anyway, he did stay all day in Waynesburg because I went to the gym. So I'm not sure if it cut me off, but I bought dinner, went back to his parents. We ate the dinner. And during that whole time while I was gone, he slept. So from, like, three to seven. And I I said, like, a joke, and I was like, Riley hadn't been changed all day. I said, did you change it while I was gone, or did you just look at the back of your eyelids the whole time? And his dad started laughing, but it was the truth. And so he slept there, and I I I left at one point and got back at, like, 05:30 because I had to take shorts to, Braylee, one of our nieces. And I was gone twenty minutes. It takes the rec center ten minutes to get there, ten minutes to get back. And during that time, Riley came with me where she was in the car. So she took a nap. She fell asleep. When I got back, I laid her down, and I sat there and talked with his mom and dad for about, like, thirty minutes or so, and she was still napping. So when I left, I said, Grammy and Lucas, like, I woke him up, and I was like, can you make sure that she's awake? He might have not have heard me. I'm not sure if he heard me or not, so I can't hold him to that. But, like, I said, can you make sure she's awake here in a little bit? Because if not, she won't go to bed tonight. And she was like, oh, yeah. Yeah. So when I came back, she was sleeping, Phil. And I was like, oh. Oh, no. Like, she's not gonna go to bed for me tonight. And and she his mom said, well, I tried to wake her up, and Lucas tried to wake her up twice. And when I walked in, he was still he was sleeping. And I was like, oh. I mean, I didn't tell you that, but in my head, I'm thinking that. And so I just picked her up, rubbing her back, rubbing her back, rubbing her feet. And I was like, hey, Riley. It's time to wake up. Time to wake up. And she she woke up woke up with me. I got her up, and here it is midnight, and she's awake. Like, I just think that's so disrespectful. Like, both from lupus and his mom, like, they were just resting there. They didn't need to watch her. So, like, I understand why she let her sleep, but she also did say they tried to wake her up. But, like, I said something to Lucas on the way, and he's like, oh, no. She'll go back to sleep. And I was like, no. She won't. She'll keep me up all night. And he was just like, And was like, thinking to myself, are you kidding me? What a jerks need to do. Like, I'm the one who has to be up still at 06:00 to get them ready for school, drive to Waynesburg to drop off Remy and Riley, and drive home and be at work at eight. Like, no consideration. Then we're on the way home, and I asked him about, like, did your Depakote increase from the original dose? And he's like, what do you mean? I was like, did your Depakote increase from the original dose? And he said, yeah. But I said, when did that happen? And he was like, I don't know. Why? Why is that door open? I said, you probably opened it. What's wrong? Well, I just can't stay in the light. It's hard. Where is he? Oh, go let him in. I'll unlock the door. So here it is midnight, and I'm trying to get them to fall asleep, feeling I have to be up in the morning to get them to Williamsburg. And, again, I feel unconsidered. Just going to journal about that tonight, and and we'll see you Tuesday.",2,2,3,2,3,7,"The entry contains long stretches of understandable narrative, but the thread is repeatedly disrupted by abrupt shifts, tangents, and in-the-moment insertions that interrupt ongoing thoughts. Topics are identifiable but bleed into each other without clean boundaries, and the language shows notable cognitive load through repetition, self-corrections, fragmented phrasing, and loose transitions. Conflicts are emotionally recognized with some partial nuance, but they are not fully integrated and tend to remain in an unresolved loop by the end."
"Today was okay. Even tho Lucas changed his password I have yet to bring the subject up..u know it will create some disagreement but I am goin mg to wait until we come together.  As if we were already in a separation he does thinks like this-one do the biggest issues for us. Trust is broken. Gone. & that spills into others areas. If I can trust him to tell me how much money he had or how we spend it, I can't trust him in others areas. He blanket lied to my face about the money he had & the changes his password. I think it's only fair if we are doing that the I need something concrete for the money I need from him, something written then. I will not accept this. I also think  to tell him since he did that I want my privacy from the home. To remove his access from my camera but I have ye to do that. If he wants to change his passwords the he doesn't need to see what's going on at my house. I'm so disappoint by it. What regression but you know there is apiece of me that doesn't care.. if that's how he wants to, that's fine he's showing me his true colors.& all through the bears I ignored all those red flags when it came to money.  & I feel so stupid for being taken advantage of all this time... at least that's how i feel...",4,4,3,3,3,4,"The entry stays centered on one main issue—trust and financial secrecy in the relationship—and the thoughts mostly build on each other in a coherent sequence. There are some grammar problems, typos, and slightly abrupt phrasing that reduce clarity, and the tension between hurt, anger, and emotional detachment is acknowledged but only partially worked through. The ending lands on a feeling rather than a full resolution, so it has partial rather than complete closure."
"i feel hollow inside, and i need to fill it up by keeping myself busy and occupied. 

but i just want to cry

i miss Dani. I miss calling him mine and holding his hand 

my heart feels heavy like a sinking feeling and my head feels light. i've lost my appetite, but i know i should eat something.",4,4,4,4,3,4,"The entry stays tightly centered on one emotional experience and each sentence connects clearly to the breakup-related distress, with only brief, intentional shifts between coping, sadness, longing, and physical symptoms. There is a mild internal tension between wanting to stay busy and wanting to cry, but it is presented coherently rather than looped or fragmented; the main limitation is that the piece ends without much resolution or reflective closure."
"This hurts so much; I really wish Dani and I could work out. But it wasn't fair of him to ask so much of me, and we're so different 

It hurts because I know he cares about me since he wants to see me improve. I just wish he cared enough about me to see me improve as his girl. 

I still love him, but more so the idea of him when we first started talking. we meshed so well and could talk about anything. There's still so much i wanted to learn about him. 

he wanted me to improve, but didn't feel like it was fair for me to change. Because in the end, i shouldn't change for someone. But they were changes i should be doing anyway. So i'm confused. I should be getting better. Is it because of him as my motivator that it's not good? we were only dating for three months and he wanted me to change my whole lifestyle, be more active both in doing things together and physically with exercising. but i guess my pace wasn't fast enough for him. It's funny because he wanted me to do all these things to improve myself, but we were only dating for three months and then he says we're going too fast. yeah it's too fast for both of us. I need my time and pace. How can he say it's too fast but then want me to change so fast?",4,4,4,4,4,3,"The entry stays tightly centered on one relationship conflict, with each paragraph building on the same emotional and cognitive thread rather than fragmenting into unrelated topics. Contradictions are explicitly examined and partially integrated—especially around change, motivation, and pace—and the ending lands on a clear unresolved question that still feels like intentional closure rather than disorganized trailing off."
"Do I love too hard and too much? Does that drive people away? I'm so eager to give love to others, and i've been told that i don't give any to myself. I'm tired of hearing that I can't love others if I don't love myself. I don't even know if that's true. Is it? i'm trying to love myself more, but honestly what does that even mean? Give myself grace? Treat myself how i'd treat my closest friends? Self confidence? Self esteem? I used to hate myself, but now i'm just... content. There are many things I used to wish i could change, but i've learned to deal with them. I don't need to LOVE them, per se, just accept them. Shouldn't that be the same with loving myself? Not quite loving, just accepting. Isn't that enough? 

I guess i could work on not talking so badly and down on myself. i'm just so used to self deprecating humor and whatnot.",4,4,4,4,4,3,"The entry stays tightly focused on one central question—what self-love means—and each sentence builds logically on that theme, with rhetorical questions used to deepen reflection rather than derail it. There is some unresolved tension around whether acceptance is enough, but the writer meaningfully integrates this by contrasting past self-hatred with present contentment and ending with a concrete area for improvement."
"Jane, I'm so livid right now. I'm just trying to calm down. So I'm speaking to you in this journal because I went to log in to Lucas' bank account, and he changed his password. So which he obviously has every right to do, but that that says a lot.",4,4,4,4,2,4,"The entry stays on one clear thread: anger about discovering Lucas changed his bank password, with adjacent thoughts connecting logically. There is a mild internal tension between being upset and acknowledging his right to do it, and this is recognized rather than ignored, but the piece ends abruptly before developing or resolving the reaction."
"No. I wanna play gentle. Getting ready for bed. It's a Wednesday night, and, I took the kids after work up to cheer and went to the gym, and I went to Lucas's parents. I talked with his parents for a good hour before we ended up leaving to come home. It wasn't just me. He was there also. And I he texted me today about well, he told me last night on the phone. He said texted me and said, remind me to talk to you tomorrow about Lenny. I was confused. So I called him, and was like, what was that message about? Me being anxious. And he said, well, you know, I talked with Lenny about going to that fight night or whatever. Well, he just texted me and said that it's Friday tomorrow or Friday, and just some guy named Rich is driving. Well, last time they went, he went to a strip club after. He now he told me out of honesty, but I wasn't very comfortable with that. So I was like, oh, is this something you guys wanna be doing again? He was like, well, I doubt it, but I don't know. So long story short, he got paid today, and I asked if he could transfer money. And, thankfully, he did because he transferred money a couple days ago. Last week, actually, he transferred a 150. And due to his account being negative, that 150 got sent back to his account. So

So, basically, it bring out negative. He didn't give me any money at all. So, anyway, he transferred that $2.50, and I do have that. And I saw I wasn't nitpicky or anything, but I saw where he had a 150 in one account, a 119 in the other. And I asked him, was like, so after gas and stuff, you only have a $170? And he was like, after I do all that, and I looked, and I was like, you're lying to me. Right now, you have more than that. I'm not nitpicking that, but you're lying knowing I can see it. That's what gets me. That's where the mistrust lies is the pure line. So I think that, you know, I'm not sure where the journal kinda edit because my screen went black. But if he does go to the strip club and take out money from an ATM, which I'll be able to see, I that'll be it. That'll be the straw. That'll be the last little bit. Like, I have nothing. I have nothing left now. After I grieved him spending the money on a gun and all that, and that whole day, I just bawled my eyes. I felt like that was the end of the relationship. There's been no hugging, no kissing, no touch, no connection. There hasn't been anything, and I think this is I think we're I don't know. We're in the end.",3,3,3,2,3,6,"The entry maintains a discernible thread around relationship mistrust and money, but it contains several disruptions, restarts, and awkward insertions that interrupt flow. Topics are identifiable yet somewhat tangled together, and the writer shows awareness of emotional conflict without fully integrating it; the ending reaches a partial conclusion but remains unresolved and open-ended."
"Yeah. I find it kinda funny. It's the first time doing the phone call thing. But, I thought I was done journaling. But you know what? I think I might continue for a little bit just because this is funny fucking shit. Yeah. Yeah. I've been at this apartment for eighteen days now, something like that. Month know, before that with my parents, I just find it so damn funny. This is supposed to help us with our marriage. It seems like it's driving us further the fuck apart. I'm at the point now where I'm just, like, ready to just say fuck it. Quit talking to her. My wife. The whole purpose of this is for me to be able to discover myself and figure out who the fuck I am. I can't fucking do it. Why? Because every time I try to do something, I can't. So she just got pissed at me today about the money I had in my account. She didn't believe me, so she logged in to my account. Well, guess what? She's not gonna be able to log in anymore because I changed her fucking password. I don't know her fucking login shit. She doesn't need mine. Fuck her. I seriously feel like things are at that point where by the time we're at the March, not even not even through this three month fucking process, it's gonna be over. And you know what? I don't give a fuck. That's the worst part about it. I'm not even living in the same fucking house, and she's still micromanaging me trying to tell me what to fucking do and how to spend my money. Goddamn. I'm supposed to be going with my brother this weekend or the this Friday to fight. And I wanted to make sure I had a little bit of money so this way if we went out to eat or whatever. And she's like, oh, I don't care about that. But, yeah, you're making a big fucking deal because, oh, you lied to me about how much money you had. Well, because you would ask me for more money then. Fuck me and my needs. As long as you have my money, you don't give a fuck about me. And we talked about quitting my job. And you know what? I'm honestly about half fucking tempted to with no fucking talk about anything. Just fucking leave. And tell her she's not gonna get a fucking dime from me because guess what? I got my shit I gotta pay, and I got groceries that I gotta keep for me and the kids. I just I don't fucking get it. Still can't do anything right. Still not good enough. I'm just ready to call it quits. Well, everything.",4,4,3,3,3,4,"The entry stays largely centered on one core conflict—marital separation, money, and control—with adjacent thoughts generally linking in a clear emotional and causal sequence. Cognitive load shows up in repetitions, profanity-driven emphasis, and a few broken or self-correcting phrases, but the narrative remains followable rather than fragmented. Contradictions are partially acknowledged (wanting self-discovery yet feeling unable to act, saying he does not care while expressing strong hurt), though they are not deeply integrated, and the ending reaches a bleak but recognizable stopping point rather than fully resolving."
My anxiety is very bad today. Last two days had been intense. Monday my daughter had two appointments. Her therapy appointment went bad. She was very disrespectful and rude to her therapist. Very unlike her. Then when we left it was like she was a whole another person. I just don't understand why she was acting that way. I'm trying to help her deal with her grieving and changes in healthy ways and she's being resistant. It's putting more stress on me. Yesterday she didn't want to go to school so I just took her to work with me and had her do her labs from her physical. She's been avoiding school. I'm thinking there may be something going on at school but it's been hard for her to speak about what goes on at school. Then again I don't know if she will tell me the truth. I'm trying to do what's best for her. I don't want badness around her.  I know I can't protect her from the world but I'm trying to have her learn how to decifer right and wrong and how to be a good kind person. I feel exhausted as well. When will things get to normal I'm always on high alert. Everytime I try to do something good for her I feel like something is always happening to make me doubt it. Ughh one day I'll have peace just keep pushing on,4,4,4,4,3,4,"The entry stays centered on one main thread—stress and anxiety related to the writer's daughter—with mostly logical progression from appointments, to school avoidance, to the writer's emotional response. There is some mild repetition and a few loosely connected jumps in phrasing, but thoughts remain understandable and organized; tensions about wanting to protect her while knowing she cannot fully do so are acknowledged with some integration. The ending offers partial closure through a self-encouraging statement, though the concerns themselves remain unresolved."
"Today, I think we had a little bit of a rough day. I woke up at eight, and I called Lucas to tell him that I wasn't feeling very well, that I was fevered, and that I wasn't gonna be able to to take them to church, and that if he still would like to, he can stop by here and get them closed. Robert had a friend stay over, so he had to take him to home anyways. And so he came here, but then I was pretty out of it sleeping on and off. And I know Lucas was in the shower, and Remy and Riley and the kids were just running around the house. And I'm not sure if they got into anything, but later on after he got out of the shower, he did go downstairs and sat on the couch. And I'm up here falling asleep watching church on the TV. And moments later, Reagan comes in and says Riley has mascara and got it all over her. I go downstairs, and Lucas was, like, half asleep on the couch. And I said, I'm not feeling well. Like, I need you to watch them. And he said, well, you act like I'm not feeling good either. And I said, well, are you not feeling good? And he's like, no. I guess I'm not allowed to be sick. And so I knew he had a cough, but I didn't know he was fevered and or felt fevered and all of that because he didn't tell me. And, so I guess he's been getting sicker and sicker. And I had said, oh, you have to tell me these things. And so I said Riley was up there and got into mascara. So and then I walked up there and started to get Riley clean, but she wanted to clean off herself. Franklin was able to clean off her vanity. And, and he went in the room and was saying, well, I'm not going to, or kept saying, get get yourself ready for cheer. Get yourself ready to cheer to the kids. And I sat down, and I was trying to talk with him, and he just had repeated himself three times, and they got mad. And I was like, I know what the I know what you said. You don't have to keep repeating it because they made me really upset, but then I cooled down immediately right after. And I told him, don't worry about it. You go home. Go lay down. Go to MedExpress if you feel like you need to. Just make sure they get an x-ray. I'll get the kids to cheer, and I got it from here. I'll take care of them. Don't worry about it. So I guess that must have upset him because I started putting the laundry basket away. And Robert comes upstairs, and he's sitting here for a couple minutes. And he said, mommy, you hurt daddy's feelings. And I said, why? He said, because he left, like, twenty minutes ago. So he didn't tell me that he was leaving either. And I had the kids were downstairs, and I was like, oh. Well, I didn't message him. I didn't follow-up with him. It wasn't until after I dropped the kids off for cheer, and I went to Walmart that I texted him and said, are you going to urgent care? And he said no. And, and then I went back to his parents, went to the gym, picked up the kids from CHEER, went back to his parents, and left from there to come home. On my way back, I called him, and I asked if he had gotten any medicine or if he was feeling any better and if he worked tomorrow because he had to take Remy and Riley up to his para And he said just that, you know, he wasn't feeling better. He didn't get any medicine and that he does work tomorrow at 08:00, but he wasn't sure if he's gonna be able to go in just depending on how the night went. So I was like, well, instead of having that all up in limbo, I'll just take them tomorrow to his parents and to school. And that way in case he doesn't go, I don't or either way, I would just have to not be disappointed. I'd just do it myself. And so I think I told him that, and then I stopped at the Dollar General and got him some medicine, dropped it back off to him there. And then we FaceTime the kids to go to sleep. I have all their lunches packed. The kitchen's clean. I made dinner. They ate dinner. Well, you forgot once. We had we had a successful evening, and I just feel like I'm and I just feel like that I am doing okay. I am doing okay.",4,4,4,3,4,4,"The entry stays largely centered on a single difficult day and unfolds in chronological order, with adjacent events generally connecting clearly despite some rambling phrasing and repetition. There is mild cognitive load in the many fillers, self-corrections, and run-on constructions, but the writer tracks the conflict, adjusts plans, and ends with a clear stabilizing conclusion rather than trailing off."
"Well, I'm journaling tonight, and this is Saturday, February 14. We had Friday for Robert's birthday. I took the boys to Topgolf. I had so much fun watching them. They played so well. They were good together. We ate stopped at McDonald's and ate after. Took two boys home. Two three boys stayed with Lucas, excluding Robert. So including Robert, there were four boys there. And, I had the girls with me. We came home. We got baths. Remy, I guess, put slime in her hair. Then to help with that, Lucas tried to put peanut butter in her hair, and it was just hot mess. So I asked her whenever I got everyone when I got home. And we went to bed, and we slept literally until 11:45 in the morning. One little boy's parents came and got him. The other one is staying again tonight at Lucas' house. So I called him this morning, and I was like, hey. I'm gonna when is it a good time to drop Robert or the girls off? And he's like, what do you mean? I was like, well, Saturday is your day. And he was like, well, I don't have Wi Fi. I don't know what I'm gonna do with them. And I'm like, I'm really creative. I think you can figure something out. And so I think, like, I addressed that pretty well. And I was like, well, I'll bring them down whenever I leave. I'll bring him down. So I took them down, and I I said because I had to go to the dollar store anyway to get some cold and flu multi symptoms. So I picked up Ronan, ended up taking him home. But whenever I was there, before I was, I went to the Dollar Store to get them something to eat because Lucas said he didn't have much. So, I went to the Dollar Store for a couple things. And then while I was there, I got a little pack of Valentine's Day cards and some, single roses for Lucas to give the girls from him. And I told when I pulled in back to his house, I hid them, and I was like, hey. There are these three roses and cards. They're two girls from you. And he just looked at me, and he's like, well, I didn't get you anything for Valentine's Day. Well, I guess I did. I deposited my check into your account. So he put a $150 in our joint account. And I was like, I didn't say anything because it's obviously not a Valentine's Day gift, but I I didn't even address it. And I also didn't even, like, say things, so I guess I just didn't address it at all. Looking at it now, I'm just realizing I didn't address it at all. Whoops. And I didn't know that until he sent that because that's not an account. I check daily either, though. So so, anyway, I told him about those, and he was like, well, I didn't get you anything. And later into the day as I went to the gym, worked out there, came home, cleaned the house, and he sent me a video on Snapchat with a filter that was said, happy Valentine's Day from the worst husband. And it seems like he's been pretty stressed with the kids being there again. And I was like, well, if somebody if it's too stressful with having another child over there, then maybe you shouldn't do that. And he's like, no. Like, he's been fine. It's just everyone seems to be pushing my buttons today. And I was like I was, like, trying to walk him through. Like, are you yelling at them? How are you correcting them? Are you removing them from the situation? And he was kinda receptive to that. It wasn't didn't feel like I was bossing him around. So and then I said, well, you know, if it's too much, we can alter, like, the schedule. If it's too much for you to have them, like, during the day on Saturday, we can pick a different, you know, day of the week. Or after Sunday, we could figure something else out. So we might have to discuss that with you and figure something else out to do with the kids because they are causing him a lot of stress even though he has them Friday night, Saturday, and Saturday night. Sounds like it's a little bit low for him, and I don't want them to be yelled at by him. It seemed like to. This is just an assumption from what I what I saw and what, kind of, like, on FaceTime and the little bit that I was there is that he just kinda sits in a recliner and watches TV and just lets them kinda do what they want. And that kinda makes me nervous a little bit because that's Scott's house and Beth in there. Stuff is still in the house. So and, of course, you know, like I said, Riley got slime into her hair, and I'm sure he's watching them. I'm not saying he's not, but sometimes you gotta be, like, literally eyes on them. So I don't know. And then something interesting is, like, he said earlier, he sent a snap message to me again about, like I asked him, so how did the kids? Like, what you got them? He's like, oh, they were excited. And I said, do you know why I bought that? And he said, because I'm a piece of shit. And I said, no. I bought that because of them. I want them to know what to expect and how it is to be treated by not just a father, but by a future husband. They need to see that because that makes them feel valued and appreciated. And then I went and googled a snippet too about it. And he was like, oh. And he said, well, I can't do anything if I don't have no money. And then I sent him another little thing I googled. It was like, what to give someone for Valentine's Day if you don't have money? And there was a bunch of different ideas or things you could do. So I sent that to him also and be like, it was literally simple as this. So that was the ending. He did tell me happy Valentine's Day, but we didn't even kiss. We didn't even hug. And I'm okay with it. I'll be okay.",3,3,4,2,4,5,"The entry maintains a broad chronological thread, but continuity is weakened by frequent digressions, self-corrections, and repeated returns to the same interaction with Lucas. Topics are identifiable—birthday logistics, child care, Valentine's exchange, and concern about parenting—but they bleed together messily, with noticeable verbal clutter and restart-like phrasing. Still, the writer shows some reflective integration about how they handled things and ends with a clear emotional landing rather than trailing off."
I realize that Joe was starting to feel like a hungry ghost.,4,5,5,5,2,3,"The sentence is clear, focused, and internally coherent, with no fragmentation, hedging, or contradictory material. However, it is only a single incomplete thought with minimal development, so while organization is strong, narrative closure is limited."
"Another thing that's been going on is, so a part of being a part of the business that I'm in is helping people. And I've been trying to, like, help my friend get into the business. And today, like, I don't know if it's just because, like, my hormones because, like, like, loyalty in mind, like, menstruating, stuff like that. I don't know if it's because of that or whatever, but, like, I just feel so emotional. But, like, she just said, like, I'm, like, forcing her into it, which I'm never for I don't wanna force people nor do I want people to feel that way. I just asked her if she wanted to do it, and then, like, you know, I gave her my, you know, personal experience in it. And I thought she was, like, relating to it, and then she made it seem like I was forcing her. And I feel like that's very offensive, and, you know, I was being understanding. I apologized to her, and I don't know. I just felt really hurt by that. And I don't know. I just felt, like, hurt by that because I never want anybody to feel that way. And, you know, she's my friend, I love her, and it just that was really hurtful. And, you know, I only want the best for her and, you know, I even helped her try to find a job. And, you know, I was supporting her with finding a job where she is because she moved to Georgia and, like, I don't know. I just don't understand why people do that. Like, I don't know. They're, like, really hurtful, I'm, like, hurt by that a lot. I don't know how to look in for that.",3,4,3,2,2,6,"The entry stays largely centered on one interpersonal conflict and develops that topic consistently, but the flow is weakened by repetition, filler phrases, and several loosely connected restarts. There is some awareness of conflicting perspectives—wanting to help versus being perceived as pushy—but little real integration, and the ending trails off without resolution."
"So continuing. So, you know, we're arguing about that. And I was like, well, if you don't like the silence, you can hang up. So he hangs up. And well, he doesn't hang up. He just, like, goes back and forth with it or whatever, and he's, like, mocking me. And then I'm just like, you know, sometimes you don't know how rude you can be. And he's just like, well, you don't know how rude you can be. And I was like, why does it have to be tick for tack? Like, I say something and then you're just like, oh, yeah. But you. Like, why does it have to be like that? And then he just, like, looks the other way. And then I was just like, it doesn't have to be that way at all. And then I felt really hurt by it, and then I just started crying. And then he didn't say anything, and I didn't say anything. And then I was just crying, and then he just sit in there. And then he started smoking whatever, and then, you know, I'm still crying or whatever. So then I was just like, well, I'm going back to work because I'm at work, and I was just like, you have a good day. And then I felt, you know, crappy the whole rest of the day, and I was at work, you know, doing this thing doing my thing, and then I'm just like like, it just really sucks. And then, like, on top of everything, I just feel like I don't know. Just feel like I I don't know. I just it's just a weird couple days, and I don't know how to maneuver that recently. So yeah.",4,4,5,3,3,4,"The entry stays on one central interaction and unfolds in mostly chronological order, so the narrative is easy to follow despite repetitive phrasing and some verbal filler. Cognitive clarity is somewhat reduced by restarts, hedging, and spoken-style repetition, and the ending remains open and unresolved rather than arriving at a clear reflective conclusion."
"I had a weird couple of days, with mainly my relationship. So Joey has been, like, having these weird dreams every night and waking up crying, and his dream has been me cheating on him and, like, leaving him for somebody and then me not caring. And, you know, I tell him, you know, after a few times, you're like, you know, reassuring him. I'm consoling him. I'm, you know you know, telling him, like, you know, that's never gonna happen and stuff like that. And, like you know, because to be completely honest, like like, I'm not. Like, I'm not gonna do any of that stuff. Like, that's just nonsense. Like, I've been through that. I know how that feels. I'm not drinking any of stuff. Like, that's nonsense. And, you know, as he keeps telling me this stuff, and then, you know, every day, I'm just like so then I tried to, like, you know, make him feel better. So then I, you know, I laughed it off, and I'm just like, that's so silly. It's such a dream. It's just a dream. And then he gets upset. And then I'm like, okay. So I don't know what to do. Like, if you're doing it every night, it's just like, okay. So it seems like you need help. Like, there's something going on that you need help with, and it seems like something I can't help you with. And, you know, that that would be one day, and then the next day, I don't know what else to do. So today and I guess he couldn't hear me on the phone. And I was like, well, I didn't know that you couldn't hear me. He was like, you mean you couldn't hear me? And I was just like, yeah. I couldn't. You couldn't yeah. I didn't know that you couldn't hear me. And we went back and forth about that, and then I called him, and then he's just like, well, why did you call me? And I was just like, to, like, have you on the phone, like, FaceTime. And he's like, well, if you're not gonna talk to me, why just",3,4,4,2,1,6,"The entry stays largely centered on one relationship issue and follows a rough chronological thread, but the flow is weakened by repetition, filler phrases, and several confusing sentence constructions. Conflicting perspectives are somewhat integrated through the writer's recognition that they want to help but may not be able to, yet the piece ends abruptly mid-conflict with little closure and noticeable cognitive load."
"Today was an okay day. We had today was Monday, so the kids had a two hour delay, and, I got them to school. Lucas came and picked up Riley and Remy, took them to Grammy and Grampy's. They're his parents. So since he had to be at work at eight, today is Monday. So that worked out per schedule. And then I dropped them off at after Reagan's doctor's appointment. I went to the gym. I came home. I showered, and they stayed at his house. He helped them with their homework. Well, Reagan already had her homework done. They hung out there. He made dinner. They got back home around 10:00. I already had their lunches packed and ready to go. So at the time when they got here, they just came up and went to bed. They're laying in bed right now. So today, I think, went overall well. And I did talk with Lucas about, the session tomorrow being together, and I told him that I told you he didn't see the text messages. But I did told him that you didn't want him to feel like he was being ambushed, so I made him aware that we discussed it, and then he would just kinda went quiet and shut down. But, that was yesterday. I told him that. And then he had asked he didn't ask me, but he made comments twice about needing gas money. So I tried to slide him some cash in his hand, and he said, I'll figure it out. He did not take the cash, and I don't know what he's doing. I'm not sure if I should question it or not, but there that's on that end.

He did bring me dinner that he cooked. He asked me if I wanted to come over, and I said I was going to come home and shower and do some things. But if he wanted to bring me some, that would be appreciated, and which he did. So pork chops, green beans, and I think a gratin potatoes. So I'll have that for lunch tomorrow. I thought that was nice, but I also didn't wanna go over there and eat dinner together because of it being wow. It's you know, I don't want him to think that he's not getting his time or whatever. So I just said I'll go home with the shower, which worked out well.",3,3,4,2,3,5,"The entry has a mostly trackable sequence of events, but continuity is weakened by repetitions, self-corrections, and several awkward sentence breaks that interrupt the flow. Topics are identifiable (day logistics, Lucas interaction, dinner) yet transitions are loose and somewhat tangled; despite that, interpersonal ambivalence is expressed with some awareness rather than pure contradiction. The writing shows moderate cognitive noise and ends with partial but not fully rounded closure."
"i heard people arguing outside when i was about ready for bed and she was screaming to the guy to get off and they were going back and forth and nobody else spoke up or interfered...i opened the window and yelled for him to get off and leave her alone he wouldn't let her leave in the car and she kept pushing away and kept going on until she was finally able to and he went after her in his car and i saw up until they turned the street but just that fighting and manipulation really triggered me and brought me back to when i was a kid having to interfere with my parents because no other bystanders ever did anything no cops ever did anything and it was always up to me and my brother to essentially keep my mother alive from my father. i hope this woman was able to get away from him. just really sucks to not have been able to do more, just like i couldn't as a kid. and others minding their business as always...messed up.",4,4,5,3,4,3,"The entry maintains a clear throughline from witnessing the argument, to intervening, to the memory trigger from childhood, and then to the emotional takeaway. It is written as one long sentence with ellipses and compressed phrasing, which slightly reduces clarity, but the thoughts remain connected and focused rather than fragmented. There are no major contradictions; the ending provides a coherent, emotionally grounded sense of closure even though the situation itself remains unresolved."
"I need a journal so here it is last couple weeks. I've had a lot of ups and downs good in head ends and outs. I am moved out of the house right now and of course, friends suffer starting to question things which doesn't surprise me. I'm just at that point with things where it's like, I don't know what to do. Yeah I mean, and Stephanie found out about the gun that I bought made a big deal about that whatever I think it's gonna be the last time I journal because I just it's great in the beginning now it's time is going on. I don't feel like anything's changing with the journal thing versus talking in person so I'm just confuse as fuck that's all she tells me what she wants me to be so try my best to do that. It's still not good enough. I'm never gonna be good enough. Never gonna do anything right so it's fine. She doesn't want me. She needs me but mine is want her not need her like I said you made a big deal about that gun. I told her anything it comes down to with me spending money. It's always questioned criticized when she does it. It's OK CS I did spend $1000 on a gun and scope and stuff. Yes I did but it's a one time purchase that could last for 100+ years yeah it's I make purchases that aren't just a reoccurring purchase and make the purchase because it's gonna be a long-term like investment purchase what the exception of tires for the cars yeah that's part of the only thing that I finance is like a short term thing but everything else yeah I plan for it to be years like the chicken coop cost me $200 to build the floor. Everything else I had so for $200 got a chicken coop that I'm hoping last 5+ years before I gotta start doing anything to it. She doesn't see it that way and that's the problem she sees. It is a waste of money but I'm not looking right here in front of my face like a car driver. I'm done with truck drivers do I'm looking ahead. I just wish you could see that. Are you gonna work for whatever reason she can't so flat I guess it is what it is, but I'm getting off here picking up my kids and going home because I have a long day tomorrow cause it's Tuesday.",2,2,2,2,2,8,"The entry has a loosely identifiable thread around relationship conflict, self-worth, and money decisions, but thoughts frequently run together with abrupt shifts and weak transitions. Contradictory feelings are expressed but not meaningfully worked through, and the writing shows notable cognitive load through long run-on sentences, fragment-like phrasing, and an ending that feels more like trailing off than reflective closure."
"I was crying at my desk when he walked in from outside. He saw me & said oh you're crying because of me. Now today as already been stressful because the kids have remote learning so for the first portion of the morning I was juggling all the kids, school + work. Lucas got here & took over but they were still coming to be for help & he was in the bathroom x2 for extended about of time.  But he did help Robert  with his SEL work. So anyway he said oh, it's me. I said it is but not for the reason you think. I said it's the same stuff.  Why don't you consult me OR tell me about it. He was confused I said, ""sport and warehouse"".. you know what he said?  "" how did you find out?"" That's what he said... how did I find out... I said that's what you wanna say???  Your worried about how I found out? I said it's like you said the same cycle... I asked hey did he talk to me before & said because I would have made him feel small. So I said  you'd rather ask for forgiveness and permission? At least you'll have your gun tho..  he was like there isn't anything can say tha will change it. I said you can return it, & he said I doubt it. I said oh because you already used it & he said yeah.. I just almost passed out & went to cry upstairs.. how are we suppose to move past this whenever he is doing the same thing over & over.. he didn't even give me the chance to be like yeah we can do that but we gotta do this? There is 0 communication, it's legit financial betrayal YET AGAIN!  Knowing we need the money for bills & that's he hasn't worked in 3 weeks, don't have money for gas, & is planning on quitting anyway! I'm just furious & hurt.. when I left the secession last night I felt hopeful.. I leave talking to you often & I feel hopeful, as if this CAN work then get hit in the face with my reality.. at least what I feel like what is my reality..",3,4,2,2,3,6,"The entry stays centered on one main conflict and develops it chronologically, but the flow is disrupted by abrupt insertions, quoted dialogue, and several syntactic breaks that make some sentences hard to parse. The writer clearly recognizes a conflict between hope and lived reality, but it remains emotionally unresolved, and the piece ends in an open, distressed state rather than arriving at a firm resolution."
He didn't even tell me about it. He didn't suggest meeting consult with me. We have been through this. We have been through this. We just had a conversation with it as a couple. He didn't got an income because he hasn't worked.,3,4,5,2,2,6,"The entry stays on a single interpersonal grievance, so topic focus is relatively intact, but continuity is only moderate because the progression is repetitive and loosely connected rather than fully developed. Cognitive clarity is reduced by grammatical disruption and abrupt phrasing, and the entry ends without resolution or reflective closure."
"James, I am so frustrated right now because Robert was using me to save out of card for school. And I went on his email, and I saw he bought a gun for $600 and accessories. It was probably at least a thousand dollars. What a fudge. I wanna cry right now. I seriously just wanna cry. It was like a thousand dollars for a gun, a scope, plus accessories. What? What? How do I handle this? How do I handle this?",4,4,5,4,2,4,"The entry stays tightly focused on one upsetting event and its emotional impact, with thoughts connecting clearly despite repetition for emphasis. Expression is mostly clear and organized, but it ends in unresolved distress and repeated questions rather than reaching any closure; no meaningful internal contradiction is present."
"Though it's already February, I want to still do my 13 wishes for this year and see if they can come true. I don't really remember what my previous wishes were in 2024 but I do remember 2025 being a shit year and I think it's especially because I didn't think about my personal goals and what I wanted from life. 

I lost the Apple job that I was working on throughout February. I'm disappointed. But I guess, I'm not heartbroken. They reached out to me. They want me for a position that would be the same as what I'm doing for Adobe now. The increase in my pay would have been good. But I do think all it would have done is made me less disciplined with how I spend my money. I think I got all the information I needed from the process and despite the hiring manager and the recruiter all saying that the interviews went really well, in the end, the accommodation in a flexible schedule for my medical needs is what lost me the job. I guess they didn't really want me. It would've been a 30-40K increase in annual salary.

Communication has also been really hard this past month. I'm saying yes to too many things. 

I need to get back to a sustainable routine of work and life. 

Jason still confuses me. He just wants to be around me. He tells me he misses me. He apologizes and works through miscommunication so he doesn't hurt me. When I say I'm hurt, he immediately stops and checks in. And yet, I still feel like I don't know him very well. Is this what dating is supposed to feel like? Is this what it's like to date someone who actually likes you for who you are rather who you can be?

Ironically, now that Jason (and John) want to spend time with me, I feel more capable of being friends with Joe and offering emotional labor for him. I offered him to see Cocoa this week while I'm out in Finland. I thought connecting with him about stuff from the past. I guess, I don't thin that's a very good idea but he's intelligent and wants to talk about tech. Maybe that's what I can start with.

Today marks the first time I've ever taken a trip for leisure by myself. I've gone trips before by myself but they have always been for work. I'm so proud of myself because I booked everything, I got all the paperwork needed, I packed, I communicated, and I never felt stressed out by the airport part one bit. I happened upon the lounge this time instead of making it an itinerary item like Joe did in the past. It felt serendipitous because I did have extra time and it was on the way and I definitely needed the time after rushing out the door with my luggage. 

I feel cautiously optimistic about this trip. I hope it is life changing. I want to write my wishes under the Northern Lights. Breaking up with Joe has been hard but it's gave me so much more self-confidence in my ability to handle life no matter the status of external support. It's just a cherry on top that I found people who root for me despite the times when I act more in line with what is expected of any human.",4,4,4,4,4,3,"The entry moves through several distinct topics—career disappointment, communication strain, dating uncertainty, friendship boundaries, and solo travel—with mostly clean paragraph-level transitions and coherent development within each section. Conflicting feelings are acknowledged with some integration (e.g., disappointment without heartbreak, confusion about Jason alongside cautious openness), and the piece ends with a reflective, forward-looking conclusion rather than trailing off."
"Today was a little bit better than yesterday, emotionally for me is what I mean. I didn't cry much today. I did during our session. And, you know, just about kinda like finances. We already touched on that. Already know the feelings of that. So I don't really have anything else to add yet in that area. We did Lucas and I did talk today about the kids, about the schedule, and they just made me feel a little bit more comfortable about things. Obviously, I'm comfortable with him. We've been together for so long, so there is a sense of dependability and comfort and, you know, love I have, obviously, for him. So I'm just thinking about how before I said, you know, when he would pull away, I would engage more. And I have to be able to recognize that. And I think that's with everything. It's like whenever he would shut down and I push, push, push, or whenever he would, you know, wanna do something, I would say, like, well, how about this? Or, you know, I definitely see the deeper that we get in things, I've I definitely feel more I see more of my part in this than I think I've realized with a lot, whether it's talking to him like his mother or making him comments that I say about certain things, making him not feel as valuable. And, I think that puts me in a in a a odd space emotionally because I'm not quite sure how to, one, I had to recognize that and stop it. Two, I need to freaking apologize to him for that. But it was just in multiple areas, like, you know, making him him feel bad about, you know, spending money or, oh, you should be doing this or should be doing that. And so I can see why he feels like he's was not enough whenever we had the this really bad snow. And I was like, you know, this is opportunity for him to have that stay at home dad life that he wanted. And I looked back, and he did do the dishes. This may not have been it may not have been consistently, like, every day or on my schedule, but, like, he did the dishes. He got the kids dressed. He fed them. He gave them a sippy cup. Kept them from distracting me for the most part. He on cert a couple days, I think he helped the kids with their homework. So I think that, you know, even though I look back in the first day he was here, like, I got gas, and I went and got propane, and I did those things. Yes. That happened. But, also I do see the areas in which he did step up, and I'm not quite sure how to tell him that. I haven't told him yet, but I think because that was me reflecting earlier today of about his, about his time here. So I think that that is is very beneficial.",4,4,4,3,4,4,"The entry stays centered on one relational theme and develops it in a connected way, moving from emotional state to conversation with Lucas to self-reflection about her role in the dynamic. There are some verbal repetitions, self-corrections, and tangled sentence structures that lower clarity, but the thought process remains followable and shows meaningful integration of mixed feelings rather than fragmentation."
"They've asked for the no communication. It's really hard to get it to, but it's really hard to see if, like, and all the time. And two, with our history, he knows I didn't like that. And there's history of me. Think he's people and, you know, just for everything that you don't do, I too I feel respected, and I was like, it's really so hard to go message him. But I couldn't because I know I'm off social, and I know it's not scary. I something's kinda, like, leaky and more upset, but it's, like, Morning. Throughout the day. Hey. Are you? No contact. She's separation. I've been doing that since because I've been pissed off. I saw that. And then I told him, okay. You just got your now he's not gonna have a job. He just got his the air money. And I was like, okay. Well, how much you gotta have left? He said, I knew the case in bills. He's like, well, I'll have to see that when the truck payment comes out. Okay. The truck payment is the same amount. We know when the bill's come out. The truck payment was for a thousand dollars. They told then I checked. I saw him at Walmart. $289 he spent at Walmart, and he has $28 worth of new piggy accounts. How is that gonna last him? How would this be gonna give me? I'm volleying my eyes out now because I'm just so fucking pissed off that he's not I know he needed food for his house, for his apartment. Obviously, he needs to get himself some food. I didn't even spend that much when I got all all of those groceries. He spent a $150 at all of these. $289. This guy, really, you can just take this for a little bit. This is just wise. These are his priorities. He is not showing up, and it is really hard to it's really, really hard to accept that. He has the one he talks to. He doesn't wanna express his feelings to. What did I do all night?",1,2,2,1,1,9,"The entry is highly fragmented, with frequent broken phrases, abrupt shifts, and unclear referents that make adjacent thoughts difficult to connect. There is a loose theme around no-contact, anger, and the other person's spending, but topics bleed together without clear development, and the piece ends on an unresolved question with no closure."
"i’m proud of myself for trying to run on the treadmill! i never run only walk. and when i was feeling worked up today, i did a quick “dance workout” to relieve some stress then did some breathing exercises and laid down to recenter. i also listened to music to relieve my thoughts.",5,5,5,4,4,2,"The entry is brief but highly coherent, with each sentence building on a single theme of self-regulation through movement and calming activities. Topics are tightly focused and clearly expressed, with no contradictions or fragmentation; the only slight reduction in clarity/closure comes from its short, list-like structure rather than fuller reflection."
i had a panic attack last night i just couldn't calm down and refocus my brain everything caught up to me and it was hard to sleep,4,5,5,4,3,3,"The entry stays tightly focused on a single experience and the thoughts connect clearly from panic attack to inability to calm down to difficulty sleeping. It is brief and somewhat compressed, with limited development or closure, but it is not fragmented or contradictory."
"Prime example right here. Here's another example, Jane. Lucas is off today. He gets up. I asked him to go check on my dad because I couldn't get ahold of my dad, and I was afraid he was outside. So I called him fairly early, and he said he would go check on him. He also needed, he said, to drive his truck around. So but, anyway, my dad called me back, so he didn't have to go check on my dad. But he was awake, so he's like, oh, yeah. I'll go drive my car around. So I was like, okay. So why since you do go drive your truck around? Maybe take back my pants, maybe put the money in the count so I can pay for a mortgage. He said, okay. You know what he does? He leaves. Doesn't take a kid with him. I'm here at work, and I have five kids with me trying to work. Robert wants to make breakfast. Holly, like, super grateful for that, but now I'm bringing my computer into the kitchen so I can help him cook breakfast. Riley got poop everywhere, all in the toilet because she wants to try and potty train herself, but she was upstairs. She came upstairs to go to the bathroom. So now I'm trying to do without and trying to work. And where is he? Off doing errands. Didn't even think to take a kid with him. No consideration. You know what that tells me is that he's, like, just stuck in his own little mindset of, like, doing things by himself. There is no thought of taking the kid with you. He could have gotten the Riley and Rummy dress and taken him for a ride with him. I shouldn't have to tell him. He should be able to do this himself. He should be able say, I'll take them with me. Even if I did suggest that, I'm sure I would've got a little bit above a huff and puff. Nope. Here I am, clean up the mess, doing it myself. This is prime example of my frustration. So I'm working, and now I'm cleaning up kid poop while Robert is trying to make breakfast. Where's Lucas? I don't know. Driving his truck somewhere.",4,4,5,3,4,4,"The entry stays centered on one main complaint and develops it in a mostly linear way: Lucas leaves, the writer is left juggling work and childcare, and this becomes evidence for a broader frustration. There are some spoken-language restarts, repetition, and cluttered sentence structure that lower clarity, but the narrative remains followable and ends with a clear return to the core grievance rather than fragmenting."
"Yesterday my son called me to tell me he wants to change his pronouns and name. 
This hurts. I don't understand it. I love him and will respect his wishes but it's not something I understand at all. It makes me want to distance myself because that's more comfortable. But that also makes me sad and uncomfortable. I wish I could fast forward to a time that it feels ok",5,5,4,5,4,2,"The entry stays tightly focused on a single event and its emotional aftermath, with each sentence logically building on the previous one. Conflicting feelings are clearly acknowledged and partially integrated rather than looped chaotically, and the writing remains concise, direct, and structurally coherent despite the distress."
I think I continue to challenge myself and put myself out there because I know half of me knows I can do it and I want to prove the other half of me that I can. In the hopes that I come out stronger as a result and ultimately better mentally and physically.,5,5,4,4,4,2,"The entry is tightly focused on a single idea and maintains a clear logical flow from self-challenge to motivation to hoped-for outcome. It contains an internal tension between two parts of the self, but this is acknowledged and framed coherently rather than looping or fragmenting; the phrasing is slightly awkward, which modestly lowers clarity and closure."
"it's been a very anxiety inducing day. or i should say i'm not sure if its all anxiety, maybe mixed with excitement and adrenaline. i'm taking a risk work-wise to advance my career and i'm hoping it will pay off but the uncertainty is scary. there's no guarantee, but i think i have to trust myself that i have made the right decision. i never steer myself wrong, but trusting is still a challenge because i can't control.",5,5,4,4,4,2,"The entry stays tightly focused on one experience and moves in a clear sequence from emotion, to cause, to reflection, to a tentative conclusion. Mixed feelings are explicitly acknowledged and partially integrated, though the final thought remains somewhat open rather than fully resolved."
"To find him. A little Gosh. I'm looking really just that. Putting this journal entry in here as Lucas just left to go to his appointment. I was able to work overtime until seven. He was here with the kids all day, hanging out with them, basically hanging out with them. I'm not sure there's actually any parenting done today. It's more just watching them. So I got done at seven. Is it a bee? I was in my office cleaning it, picking up the toys, cleaning my desk. Give we heard him out here snoring. I was just letting him go. I was gonna wake him up. I woke him up this morning for his appointment, and he was late. I called him this I noticed it was 08:15, 08:30, and I'm like, what the hell? Like, he should be leaving. And I called him, and he was like I said, do you have your appointment? He said, yeah. And I was like, well, this is the time. Got on and looked, and I guess they changed it to a video visit, which he did. So he didn't do his light therapy, but he ended up driving while talking with her to Sheets. Got me a Doctor Pepper, which was super nice. And got himself a coffee, came back, was able to make it up the driveway. And, like I said, and then sleeping sleeping is becoming a big problem with him. I don't know if it's the Depakote, if it's depression, but sleeping is becoming a big problem. Getting up and getting on time to appointments, yeah, that was an issue. But, like, now he's sleeping during a day, not doing anything now. He had a little talk earlier about, like, about us, and he said, basically, it it is what it is. Like, he's okay if we're not together. He's we'll be okay if we are together. I'm like, so you're basically giving up on us? And he was like, well, no. I'm not giving up, but either way, I'll be okay. And I was like, we're good. Like, with myself and being like, that's reassuring to hear. But, also, I was like, so you're not gonna fight with us? I feel like we constantly go through this turbulence. We're gonna fight for each other or not. We're gonna fight for each other or not. Like, I don't know. I'm just this is a new cycle. And, I mean, it's it's super frustrating because that's not what I want. And I think as obviously, like, time progresses, it's showing me what I really want and that I'm capable of doing things alone. And we can co parent, and, you know, we talked about that. And I was like, what what does that mean? What is next for us? And he was like, I don't know. That's a question I need to ask Jane. Like, given where we are, what is next for us? You know? Like, what is the plan to go forward? I don't like he said, you know, technically, the month is up for him to be at his parents, but I'm not ready for him to come back. I don't want this life. Him sleeping, me working, me cleaning, me doing it. Like, last night, it was great. Well, I don't say great, but, like, I come out and I have a talk with him. And I'm like, Lucas, it's not like I come out and I complain about the house. At this point in our relationship, you know my stressor is the house. I cannot sit whenever it is dirty. Like, this is not new information to you. I want you to be able to, like, think to yourself, like, at this point, you know my routine. I come out from work, and I go straight to cleaning the house, picking up after One, it needs to be picked up as we go. Mommy, two, you know it's a stressor for me. So as the man, why don't you prevent that? He's like, I know how this makes her feel. I'll have a better day if I do this. No. You wait for me to come out and for me to bitch about it, and then that makes you feel bad because then you feel like shit for not doing it. It makes me feel like I'm trying to mother you. Like, you can avoid this whole thing just by cleaning it up. And he was like, well, maybe I'm just not living up to your lifestyle. And I said, well, no. That's I mean, yes. That's true. I don't wanna live this way anymore. Package for you. I want to grow. And I was like, you need to tell me if you wanna grow or if you wanna stay the same. No. It was a gift. I don't want to be disorganized. I wanna be organized. It helps my mind. It's clarity. It decreases the stress, and I told him that. Nothing. So there was, like, some after having this conversation, then he grabs the vacuum and starts vacuuming. And so, like, I see that, but it also it took at least an hour conversation for that to happen. I can't do the data, but, jeez, every day. Girl. Was I like, by the time that we have this conversation, this all could be picked up in thirty minutes if we all went together and did it. But I'm trying not to mother him, but, also, it's like, if I don't do it, it's not getting done. And, of course, like I said, I've took pictures of the house before and after the end of each day, and I don't know what it is because I'm here. It is messier. I don't know if it's because, like, I go through picking up the stuff, but, like, I have here with it the past couple days. Not I'm not sure. And, of course, that puts a stressor on me. And he knows that, and that's what's upsetting. So he did help. He did pick up, but it was after an hour long conversation. I was like, I don't want you to feel bad. I don't wanna make you feel bad. I'm not your mother, but I'm not cleaning up. This is something you need to do. I was like, it helps your mental health. Your area is an extension of your brain. If your area is cluttered, so is your brain. If your area is clean, your mind is can be looked and he's like, oh, well, where'd you hear that? And I was like, oh, it was it's science. He was like, well, science contradicts the bible. And I'm like, you know what? Like, this don't even need to be, like, addressed. So I don't know what your what the purpose of him saying that was, but I don't know. Definitely more stress. I get the idea of wanting to keep the of course, I wanna keep my family together. I don't know. I'm not questioning as much as I used to question it, though. I feel like there's more obviously, I said before, there was more peace with it than ever, but I don't know. Every time I come and talk to you, I feel like there's a push. We can fight for it. Let's fight for it. Let's go. But then in between not talking to you, it's just like to it forever. Back in the same Carefully. Look at this. What's wrong? Same routine and and no, like, motivation by either of us necessarily to sustain it. And it's just, like, we're just Play this prank and get justice for I don't know. Please, whatever you do, don't blame We're just floating by. I'm applying glue to this yoga ball. Blue barrier to stuff. Maybe I've been She is in so much trouble. I am so fed. I've been thinking a lot about that, about What? Maybe What happened to something like this is not this is what not what I want. This is not how I wanna be loved. I've given so many chances. I'm not giving up, but I think I am saying I'm done. I I have tried everything. But he does have a call to the this warrior path next week, but that's good for him. That'll be good for him no matter what. I think that's good for him, good for the kids. If he gets to do it, that's great. I'll be there to support him no matter what. I hope you do the same for me. But I am. I'm done. And I don't know where to go from here.",2,2,3,2,3,8,"The entry has an identifiable central theme about the relationship and household stress, but continuity is repeatedly disrupted by abrupt, intrusive fragments and unrelated insertions that break the thread mid-thought. Contradictions are somewhat recognized—wanting to support him while also feeling done—but they are only partially integrated, and the piece ends with a tentative conclusion rather than fully resolved closure."
"Mama. Progress note for the day. I was able to work independently without the kids bugging me, and I was wondering, oh, I haven't heard from them. They're down in the basement. Lucas is sleeping. Remy is playing on an iPhone. Riley's playing. So No. Nonetheless, I'd say that was a success. But I also bought groceries, and he pulled them out of the car and didn't put them away. So that was at least four hours ago. So there's been groceries sitting on the counter for four hours. Mama. But, nonetheless, I was able to work. Now I put away groceries, go grocery shopping, and then start doing household duties. But this is his weekend with the kids, so I think I need to navigate, like, how I do that. So just a little progress update.",4,4,4,3,4,3,"The entry stays centered on a small set of related topics—working independently, the children’s status, and household responsibilities—with mostly clear connections between sentences. There are a few disfluent elements and stray insertions ('Mama,' 'So No') that reduce clarity, but the writer still maintains a coherent thread and ends with an intentional takeaway about needing to navigate weekend household dynamics."
"Today, I woke up crying. I feel over emotional. I had to recenter myself with my mantra: I am rare, I am valuable, I am enough. Then I thought about three things I will accomplish today and told myself it is okay even if I accomplish just one thing. I also told myself my daughter needs me. Today I wanted to just stay in bed and sleep or just stay in bed. I don't even want to talk to anyone today especially my boyfriend after the way he spoke and behaved yesterday. I feel very hurt. I don't know how to move forward with that. I am not okay with that behavior anymore nor will I accept that behavior anymore or from anyone. He says we look at relationships differently. I wonder if it's because he thinks he is suppose to control certain aspects of the relationship which I am not okay with. I have expressed this to him before and have had numberous conversations. When we get into these discussions. He seems to post on social media that ""unless you are doing something for someone you aren't valued"" that doesn't make any sense since I do most of everything. He just recently started putting in financially. Even when I'm there I take care of majority of everything and from afar I take care of all needs that's why I've been trying to pull back to set boundaries so he can figure it out because I can not take on all of that it's exhausting he needs to show me he can take on his responsibilities before we settle in. When things get rough not blame others and just take accountability for what needs to get done and not stay in a rut that's all. I just don't understand why that's so hard. I all ready went through a relationship where I was taking care of a man in roles that a mother would I don't want to do that. I don't mind being a wife I don't want to be a mother and o don't to be talked down to or taken advantage of. A wife is valued and respected if I don't have that I don't want to be put there again. I know what I want and I don't want to have to deal with nonesense. Everything else is good and I just can't figure out how to get him to see or understand that point of it.Wayne he needs to mature i don't know I have no idea or even if he ever will. It's just annoying. That's just my stressor today. Until later",4,4,4,3,4,4,"The entry stays largely centered on one coherent stressor: emotional overwhelm in the morning and conflict with her boyfriend, with thoughts building in a connected sequence rather than breaking apart mid-thought. Clarity is somewhat reduced by repetitive phrasing, long run-on sentences, and minor grammatical noise, but the narrative remains understandable and ends with an intentional summary rather than trailing off chaotically."
"It's gonna be So we decided for Lucas to stay here at the house, with us for this weekend. And, technically, the twenty seventh would be his day to return. And which we already know that I said I wasn't ready, and I told him also that I wasn't ready for him to come back. And I did not tell, obviously, anybody in his family yet because I haven't had the the right time. But we we've only technically, like I said, have gotten two weeks of a real separation because the first two weeks was not him, like, really doing anything and confused and, you know, all the things. So last night, I went to his parents after I went to the gym to try to figure out what the plan was. And Perfect task for administration. His dad was like, yeah. It thinking it was best for him to come home with you too and to be there at the house in case, you know, he needs to get the generator running. And and I was like, yeah. Yeah. I agree. And I talked with his sisters. And apparently, there was an incident last night when he dropped Robert and Reagan off. So before I on my I would I gave my derm journal entry last night on my way to Waynesburg. So between there and now, apparently, you know, we were trying to figure out the plans. So Lucas ended up taking the kids to Williamsburg. He dropped off Robert and I get a cheer, and he was really upset about having to take them to cheer, not just about having cheer practice, but also being interrupted for preparing the house, which, in all honesty, we've known about the storm for a week. If he was going to prepare for the house, why would he wait till two days prior? Okay? That's a side note. But I obviously haven't done anything either, so I can't say anything. But I He gets to the rec center, and I guess he's mad, and he punches a hand sanitizer. And the cheer mom see him. And the county is also staffing up emergency dispatchers to help handle the expected increase in nine one one So, anyway, so he took the kids to the rec center to drop them off at cheer. But before he left, I called him back in. I was like, you know, I I'm sorry if I made it seem that I was, like, frustrated. And he's like, no. You just seem stressed. You're just stressed that I'm here. And I was like, that is a piece of it, but I have all these other moving pieces. Just, like, try to communicate to him. Like, I have a lot going on. People were throwing case cases in my queue. And, you know, I I was trying to work. Remy was getting into something. I was trying to figure out how to get them to cheer, and it's like all these things were going on. And I just called you to figure out a plan on what to do. So, yes, there's a little bit of stress there. As here as an adult and their father, I expect you to step up and figure out a plan with me, not for me to tell you what to do. I mean, once again, I'm not your mother. But I thought when he left, he was calm, but, apparently, he dropped the kids off at the right center and punched the hand sanitizer and cracked it. And that was in front of all the cheer moms. I found out this later after cheer moms told his sister. And I'm like, what the why would you punch the hand sanitizer in front of everyone? Like and then when I got to his parents' house after going to the gym, I obviously haven't brought that up to him. He doesn't know that I know that because he'll be really upset. And and probably I don't know. Just be upset that I know that because the cheer moms because, yeah, I've I've told him something before the cheer moms have witnessed that they've told me, and he was like, well, I'll go tell them all right now where to shove it. So I don't know how to approach that. But, you know, with him being here this weekend, I feel like this is a great opportunity for him to show me, you know, what he can do, maybe things he's worked on. But, you know, where is he? He's still sleeping. It's 09:20. I called him at 08:30, and I was like, hey. It's 08:30. The kids are still sleeping. If there's something that you wanna do, you know, maybe wake up and do it now since they're still sleeping. Alright, he said. And it's now nine 09:15, and he's still not up here. So this is where we are, and we'll see how this weekend plays out. But I'm kinda frustrated. I'm waiting for him to show up and step out, but I don't think that's gonna happen. I don't want him to be, like, love you towards me. I want him to, like, step up and be a man in a situation. Like, wake up early. You say you wanna prepare. Wake up early and prepare. Get better time management skills. This is the reason why you're your parents. Like So I'm not sure.",3,3,4,2,3,6,"The entry has a recognizable central thread about Lucas staying for the weekend and the writer's frustration with his behavior, but it is interrupted by digressions, repetitions, and a few intrusive unrelated fragments that disrupt flow. Topics are identifiable yet loosely managed, and although the writer shows awareness of mixed feelings and situational complexity, the expression is cognitively burdened and ends with only partial resolution rather than a clear reflective close."
"I don't know if this entry will even save since a lot of my other entries have not saved but here's to taking a leap of faith and venting. I've been having a rough few weeks. It started last Friday. My car broke down and has been in the shop since. My daughter got in trouble in school for attempting to jump a girl she previously had an issue with that I thought we were long past. This week I've been arguing with my boyfriend and we have not been on the same page at all. He's been very harsh towards me. I've been trying to get him to understand that the way he treats me is effecting me a lot in many ways. He's been cursing at me and calling me names. I'm drained. My boss felt excluded at my job so she had a tantrum today at work and slammed the break room door. Lately people at my job have been very unprofessional in that matter and more so it's been daunting. My mom is letting me borrow her car but has stipulations. I don't have any money right now and when I get paid I have a lot of people to pay. My boyfriend thinks I have the better end of the deal even though I've explained to him many times it's not been easy. I spoke to the lawyer and I'm in limbo but last time we spoke he said that we will be moving forward with the Divorce and Relocation. I'm terrified to relocate if money will be bad or he will act as he has been while I've been living here in PA cause this behavior and manner of speaking is unacceptable. 
Mentally physically and Emotionally I'm so drained and overwhelmed 
I've been spending more time with my Dad. Taking more pictures with him. It makes me sad but happy I get to spend time with him. I try to reflect and take in all the good moments and remember why I'm doing what I'm doing and why I keep going. I just keep asking....when will the fighting stop, when do I get a chance to breath and have the okay we are okay now and just feel safe warm and loved. I've been using Chat GPT to explain some conversation especially those with my boyfriend that I don't understand or need clarity on. 
Just waiting to exhale",4,4,4,4,4,3,"The entry is structurally coherent, moving through a sequence of stressors in a connected way before shifting into reflection about exhaustion, her father, and her desire for safety. Multiple topics are present, but they are introduced and developed clearly rather than fragmenting mid-thought; emotional ambivalence about time with her dad is explicitly acknowledged and held together. The ending lands on a clear emotional summary rather than trailing off, with only minor strain visible in long sentences and accumulated stress."
"This was a very emotional day for me. I just have a lot on my mind, and it was a lot about relationships because Lucas came over yesterday. I didn't tell him he didn't have to, or I didn't ask him to. I, you know, I just said, like, it was a Thursday, and I was just going to get the key get the kids, get a dinner in bed. And he came up yesterday because he wanted to prepare the house for the snowstorm. He put tire chains on his tractor. I think that was all he did in relation to that. But then he came in, we had some conversation. And that was some really deep conversation because he the conversation came up about about us, obviously. And then he said, like, I just don't know what you want. And I explained to him that and about him, you know, being better or if it's something he thinks he could do. And then he's like, well, I I feel like you gave up a while ago. And I was like, I didn't. But if I did, when do you think that happened? And he said when he got home from the hospital, so when the separation started. And then he's like, I feel like, basically, we are we are divorced. We just haven't signed the papers yet. And then, like, I felt really bad, and that's where I'm struggling. It's like, you know, everything I'm telling him is true. Everything I'm feeling are things that I'm trying to process. But then once I see once I see the hurt that it's doing to him, I immediately want to take that all away. But then that doesn't, like then that negates me and my needs because I see his pain, then I wanna grab him and hug him because I'm the one hurting him. Of course, he doesn't wanna hug me. He didn't hug me last night. I I said I had my head on his chest, and I said, do you wanna hug me? And he's like, I don't know. And he didn't. And that's the uncomfortableness of, like, what is happening is by me, like, by everything that's going on, we're both getting hurt. So I I I don't know what to make of that. And, of course, like, that's what's you gotta work through, but, like, I'm not sure how to handle my emotions because I want to control and care for everything. And I hate to say, like, control it, but, like, I just don't want it to him or me to feel bad, but we are gonna feel bad. You know? Like, it's just the nature of it. And he said about we got I forget how the subject of finances came up. Oh, because I talked with him. We were burning the couch, and I was talking with him about the apartment above Jimmy's place and renting it out. And he was like, oh, so why are you trying to keep me out of the house? And then he then I forget we got sidetracked. So then he came back in, and he was like, so what you said out there has has a couple questions in my head. And I was like, okay. So then he told me, like, about how he wouldn't be able to, like, afford it. And he did the math and, like, giving me just half of the essentials, he claims he can't afford either, but then doesn't wanna get a different job to be able to afford it. And then somehow we got on the subject of child support, and I was like, if we if we did divorce, I would have to go through the court system to have it black and white a fair amount using their calculations for it. And he's like, well, you may have to pay me. And I was like, well, that very well may be would have been true if you had the kids. But I would have the kids Monday through Friday for sure for school. And then he's like, well, if it was $50.50, I wouldn't have to pay you anything. And then I was just, like, in shock by that. And, of course, I kind of expected it, but, like, to hear it was another thing. And I was like, given our financial hit I said, given our financial history, I would have to do that. Like, him getting money and hiding it from me, and he's and he was like, well, if I gave you money, it would have to be used on, like, the electricity, the mortgage payment, things for the kids, actually. And I'm thinking to myself, like, he thinks that I was gonna use that I would use it on myself. And then I came up and not that I would, but in any means, I wouldn't use that money to get my nails done. But I would I said, well, you couldn't dictate how that money is spent. The court says, if I have the kids most of the time and if I if they say this is the amount of money, it goes in a card and it's given to me and I'm expected to manage it. You can't dictate how that's spent. And he's like, oh, yes. I can. And then I said something. He's like, well, I'll just be a homeless veteran because I wouldn't be able afford to have a place of my own. And he's like, just sitting here thinking about it, I wouldn't be able to be alone. And I was like, what do you mean? And he was like, well, financially. And that's when he did numbers. And he's like, well, I'd only have like $300 to live on if I gave you $1,700 and my truck payment's a thousand. And I was like, well, then you have to sell your truck or get a different paying job. And he was like, no, I wouldn't get a higher paying job. I'd be at this job for the next fifteen years. And I said, why? And he's like, I just would be. And then I was like, you wouldn't wanna get a higher paying job? And he's like, well, If I did, then you would go go with go come after me for more money. And I was like, what? If that $1,700 will cover the everything that the kids need, I wouldn't need to do that. But also, as the kids age, their expenses change. So he said he would rather have a low paying job than pay more child support. What does that tell you about his mindset? He would rather be and I was like, I wouldn't let you be homeless. There's no way I would let that. But, like, when he said things like that, like, I would stay the job I was in and make miniscule money to not have to pay you more money, that That showed me a side of him that I was afraid existed. I was afraid that side was there. And then when he said that, I was like, oh. Because for him, money is something I don't know what money is because he I talked about managing money and how, like, he has money but just doesn't know how to manage it. And he gave me a look and I was like, well, it's true. He's like, well, how do I make money? And then I told him how much he made. I was like, the money that you claim that I said that would be half of everything, Lucas, doesn't even cover or covers just the mortgage. So how much do you think our bills are? $1,700 would just cover our mortgage. That doesn't cover anything else. So I don't know if he, like, just doesn't realize how much the bills are. He's seen it on paper before many times. I've tried to get this conversation going many times but it just he just doesn't wanna have this conversation. At least with me. I don't know. Money is a very hard subject for him. So he left it on a very bad, like, very harsh note last night and I didn't like that. So of course my, like, avoidant anxious avoidant kinda came in a little bit because then I wanted to just like I texted him like, I love you and good night and I'm sorry the conversation went in the wrong direction last night. Just trying to make up for it. And like, I need to realize that's not what I need to do. I know I made him feel bad but in a way rightfully so, but it just doesn't sit well with me. Oh, darn it. I just passed Walmart. It just doesn't sit well with me. So I and then and then once I like I said, once I see him pulling away or he gets like that, then I wanna chase him more. I need to find some type of strategy that whenever I do feel that way, I need to not engage in that. I need to find something else to supplement. When I feel the need, I express how I truly feel, but then later I go back and I reanalyze the conversation. I either need to control what I say to him or just be okay with what I said. Because I feel like there are times that I give him I give him hope and then sometimes I take that hope away. I know that's not fair to him, but I do that within myself as well. Like, I give myself hope one day, and the next day, it's pulled out from underneath me. And I'm not I don't know what to, like I said, I don't know if that's grief. I just I don't know. And then he then, like, we were trying to make a plan for this weekend because of the storm, and I was like he said, well, let's just all stay at my parents' and we have our own how we have a house. I don't wanna stay at his parents. And during this separation, what am I supposed to like, what am I supposed to do? Like, technically, the kids are supposed to be with him on the weekends, which I said that. I was like, I'll just stay here at the house and, like, I'll figure something out. But then I also said I can't be away from my kids during this time. Like, it's I don't know why I feel a sense of doom. It's only a snowstorm, but I have a strong desire to just be with them. And I have to, like, figure out what is within me, what I truly, like, I don't wanna say want, but because one moment, it changes. The next moment, it it doesn't. Like, I don't know if that's normal. So I think I just need some solitude or inner reflection. I need to some interreflection. And then, obviously, make a decision and stick with it. Because I feel like it's very wishy washy for me. It's very wishy washy for him, and it's causing us both unnecessary heartache. And then the kids, they haven't I don't think they've witnessed it, but today, they definitely did. He brought his medicine because I said he was gonna stay at the house, and Robert got excited that he was coming home. And and then he takes the medicine back out like he was going to leave again. And Remy was crying in his arms that she wanted to stay with me because I was working overtime. He got upset that I was working overtime, and he couldn't get the house prepared for the storm because Robert and Reagan had cheer. And I was working until I work until six, and they had to be at cheer at 05:30. And I was like, I need to know what the plan is. Like, what do you wanna do? Do you wanna take them? Do you wanna stay here? And he was like, well, I'll put everything up, and I'll clean it up, and then we just won't be ready. He was like, it seems like you get mad every time I try to get things prepared. I want things prepared. Yes. I do. But also, it's like he was like, I don't understand why you have to work overtime. And there was a little there's disagreement there because I had I was very stressed. Work was coming in. I'm flooded with these emotions today. He's asking me what the plan is. Like, I have to figure it out, and then Remy's pulling at me. And I'm just thinking, like, why do I have to be the one who makes the decision? This is what I have him for. I ask him and he says, I don't know. I don't know what the plan is. I don't know what you want. And I said, I wanted us together to be at the house together. Our house, his parents I guess it didn't matter because I need Internet. I said, also, I need Internet. No matter where we are, I need it because I'm working. And when I said together, I meant, like, you know, I wanted to be with the kids. But I need to learn if this is a true separation that, like, there are gonna be times that I can't be with them because it's his time, But I haven't gone a day without seeing them, a full day anyway, but there is FaceTime. So, like, all these random things were like, all these emotions are happening, and I feel some type of way. And then he's getting upset and taking his medicine out to the car and saying, don't know what the plan is. I don't know this. And I'm like, I can't make that decision right now. Please don't be upset at me. I cannot make this decision. I have my head is crammed with so many things at this moment, and you're asking me to make a decision like that? Like, where are we gonna stay? I don't Lucas, if it was a true if it was a separation then I would stay here alone, which I suggested last night. I would just stay at the house alone. And if the power goes out, so be it. I would just cover up with a blanket because it's his weekend with the kids. But then you see that, but then we juggle that. It was like, well, it is a snowstorm. So should I is this a opt out of this trial separation? Is it a a pause to it because there's a snowstorm? I'm just so confused, and I don't know what to do.",3,3,2,2,2,7,"The entry maintains a recognizable core around conflict with Lucas, finances, separation, and storm logistics, but the narrative repeatedly doubles back, loses its thread, and shifts abruptly within scenes. Contradictions are clearly felt and partially named—wanting distance yet wanting comfort, wanting honesty yet wanting to undo his hurt—but they remain unresolved and looped rather than integrated. Expression shows high cognitive load through repetition, self-corrections, unfinished phrasing, and associative transitions, and it ends in active confusion rather than closure."
I'm tired of being lonely. I feel touch deprived and starting to feel overwhelming attachment,4,5,5,4,2,3,"The entry is brief but structurally coherent, staying focused on a single emotional theme without fragmentation or topic drift. Clarity is mostly strong despite the slightly unfinished phrasing at the end, which also reduces narrative closure. No contradictions are present, so contradiction integration is rated as resolved by absence."
"That cut me that cut me off. So I made sure he was comforted and know that, like, if something were to happen, he would be my first phone call and that I loved him. And, you know, I told him where I was going. He had my location, what I was doing, sitting on a couch drinking wine, and I had three glasses. And I ended up staying at her house because it was snowing. And, of course, I had three glasses of wine. So I'm not sure. Every time something like this happens, it just validates my feelings of why we are in this situation. Why we are where we are. We have an opportunity like this to grow, and then he reverts back to his ways. And it's not fair to me to have constantly make his feelings okay before I go somewhere or to do something. He's a man. He should be able to handle those emotions. To say, I trust you enough. If that's the issue is trust, I trust you enough that go ahead and do. It's okay. I have the kids. Go and have fun. Is it jealousy because I'm going to a friend's house and he doesn't have any friends? And that I'm choosing to do things with my time and he's choosing to not do things with his time? Like, he was like I said, he was off Friday. He didn't do anything. On this past Thursday, I gave him time again to do whatever it was that he wanted to do. Not to mention, he doesn't choose to FaceTime the kids before bed. I call him to FaceTime the kids before bed. Now he may not know when we're going to bed, but you can at least message and say, hey. Are the kids in bed? I wanna tell him good night. Does he do that? No. And I care if he says, well, I don't do that stuff even when I'm home. You still have to create an open communication with the kids given that you are not there. When you are there, your presence was maybe the communication because they could see you. You're not there, so you need to supplement that in some type of way. Whether that's calling or whether that's FaceTiming, you still have to communicate with them. Don't care if you did it before or not. You have to change it up because we are in a different situation. So I'm super frustrated about not just what happened, but how he's also now perceiving his family to me by making comments like that when he's mad, which I understand. It's his family. If if we do get divorced, sides are gonna be picked. I understand that. That's gonna happen. But I don't want such animosity where people think it's or for people to think such wrong of me. I don't know how to balance between not caring what people think and also caring what the right people think. Because they are my family. They've been my family for fourteen years. They have our children's, you know, interests at heart. So they're our aunts. They're their uncles, but also caring about what they think. Like, making sure I communicate to them that, like, this is a situation. And nobody has asked Lucas. But it blows my mind. Nobody has asked him from his siblings why he is at his parents' house sleeping on the floor. Okay? Doesn't that tell me something's wrong? Why wouldn't you check-in on your brother and say, what's going on? Or check-in with me. Like, whenever he was inpatient in the hospital, did they check-in on him? No. Did they check-in on me? No. It's selfishness so I can understand why he said he feels like the black sheep in the family. I 100% can see that.",4,4,4,3,4,4,"The entry maintains a clear through-line centered on frustration with a partner's behavior, then broadens in an understandable way to parenting and family dynamics. There are some spoken-language repetitions, rhetorical questions, and minor sentence-level tangles, but the ideas remain connected and contradictions are reflected on with awareness rather than collapsing into confusion. The ending lands on a coherent perspective about his family role, giving the piece a sense of intentional closure."
"So I'm doing this on Saturday afternoon. I took the kids to Lucas's parents last night because I wanted to go to the gym. So instead of him coming and picking him up from the house, I took him to them. So I went to the gym. But prior to that, like, my coworker Stephanie was she messaged me and said, like, she was logging off and what was I doing through the night. And I was like, well, I actually won't have many kids. And she invited me over to come paint her house. She's painting her house. So she invited me over to come drink some wine and paint her house. Paint her walls. And I said, sure. I don't have any kids. I'll come over. We just have a girls night at our house. So I was like, okay. I wanna do this, but I gotta make sure I approach it with Lucas in the right way. So, you know, I had everything ready for the kids. I their have iPads. They had everything. I went there, dropped them off, I was like, hey. I just wanna let you know that I'm gonna go to Stephanie's. We're gonna paint our house and drink some wine. And and then he just shut down. Just shut down. Oh, so this is what you get so you get to go out with your time, but I don't get to do anything with my time. And I said, woah. Like, I'm gonna stop you right there because you had all day. He did not have to work Friday. He had the entire day to do something. I don't know what he did. So now he's telling me, oh, and then he was like, you get to you get to go out and go party. And while I'm here home while I'm with the kids. Way to exaggerate that. Way to look me make me look bad in front of his parents because he tells them she's out of French drinking. I sat on her couch and we drank wine. I had three glasses of wine. There was a movie playing and we were sitting on our couch and we were talking. The way he's starting to present me to his family, I'm not liking that because it's making me look bad. He may say in comments like how he may feel, but one, that's not an accurate depiction of what is the case. I wasn't drinking. I wasn't going out to or I wasn't drunk. I wasn't going out to bars. I FaceTimed the kids before bed. I told him if he if I felt like I couldn't drive home or if something were to happen",3,4,4,2,1,6,"The entry stays largely centered on one interpersonal conflict and follows a rough chronological sequence, so the main thread is identifiable despite some repetitive detours. However, expression shows notable cognitive load through restarts, fillers, duplicated phrases, and sentence-level disfluency, and the narrative ends abruptly without resolving the conflict or completing the final thought."
"Learning how multiple iphones are just mirroring each other
 Rather frustrating... i hope this would not wrack bk's digital life.

I may have to make new apple account",4,4,5,4,3,3,"The entry stays on a single identifiable issue—confusion and frustration about mirrored iPhones and the possible need for a new Apple account—with adjacent thoughts connecting logically. It is brief and somewhat note-like, which limits development and closure, but it is not fragmented or chaotic, and there are no unresolved contradictions present."
"So this past weekend, we went to a birthday party for Victoria. He was our niece. We went to we're gonna go bowling, and it turns out that the reservation wasn't for two hours later, so we just decided to eat. So we went to Red Robin, and Lucas said, oh, good. We'll just go eat, and then we'll go home. Because I I got off work, and we we went.

So, anyways, we went to Red Robin, went to eat, and Lucas said, oh, we can just eat and then go home. He, like, didn't wanna go to bowling. So I was like, no. This is why, like, we came. So we're gonna go. So we get to bowling, and things are going well. We're trying to get our shoes, get it all together. And there's only one guy working. Apparently, it's cosmic bowling, and the line starts getting bigger. And he didn't put up the bumpers, and he didn't give us a ramp. So Lucas took it upon himself to get the bumpers put up, and then he started looking for a ramp. So he found the ramp in a closet and a door that was open and went and put it up. So the guy came over and yelled at him in front of everyone. And, of course, that embarrassed Lucas and then just really made him mad. So he didn't do anything to the guy. He remained calm there. But after he went back to, you know, signing people in and stuff, Lucas kept making comments that he was gonna, like, beat him up. And so I just made a decision to leave, and I just thought it was best. On the way home, we really didn't talk. I can see both sides. Like, the guy was busy, so Lucas obviously, like, wanted to help and wanted to to get us what we needed. So but, also, you have to ask. Like, this was in a bad part of town, and he probably deals with all kind of people. So he and he was very busy. So it was a bunch of things on top of it. But I just said I think it's best that we go, and we did, us and all the kids. On the way home, was pretty it was a silent ride. I did put my arm on his shoulder just to, like, give him some touch, just to comfort him. And then I I brought the kids home after that. I did give him a hug. He said he was just like, well, why'd you do that? And I was like, what? I just think he needed it just to be embraced because of everything. But and then he tried to, like, start an argument in front of his parents, and I was just, like, not having it. So he said about, I'll be just be I'll see you tomorrow at church, but I'll be mad then too. And so he did not come to church up until the last, like, ten minutes of the service. I guess he went in the morning to go do something, and he did arrive about ten minutes ten minutes until it was over. And then we I went to my nephew's ginger aleveil party, and Lucas kept all the kids. And so I think that it was pretty interesting as far as, like, that whole incident, the bowling alley, like, how that made me feel. Like, I felt really bad for Lucas because he was I pulled ended up pulling the kids aside, so they didn't see anybody talking to their dads like that. Robert did see some of it, but I pulled Riley Reagan and Remy aside, so they didn't see it. But, like, you know, I definitely see where he shouldn't have been looking for a ramp. That's not, like, you know, the property considering he didn't even, like, ask the guy for it, the guy could have been, you know, like, hey. Yeah. It's in the closet. Go ahead and grab it because I'm busy or something. You know? Which he just didn't ask. He just went looking and took. So but the guy did not have to, like, raise his voice and do that in front of all the kids that were with us. Like, that was very inappropriate to go. So I just before it escalated, I just said for us to leave. But like I like I said, I definitely see both sides, but I do think it was interesting. You know, like, I felt after our last session, I was just so dang confused. And I feel like I have these days it's like, one day, I'm ready to leave him, and the next day, I wanna stay and work on things. Like, one day, I'm okay. I'm comfortable. Like, I actually really like being here alone with the kids. The house is my my mental load is just so much lighter. I don't know how else to describe it. Like, it's just it's peaceful, and it's lighter because I'm doing the same things that I was doing without the added stress. So, unfortunately, that is the reality of where I'm at. And, obviously, I'm just taking a day at a time because one day I want this, one day I want that. But, like, the common theme here is fat, the lightness and the peace. But then when it comes to a, like, a a lover level, it's sadness. It's hurt. It's grief. That's where the confusion lies, and that's why I think, like, I don't know what I want. Because you have both things, and you have both and you have to go through hard things no matter what. No matter if I choose to stay and we work on things like we're kinda doing, like we are doing slowly or I choose to to leave. There's hurt and there's hardness in each direction. So I'm gonna pray on that tonight, and it's kinda what, like, church talked about this morning was, like, the road not taken. And I think that that's kinda, like, what I got from it was, like not saying to, like, to leave Lucas, but, like, you know, the message was kinda the opposite to stay and work on your marriage because, like, that was a lot of what he gave. And I actually went to talk to our pastor, and he said he wanted to get to, like, you know, know Lucas and get to talk to him. And I told Lucas all of this, and he, you know, went up and talked with him. He got his phone number so he could have lunch with him. That is huge. That is huge progression because Lucas didn't even wanna shake the guy's hand when we first met. So for him to get his phone number is huge. So I'm still kind of processing that as it as it happened today.",4,4,4,3,4,4,"The entry maintains a mostly coherent sequence: it first recounts the bowling incident, then transitions into reflection about the relationship, with both sections internally connected. There are many verbal restarts, filler phrases, and some syntactic messiness that lower clarity, but the writer shows awareness of conflicting feelings and partially integrates them into a reflective ending with tentative forward movement."
"Last night when I got home, I called Lucas on my way, and he said that Regan and Riley were in bed. Remy and Riley were in bed. We got them bathed. Lunches were packed, and then we just talked a little bit on on the way home. So then when I walked in, I looked around the house, and I saw where, like, dinner was still in the crock pot. The rice mixture was still open. He left it on warm for me so that way if I wanted to eat, it would still be warm. Robert's papers are picked up on the couch, but there was still stuff all over the table. Shit. Hell, ma'am. All around, and he was laying on the couch. And I just got a little upset because I was like, you know It's okay. You're gonna kill again. But, like, it's like, she I did ask him to please have him pick up the floor. He did pick up the floor. He did the bare minimum. He did what was asked. Picked up the floor, got the kids in bed, got Riley Robert and Ray in bath. Riley and Remy did not get a bath, but they were in their pajamas. So, like, I think it was hard for me to just process all of that because I was, like, expecting nothing to be done. And then I look, and I saw some stuff done. The majority of stuff, what I asked for. But it was all unseen things at that moment. So in my head, I couldn't see the things he had done because I was looking at the things that he didn't do because everything he did was already out of sight. So I told him that. I struggle with that. I cried. He was fairly reserved. The dude he was pushing away. Could tell by his face. I sat down beside him, and I just wanted with my emotions. But, yeah, he also like, I feel like he was definitely trying to get some out, but he was confused. Definitely confused. And then I was like, well, let's just not even, like, think or let's not talk the rest of the night because I think it's just gonna make the situation worse. So we ended up being intimate last night. It was a very emotional intimacy. It was very emotional. From me, anyway. I felt reservations from him. I don't know what to think.",3,3,4,2,3,6,"The entry mostly stays on one relational/domestic episode and follows a loose sequence, but continuity is disrupted by repetitions, name inconsistencies, fragment-like phrases, and several syntactic breakdowns that make parts hard to track. There is meaningful self-awareness about focusing on what was not done versus what was done, showing some integration of conflicting reactions, but the writing ends in uncertainty rather than a fully resolved conclusion."
"Lucas and I talked on our way his way home yesterday, just a little bit about, you know, the plan for today. And he asked me a question, And he said he was unclear of how we were handling this separation. I thought that I had made myself clear, but I did not because he was so confused. So, basically, he said, are we handling it? Like, where there's the parents, and then I come home and things like or it can still be, like, lovey dovey, hang out with the kids, whatever. Kinda like he's out of town and then comes back to town, or we treating it like a divorce. And I was like, from the get go, I don't wanna say, like, a divorce, like, it's a separation, but from the very beginning, it was a separation. I have the boundary list that I wrote for him. It was clear. It was topics we needed to discuss that we never discussed. You know? Initially, when we did the separation, I stepped away, like, physically. We weren't kissing very much. It was like, this is serious. You need to work on yourself. I'm working on myself, then we'll come together and reevaluate. That was said to him multiple times. So I think now he's finally just able to actually, like, maybe comprehend and understand it, that this is serious or this is, like, the route that we're taking for sustainable change. Because I've even said in this session, like, the relationship that we had is done. It is over. We are going forward. And however that is is however it is. Maybe I should say such ambiguous statements like that, but at, like, six in the morning, I said, how do I grow from that? How do I not be so anxious so that he starts pulling away, then I start wanting to go forward? So I think that's something we need to talk about.",4,4,3,3,3,4,"The entry stays largely centered on one topic—the meaning and boundaries of the separation—and develops it in a mostly sequential way. Clarity is reduced by filler phrases, some syntactic looseness, and a somewhat abrupt final shift into self-questioning, but the overall thread remains understandable. Tension between wanting firm separation and speaking ambiguously is acknowledged, though only partially integrated before the entry ends."
"Oh my god, I just only realized how much of my emotional energy was going to Joe and how little I had left for Cocoa. Now Cocoa will get all my attention. I also realize that I did not want children with Joe either because internally, I knew he would be a bad father with how he used to treat Cocoa like she was his personal plaything. 

I think getting a cat with him was the perfect step of me learning if I can trust him to be a good father. I couldn't. Especially with how much he was hurting me. I know he would hurt our children.",5,5,5,5,5,2,"The entry is highly coherent, with each sentence building directly on the previous one around a single core theme: reevaluating Joe through the lens of emotional investment and caregiving. The writer shows clear reflective integration and reaches a firm conclusion, with no fragmentation, unresolved contradiction, or trailing-off."
"So this journal comes today with a little bit of frustration behind it. I was home with the kids while working. That was fine. That was to be expected. They were well behaved. That went well. We had a healthy lunch. We had good screen time. I was working, getting cases done. They were playing. The hospital's in a mess. It was a good day knowing that, you know, with his appointments in Morgantown, he said he was gonna stay in Morgantown all day until his appointment. Well, apparently, he had nine appointment at one. And Riley. You know about you. So he didn't get out of his eye appointment till probably, like, 04:30. Riley wanted some lemonade so we could make some lemonade. So I Snapchatted him to get her some of that. And he did. He brought it here, and he sat, and he talked a little bit to me about his appointment while I was working. And knowing Robert had to check the chickens, Leo needed taken out, dinner needed to be cooked. Like, you know, all this stuff need to be done. I was working till seven. So and they were doing their homework. Reagan had already finished up hers. Robert had one page that he needed Lucas' help with, so I think he got his help. And he spent time with them, was upstairs. They were all playing together, playing dress up. Excuse me. And I texted him, and I was like, chicken, dog, and food. Because, like, yes, you're upstairs playing, but that's good. I'm glad you're making that time. But, also, like, I get off at seven. Dinner needs made. The chickens need checked on. The dog needs to go out. Like, there are still things that need done. Please help. And not help me do teaching the kids this. Had nothing to do with me. Maybe so I didn't have to make dinner after work, but I already had the rotisserie chicken out on the stove. I love them when I just need it turned on. But, anyway, after a seven, I get up. I start doing that. I start doing what I need to do. Put the eggs on to boil so I can make some hard boiled eggs. I turned on the stove, and he came over, wanted a kiss from me, and he left. So he came in with a fun parent. Helped with homework, I think. So I I need to give that credit. And he did have Robert go out with him, and they did check the chickens. And they did take the dog down. So he did do that.",3,3,4,2,3,6,"The entry stays mostly on one domestic/workday thread, but the sequencing is uneven and several sentences are grammatically tangled or abruptly redirected, making the flow hard to follow. There is some integration of mixed feelings toward the other person, since frustration is balanced with explicit credit for what he did help with, but the piece ends without strong resolution and shows notable cognitive load in fragments, repetitions, and self-corrections."
Why? does it make you feel better? Did I do something to you to deserve this? Did you cheat on me? Did you ever really love me?,3,4,2,4,1,6,"The entry is tightly focused on one relational rupture, and the questions are thematically connected rather than randomly scattered. However, it consists of unresolved, escalating interrogatives with no integration or reflection, and it ends without closure, leaving the narrative structurally open and emotionally suspended."
"Boy, what a week it's been so it's officially been over a week that I've stayed at my parents and the funny thing is I hope just as much as I have been in my parents so there's definitely a lot to figure out like tonight. She took Reagan to her learning class or I don't know she calls speech but they help her different ways to like do things and read and so she's been going there her grades have actually come up but anyway, so Stephanie picked them up from school at 3 o'clock and they got out and had to be there by between 345 and four so that's what they did well then after that I guess they went shopping then went to Olive Garden and you're in the meantime I Stephanie sent me a video of Robert Raiders. I was getting off work being goofy on a buggy and I replied to him. She said I'm done with work and I said I just got in my truck getting ready to pick up Remi and Riley to bring him home or go to my parents and you know whatever when she sent me a couple messages when I just called her figured it was easier call and talk so she that's what she told me about going to Olive Garden stuff and I was like oh OK so she asked me if I'd be able to get them something to eat or whatever I said yeah I said I'll get them something or you make something to my parents no big deal. Just let me know when you're leaving. Well, she messages me and she is leaving it. We're walking to the car. That's a damn that was quick. She goes. Yep so didn't make sense but whatever so then I got what I mean Riley Ready went to McDonald's cause that's where they wanted to go got them happy meals, man. I thought they were making shit cause they got happy meals, but they were eating on the way home being little adults like I said thinking they were big shits because of that get home get to the house. Reagan goes daddy. I need help with my homework I look ass. What are you working on now? She said my spelling that I said OK when you get done with that, let me know and I'll help you with your math OK so then Robert asked me questions while I'm trying to help Reagan then Reagan's like we got back to do too. She said there's only like two questions I said mommy can you help Reagan? Will I help Robert finish his work she's like OK so help Robert all I did was read the directions and I told you what to do and he was like oh so then I went back over cause I heard mommy telling Reagan I don't understand what this means I went over to help. They started to explain and then she was she was like oh Stephanie was like this stuff is too simple for me. I can't figure it out clearly simple edition is too hard so by that time it was till after nine when I got done doing all that with him and I was like OK well I'm gonna get ready and go. I gotta go back and shower and stuff and get ready for tomorrow and nephews like well. Do you wanna finish reading this with Reagan and I'll go get them ready for bed or do you wanna go get them ready for bed and I'll finish with Reagan I said how much is left she turned the page. It was the last page so she just read it and then we all go upstairs helping them brush her teeth helping them get pajamas, yeah doing all this that stuff and I'm just like thinking of myself or if we were divorced, it's not what it's gonna be like it's not gonna be. I bring the kids home and hang out there. It would literally be like take Remi and Riley drop them off. Give Robert and Reagan a hug. hey, I'll see you guys on Wednesday after cheer. I'll bring you guys home unless mommy wants to stay you know and then we'll have Saturday and Sunday together. I'd be a lot harder on Robert and Reagan because I wouldn't get to see them as much but they're also old enough to kind of understand so I don't know if Stephanie has it in her head like if we got divorced it just be. I'm sleeping somewhere else while she's still at the house and I'm still supposed to come over and do this stuff with the kids yeah I don't know like that that's part of where I'm so damn confused with this shit are we treating this like a divorce or are we just treating it as OK I live here. She lives there and you're almost like come up pipe liner or something that travels like what we're treating this ass like I don't know I just confused. We need to figure some stuff out with what's what and what's gonna be what and how this separation things going because I mean, honestly I feel like I haven't had really any time to try to work on myself because I'm still doing everything as if I was at home so what's the difference? Yeah that's like I can still for whatever reason have very short views with my kids it's a lot longer with my wife now, but it's still almost a short with my kids as it was before I mean it's a tiny bit longer, but not like it used to be so I don't know what to deal is that a part of my issue is am I without realizing it holding resentment towards her because of the other two or the other three kids I don't know her own. I wouldn't give them for nothing like I said that I was honestly I was finally just wrong. It was surprise. Reagan came along which OK that was pretty cool. We have a boy and a girl now so I don't I don't know she asked me about that once before like no I don't regret it. I said I mean, I would do anything I could for my kids just like I said in session and stuff I would give Stephanie my last breath to keep her alive I'll do the same for my kids. I wouldn't think twice about it so is it that I have resentment that way or is it part of that military side effect the discipline and respect side? I never gave a thought till now but that's pretty damn good possibility you know the military beat that into you you know I mean, granted my time management is gone way downhill since I got out of the military, but still the military loyalty respect maybe that and just the fact that when I was younger, I was always taught to respect my elders so is that part of it too that I feel like my kids don't respect me so I have a shorter fuse with them now or shorter fuse. Short fuse with them. I don't know. I would either way it's screwed up. I need to figure this shit out and figure it out quick because there's times where it feels like my marriage is like woo hoo we made it and then there's times where like last week the hell am I even trying for this damn back-and-forth stuff it's taken out of me mentally I mean I'm not getting that much sleep at night you know and then constantly thinking about this stuff I just I'm mentally exhausted right now and I have been for a long time. I think I literally just want to go to sleep wake up not have to think about anything. I have to worry about anything just literally do what I want then go to sleep wake up and maybe do it again I don't know. The only thing I know is is between all the mental stress I have and a lack of sleep I'm getting something's bound to happen, but I'm back at my parents now so I'm gonna end this little chitchat go get a shower cause my ass is stinky peace out home slice",2,2,3,2,3,7,"The entry has a recognizable thread about the evening with the kids and the broader separation, but it frequently veers into abrupt digressions, repetitions, and unclear referents that make the flow hard to follow. Conflicts about divorce, resentment, and parenting are actively questioned with some self-awareness, yet they remain largely unresolved and circular; the ending is intentional but only loosely closes the narrative."
"It always comes back to having to learn everything myself and always put in the position where I don't get help even if I ask for it. Long story short I didn't know I was supposed to do something relating to taxes even though I've had two different CPAs 3x in the past 5 years (did my own for 2 years) and it feels so unfair. Constantly having to learn things myself. Rationally I know it's not my fault, I'm not born with this information, but when I've paid people to help me with this and they don't inform me so I can do it myself, it's so frustrating.",4,4,4,4,3,3,"The entry stays tightly centered on one core grievance and the sentences connect clearly, with frustration developed in a coherent sequence rather than through scattered jumps. There is a mild internal tension between self-blame and rational exoneration, but it is explicitly recognized and partially integrated; the main limitation is that the piece ends on ongoing frustration rather than a stronger sense of closure."
"I also also forgot to say the other day I was trying to come up the driveway, and I wasn't able to make it. It was, like, 10PM, so I had all the kids plus Ronan. We all had to walk up the driveway. I called the neighbor. Him and his girlfriend came out. We went down. We shoveled fenders. And I called Lucas, and he was like, basically, like, I'm on my way. And by the time I was like I said he didn't have to come, just wait a little bit, but he heard Robert say, like, he wanted Robert wanted him to come. Because I think that Robert felt safer with him there naturally. And so Scott, me, and Beth were able to get it up here. And as soon as we pulled up to the top of the hill, here comes Lucas. And he did look kind of upset about it, like, that he can't it's almost like he missed his chance to be Superman. Thing about long term But Sometimes I I don't know. That was just my assumption of that situation, but I was like, we didn't. We got it out. Thank you for coming. And I I did offer for him to stay, but he was like, no. If it's not in my bed, I don't wanna stay. So, yeah, that was it.",3,3,4,2,3,6,"The entry maintains a basic narrative thread about the driveway incident, but it contains several disfluencies, repetitions, and unclear referent shifts that interrupt flow. Topic focus is mostly on one event, yet there is a noticeable midstream derailment ('Thing about long term But Sometimes I I don't know') and the expression shows cognitive load through restarts and informal self-corrections. There is mild interpretive reflection about Lucas's reaction and some acknowledgment that this is only an assumption, which adds a bit of integration, but the ending feels more like a stop than a fully shaped closure."
"So I think that, like, today in past two days, I've definitely had some more alone time. I just took the kids up Saturday, and I was able to clean two bedrooms, the hallway, go through clothes, got rid of six garbage bags full of clothes, and I still tend to do more. I think at that time, really, I'd like to listen to it. I was I was able to work four hours of overtime. But then during that time, I I forgot off work. I, you know, did all of that. But that time, really allowed me some, like, self reflection to just be in my own thoughts. And I think that's obviously, like, what I need a lot more of is definitely just to be in my own thoughts. So I've been giving some thought about whether it's fasting for food with the new year, fasting with whether it's social media. Because I see videos of, like, things. I'm sure Lucas has told you of, like, you know, videos of, one, of of heartbreak, videos of people that stay together and make it through. I see videos of, like there's just so many different reals videos, information out there that, you know, pours into my mind. And it's both of both of good things. Like, there are people out there that make it through. These are ways to make it through. These are resources. This is how you should do it. This is you know? But then on the other hand, it's the opposite. It's like, well, how do you know if you're done? And this is ways to know if you're done, and I see things that relate to me in that aspect. So I think there's just been, like I've been filled with such noise that I just need some quietness in my head. I'm wondering if I should do my last ketamine session fairly recently or fairly soon. I think that would be beneficial because as I get the quietness these past four days, I'm I'm able to focus more on, like, reading my bible and trying to actually hear what God's telling me and listen to his words a little bit more and, you know, what my what my path is, what is a decision, what do I feel. You know? Not even just God's guidance, but also, like, within myself. What do I feel? What do I want? Those are things that, like, I started to figure out in the very beginning, and that's what I started off in the very beginning wanting to figure out. And, like, I feel like I was starting to find myself. And, like, even now, it's getting so much deeper that I'm, like, actually, like, figuring out who I am. I'm growing into that, and it's kind of great, actually, but also kinda scary because that may be leaving behind, you know, my husband. And that hurts because he's he's growing. He's changing, of course, but we are growing apart. I'm going to the gym. I'm going in to be outside. I wanna go outside and do things. I wanna live life. You know? I'm hoping he'll get there. But even if he does get there, like because, again, we talk about this all the time. Is there too much hurt? Is that resentment? I honestly I've forgiven him. I don't bring stuff up. I don't think that certain things, but my body definitely remembers it. Even if I don't, and I say, yes, I've forgiven you because I forget this stuff that it's my body still knows. I still have the same reactions because I was mentioning to him about going to the gym, and he was like, well, you'll never believe what I thought the other day. I thought I should go to the gym. And I was like, I'll give you a pass and you can go. And he's like, we could just go together Wednesday. And, honestly, like, that's what I want. Right? I wanna go to the gym together. That would be great. And then I said that to him. I was like, well, that would be kind of like like, that's something that we could do together. And then he said at least I said something about, like, somebody goes to the gym that the neighbor knows. He's a, like, a big, buff, bald guy. I forget how it came up. And and he's like, oh, yeah. Like, I would go up and talk with him. And immediately when he said that, I felt my anxiety kick in. And I was like, oh, well, maybe, you know, that's not such a good idea. Maybe they could the gym time is me time. You know? Obviously, I want you to go, but maybe go at a different time than me. I told him I'll make him a plan. I'll tell him what to do. And if we do go together, like, you can't expect me to be right beside you. Like, I'll go do my own thing, and then he does. But I'm afraid that wouldn't be such a good thing if we went together knowing his his jealousy. But that's what I mean. Like, that's something that I want out of a relationship, But him making comments like that and me my body automatically going into that anxiety mode of thinking, oh god. I should like, what's he gonna say? What's he gonna do when we get there? It's like Of course. Right. That was my body's reaction, and my mind followed for after. And I was like, oh, let me retract that. Like, you obviously want you to to the gym, but you can go on your own time. So that was kind of interesting. But then the gym is also me time. Like, that's when I go to get to to release my anxiety, to release my anger. It's just me in the gym. No kids. No stress. It's just me there. I literally I don't don't talk to anyone there. I'm in my own zone. And so that is something I was saying. Like, my body was reacting to that. And then my mind followed, but I was trying not to. But then he said it, and I was like, gosh. And as far as finances go, we haven't talked a bit about that. Obviously, I don't expect to write off the bat, but, like, you know, there's something important because I need money from him. And he's like, well, how am I supposed to give you money whenever I don't work fifth but I only work fifteen hours? What does he I'm working overtime as much as I can. Like, this this is a core problem right here, his finances. So say he does fix everything else, then we go to find like, how much longer can we continue this? Like, realistically, how much longer do we continue to fix things before it's like, okay. You're fixing this a little bit. I see. K. You're fixing this a little bit. I see. What is the time frame on that? I know I mentioned before about maybe extending it, but, like, maybe I shouldn't have said it so early because, like, you know, obviously, how I feel from day to day changes, which is the which is the crappy part. It's the scary part. It's like, one day I have hope for us, and next day, I'm like, this is exactly why we're in this situation. He doesn't text me good morning even though he's at his parents. Like, he didn't call me to say good night. I had to call him. Like, okay. Where is this consistency? That's what I crave. That's what I want. It's like and you're not giving it to me, so what the heck? You know? But then, you know, leaving core maybe core issues. Like, I've always said that in our therapy. Our core issues, who he is, who I am, like but you said, like, our values align. But I could I could be peaceful. Like, at least I guess this is the start of the new week. I got the kids to school on to get them to the bus on time, run me to school on time. Went to Riley. She was dressed. Everybody had their teeth brushed, dressed. I had to stop at Sheetzon to get Remy a lunch because I need to do grocery pickup. And I got to work, and, like, things have been, like, pretty good. Last night, I was able to clean the whole house. I did the dishes. I set the floor. I mopped the floor. I shouldn't say, like, the whole house, but, like, I did the

But, like, when I feel these moments of, like, empoweredness, then I feel like a sense of peace. Like, with me being here alone now and being able to like, I took the kids to school. Like I said, I got them on time. The house is barely put together. So, like, that's all me. I did that. I have peace. There's no stress in regards to that. It's just peace. I don't know how to also describe it. And he did go to church this Sunday, but he was falling asleep. I'll take what I can get. He was, like, shaking his leg, not, like, up and down a little bit, like, big, like, left and right, in and out kind of thing. And he was trying to listen. He was trying to stay awake, so I can understand that. But he did end up falling asleep, like, once and But he was trying to be engaged, so I'm obviously recognizing that. It also just comes down to just, like I said, just the the peace that I'm feeling. I'm not sure what to do with that.",3,3,4,2,3,6,"The entry maintains several identifiable threads—solitude/self-reflection, social media noise, spiritual seeking, the marriage, gym anxiety, finances, and moments of peace—but transitions are often loose and the narration frequently doubles back or drifts mid-thought. Contradictions are recognized with some insight, especially around wanting closeness while feeling bodily anxiety and around forgiveness versus somatic memory, but the language shows substantial cognitive load through repetition, self-corrections, filler phrasing, and unfinished or tangled sentences. The ending returns to the peace theme, giving partial closure, though many issues remain open."
"My mom told me she came to the US with $700. She also told me she was shy. I realized that the past several years that I went no-contact with my dad also strained my relationship with my mom. I hope I didn't hurt her by making her feel abandoned. I know she understands why I made the choice that I did. I just hope she understands that despite her selflessness and ability to abandon her own needs, sometimes I can't as strong as she is anymore. I'm sad my mom is leaving. I want to spend more time with her. Though in a house where we have separate wings. 

Interestingly, I think she would've okay knowing that I was in a relationship with multiple people and Joe is too. But it's just so much emotional effort for me to power through and explain to her without fear of reaction and judgement. 

I'll be honest – the one time she freaked out at me over the phone for setting boundaries about talking to me about her relationship with my dad, really scared me about telling her things.",4,4,4,4,3,3,"The entry maintains a coherent thread centered on the writer's relationship with their mother, with connected movement from admiration and guilt to fear and emotional distance. Contradictory feelings are acknowledged with nuance rather than looping, though the piece ends somewhat open-ended without a strong concluding resolution."
"I know that I can get through anything just because of what I've already went through. It gives me self-confidence in my future. But also I don't want to believe that so deeply to the point where I make the current me suffer and despise the present. I did end up finding faith in the mantras of ""it gets better"". But I also don't know why there's a need for better. Sometimes, I wish I didn't live in a system that cared about its species' own longevity. The grey space is exhausting and tiring. But systems that cover more and more of the grey space are the most intelligent.",4,4,4,4,3,4,"The entry maintains a coherent thread around endurance, hope, and ambivalence about improvement, with each sentence building on the prior idea rather than fragmenting. Contradictions are explicitly recognized and held together with some nuance, though the ending shifts into abstraction and feels more open-ended than fully resolved."
"The holidays have been quite busy! It has been wonderful having my kids all home and lots of family visitors. 
Lots of things I'm thinking about with this but right now it's my weight. 
I've been unhappy with my weight my shoe like and I know and recognize that it's from my parents. They have been on diets their whole lives. Even now. And when I was a teenager they were constantly putting me on diets because of my weight. 
So....,I have been struggling with this my entire life. 
I tried not to have it trickle to my kids but I suppose it's inevitable.  A few days ago I was talking about how unhappy I am with my current weight and my daughter began to cry. She said that I'm so beautiful and it makes her sad that I'm unhappy with myself. I get it. 
My struggle is that unless I'm counting calories, dieting, doing something, then I gain weight. It's so frustrating to me! And now that I'm in my late forties about to be 50....the tricks that used to work to help me reset back to my prior weight are no longer are effective. 
I'm strongly considering starting medication to lose the weight. 
I know that I should be happy and grateful with my health but I'm just not. The only time I've been happy with my weight was when I was 40lbs lighter and a size 0. That was ages ago. 
When I look at photos of myself 5-10 years ago when I was just 10lbs lighter I can see that I look good and healthy! But I was unhappy then too!",4,4,4,3,3,4,"The entry stays centered on one main theme—weight and its emotional roots—with mostly logical progression from family history to present struggles and impact on her daughter. There are some wording errors and slightly rough transitions, but the narrative remains coherent; it also shows meaningful recognition of an internal contradiction between knowing she looked healthy and still feeling unhappy, though it stops short of fully resolving that tension."
The way Joe started acting towards me and then abruptly not spending any time at home anymore mirrored exactly how my relationship with my dad was destroyed except Joe speed-ran it in like 2 years whereas my relationship with my dad was gradual more than I could realize.,4,5,5,4,2,3,"The entry stays tightly focused on a single comparison and the thought is semantically coherent throughout. Expression is mostly clear, though the long compressed sentence and informal phrasing slightly reduce clarity, and it ends more as an observation than a fully closed reflection. "
"I start another freelance job opportunity today. I'm trying to remember what is and isn't in my control, but naturally I'm nervous. Nervous or anxious? Both? I know my strengths so I'm excited and grateful for the opportunity, but I hate first days for things. It's change, it's different, it's unknown. Trying to do mindful things to ease my discomfort like prepping the stuff I need, taking a few minutes to myself writing this and stretching, and planning when to leave so I'm on time. Now I just want to skip to being there because that's when I calm down.",5,5,4,4,4,2,"The entry stays tightly centered on one experience and progresses logically from anticipation, to emotional labeling, to coping strategies, to a concluding expectation about calming down once arrival happens. The mixed feelings of excitement and dread are explicitly acknowledged and held together coherently; slight hedging in the 'nervous or anxious? Both?' moment adds minor cognitive load but does not disrupt the overall structure."
"Favorite moment of today so far: my mom seeing Cosmo licking himself and asking him if he's taking a bath. 

""You take a bath?""",5,5,5,5,4,1,"The entry is extremely brief but fully coherent, with a single clearly defined moment and no fragmentation or topic drift. Expression is crisp and organized, and while there is no contradiction to integrate, the anecdote lands cleanly with a natural stopping point rather than trailing off."
"You're welcome back to top 15 majors for showing me a drone. Glad to be here with you guys. Let me say we're still getting ready to leave the house. I'm just gonna trip. I need to get my car with you to the office. In the new year. I really thought of, like, okay. What time did she wake up? This could be Jewish this morning. Like, that would have been, like, a time thing to do when it's been making sure a kind family thing to do. Like, I'm leaving the household is, like, knowing I have to leave at any point today to clean my car off, but instead, I had to do it. Actually, I couldn't even do it because he has the car cleaner off her, so I had to drive with the snow on my car hoping it would blow off. Now how safe is this not? You know, I can't don't even wanna be good with a financial standpoint. He hasn't given any money, but you asked him, and he'll say it's because he haven't had any work. So I just go without money, just go without a job, and then what? I'll figure it all out. It's okay. Normal. I'll figure it out. So, anyway, back to the car thing. I just see here, that would have been a more a manlier thing to these two have done. They've been cleaned off my car to make sure that not just the kids were safe, but I was safe when driving it.",2,2,3,1,2,8,"The entry has frequent semantic breaks, unclear referents, and several sentences that are hard to parse, which disrupts continuity and greatly lowers cognitive clarity. There is a loose central theme around leaving the house, the car, and resentment about lack of support, but topics bleed into each other and the ending only partially returns to the car issue without fully resolving the thread."
"Today, we have a prime example of why I get so frustrated. This morning, we all went to bed late. Riley and Remy stayed with him. What a terrific journal intrigued about last night that, you know, we were all playing games, and for a while, he was sitting on his couch. And then he got frustrated because I wanted to put a tablecloth on the ceiling. It wasn't very necessary, and then I wanted to move it. And then I really thought it was a. So I ended up not moving it. I think I forgot to add that part. I think I did joke about last time that I talked about it. But, anyway, so he knew I had to work today, ten to two, and he knew we had our appointment at 04:00. So, yeah, he woke up. It was Remy and Riley, they went some time. I think it was just a little acid turn. Family get time exactly, but I don't know what they were doing last year. But he did make breakfast. He brought me on breakfast. That was super sweet. And then Riley and Remy were they're in my office playing. And I was working, and Robert said, are you lucky, ma'am? You see what you're getting into? And I left, and then she gave me y'all tea, which is what we were up, like, that Riley had last night and end up using a dice, and then just bought it last night. So we lost the dice, so I told her he was gonna play with it. But, yeah, it was both in the table where she could reach it, so she was playing with it again. And I was like, no. I'm sorry, but I wasn't watching with him. I was working. Then I tried to put something on a TV for them, but, like, if it was me there alone, it would be a different story. Like, I wouldn't feel so compelled or angry because in school, I don't kinda, like, speak to myself, which we've done before, or I just wanna make sure stuff was put away first. Like, I don't know. Whatever I normally do. But he was there. He I went out to go see, and I looked, and he's been in his house playing those things. Now, really, that was just the coincidence. Like, see, I guess, then I'll get mad because I'm like, I'm I just feel like there's no respect for me when I have to work. And he knows this is something that's been addressed multiple times. So Robert called and said he wanted to go over to Greg's house around noon. I was like, that was fine, but we had to pick you up around three or so. So we waited around. It was a good hour. Went to leaving home, like, one, 01:30. Lucas says, come in, missus, all dressed, getting me to walk out the door. Said, okay. I'm gonna leave and take him. And I just threw my hand over. Was like, k. Go ahead. And he was like, what? Like, it just sets my frustration. I said, nothing. Go ahead. Let's open to his friend's house. Why are they expecting him to take the kids with him? Like, like, if he would would have done something prior or, like, gave them a sippy cup or gave them an iPad or sat with them and be like, hey. Do you I'm gonna take him to his friend's house. Is it either, a, okay they stay here, or b, can I do anything to make sure they're okay while I'm gone? Or had we have not ignored them the whole morning not the whole morning, I should say. He made them breakfast. But had we have not disallowed them in there to cause havoc, it would have been such a big deal because then now it's just, like, adding on to it. Like, I'm just gonna leave them there for you to watch while I take him. That's not the tea. And then he got, like, he was, like, oh, was really dressed. We they'll come upstairs, do a bit of a dress so we could take him with him, but, like, that wasn't the point. The point is I just felt no respect for my worth while he was there. If he would have left and said, I'm gonna take like, just communicated it to me a little bit better, that would've been fine. But it got me so frustrated. And then he then he called me later. Was like, hey. What's the plan? Like, do I need to come I don't even need to come back there, do I? So it's like, well, you could've taken Reagan with you, and I could've left from my house and cleaned. Not now. I have to drive all the way to Waynesburg to take Reagan to come to our appointment. He said he just take he would have, just come back, pick up Reagan or taken her with. Like, just poor communication. Just poor communication. And I go back, like, this is exactly why we're in the situation that we're in. This is exactly why we're in the situation that we're in. So, like, I do recognize the change that he wasn't frustrated, and he did take them with him, but, like and that's why I mentioned it to him the other day. I was like, well, maybe this needs to be a little bit longer than three months. So I'm not sure if this is coming from that comment that I told him. If he's feeling like, well, if this is gonna last even longer, why am I even crying? Which shows me that he will be just he could just do it temporary. He's not it's not a permanent change because if he is already revert because he was, like, love bombing me, I felt like. Two days ago, we were cuddling. He was dropping my leg. I had high hopes. Boom. Here we are. Same situation. This is exactly why I'm in or I'm in. This right here, he's loving up on me. He's making comments to me. He's making me feel lost, and all of a sudden, he's just taking advantage of me in the sense of, like, my my respectfulness of my work and the house. Like, just left the house, wasn't planning on coming back to the house, and it's a mess. So it's it's your mess too, and you left me with a mess. So feel free to lie. I'm not leaning into this shit. Okay. That's my for free. See you in a little bit.",2,2,3,2,3,8,"The entry has a recurring central grievance, but the thread is frequently disrupted by confusing digressions, broken syntax, and abrupt shifts in referents, making adjacent thoughts hard to track. Topics are somewhat identifiable but bleed together chaotically, and although the writer shows some awareness of nuance in the other person's behavior, the conflict remains only partially integrated and ends with emotional release rather than clear resolution."
"You know I find it kind of funny this whole may stay at my parents. House thing is to be as if we were separated so I thought it's got to be like that. I'm so damn frustrated today already that I don't wanna be around her right now what's that telling you? yeah it's like last night. It was all set. My parents house went up there celebrating New Year's with everybody and then Stephanie got that alert about the snowstorm was coming in starting to panic. Why don't you just bring them out home? I said well if you're here she goes cause you know then 1 o'clock in the morning I'm gonna be driving home and a snowstorm trying to see if I can get up the driveway, blah blah blah blah I said well why don't you just stay at my parents house then you won't have to worry about it she gets what all of us asleep on the floor no go to my sister's house and sleep on the couch. They got an extra bed over there now that you can sleep in here. She's like no I just rather everybody be here so I gather them all up at 7 o'clock at night 630 drove them home and yeah, I was in a bad mood already cause you know what was gonna be a night that they spent with their family they spent with sauce, whatever she got what she wanted and today Remi woke up about 1030. I went upstairs with her use the bathroom and she was fine about 1130 wake up so I went upstairs when I woke up because I slept in the basement and I made everybody eggs and toast even Stephanie documentary Andrew Robert was asking about one of his friends house and all this other stuff. I said I need you to go down and take us water down to the chickens I said, and then collect any eggs down there and fill the food thing. I said why you do that I'm gonna clean up this goddamn mess. I mean I do that. Wait here. I'm sitting on the couch. I'm still in my pajamas. Remi and Riley are in there with Stephanie while she's working, she's getting mad or whatever and then I said, sorry I said I guess I'm supposed to take Robert to his friends house your hands in your ear yeah bye I'm gonna go let's go. I wanna go fine. Let's go so I get them. I'm getting them dress and meanwhile stuff you don't have to take them. They're fine here you don't have to take them no fuck you. I'm not playing this goddamn game so I got them dressed left. What are you doing Robert to Granger's house and coming back after I drop him off. Call her to get some information ask you a question and I said do I even need to come home she goes well. I thought about that after you leave and she goes you left Reagan here. Yeah we have to come back to get Reagan. Why aren't you going to my parents house too yeah but I don't know what the plan was. you're the one that told my mom you were coming up after work so I'm confused like she says we haven't heard about Reagan now she getting up with you so that I get off the phone when she calls me back a few minutes later she do I need to get dressed in Waynesburg or what oh yeah I already told you my dad's picking Robert up. She says I'm the one that doesn't listen to things but she's so goddamn busy on her phone these last couple weeks I'll be talking to her and she'll goddamn ignore me. Do you know what we get there to talk to you tonight, Jane I'm gonna ask a simple question during this time in my parents house. How am I supposed to act? What am I supposed to do if I don't work do I go get the kids if they're not back at school yet or do I have heard you all the running like I don't know what to do. There's still a lot of clear bullshit and honestly with the way I'm feeling right now. It's fucked up as a sales at this very moment I'd be A-OK of course cause she's still trying to control me. She can't let you know with that control hurt me. I'm not doing this. I'm not doing that, but you cannot let go of that control you feel like you got a fucking tell me what to do and it's pissing me off if that's all this goddamn marriage is gonna be as you continue to try to control me like that and fuck it. I'm done because there's nothing to fight but if you're legit gonna change like I am and prove OK it's been almost a month or so since you've seen a fucking counselor I'm still seeing one at least twice a week and you can't even fucking see one. It's bullshit so I'm I'm letting it all out today. I don't give a fuck they might be the fucking straw words like you know what fuck I don't know cause you said so yourself today typical day yeah I was doing shit and you happen to walk out when I was sitting on the couch because I just got done cleaning up the fucking mess from goddamn breakfast so you walk out and saw me sitting on my fucking ass but you know what I don't fucking care anymore if you can't see somebody to make yourself better and you get the fucking help you need than why am I trying to fight to save something you don't even fucking want. I'm just frustrated. I'm getting fed up. I'm getting irritated. It hasn't even been one fucking week at my parents house and yet I've been home just as much as if I was a normal day other than the first day nothing's got changed. I'm still home. I'm still at the house just as much now as I was there so what the hell is the point you know then what was it yesterday or something you were saying about taking this to six months or if you want another four months in separation, we're gonna have to figure something out. I'll do it, but I'm not gonna be able to do it where I'm at now so whether that means you know, I gotta get a hotel room or something or I don't know. we'll figure the fuck out because I'm starting to as you as you guys say shut down and yeah because I'm fucking fed up and tired and I don't I don't know what the fuck to do at that point. I don't know if I should try to fight or not so I guess tonight it'll be an eye-opener or might be an eye closer. I don't know find out here another hour and a half.",2,2,3,2,3,8,"The entry maintains a broad through-line of marital conflict and frustration, but the moment-to-moment flow is difficult to follow due to run-on phrasing, abrupt returns to prior events, and loosely connected conversational fragments. Topics are identifiable but bleed together, and while the writer recognizes ambivalence about whether to keep fighting or give up, that conflict is only partially articulated rather than meaningfully integrated. The ending provides a minimal stopping point by pointing to an upcoming conversation, but most tensions remain unresolved."
I had went down to Florida for new years but I ended with I pilonidal cyst which is very painful by the buttocks region. I've been trying to explain to my boyfriend the difference between intimacy and sex. I told him because of the cyst that's why we haven't done anything but I feel like when we don't have sex he has such an attitude and then I feel pressured to have sex with him. Which in that case I just won't do anything cause that's not a good feeling. I like it to be natural and loving not pressured. It's just very uncomfortable to be in that situation and I don't feel like he understands that sometimes. Makes me upset actually since I've been in that Situation before with my ex and I did express that to him. I don't know what to do in this situation at all,4,4,3,4,3,4,"The entry stays focused on one main interpersonal issue and develops it in a mostly linear way, with thoughts connecting clearly from the medical problem to relationship pressure and past experience. There is some unresolved tension about the boyfriend's behavior and the writer's uncertainty about what to do, but the conflict is articulated rather than fragmented. The ending remains open and unresolved, which lowers closure somewhat without making the narrative disorganized."
"I also was, listening to my, good boundaries and goodbyes book and a couple videos on YouTube about, was it codependency and separation? And I was thinking as we talked originally about the separation, remember you had suggested six months? And I was like, no. Absolutely not. Three. I mean, obviously, we see what happens at the end of three, but I'm wondering if we need to do six because, like, you know, three is a lot. And we definitely need to set boundaries at our next meeting. So whether that's going over the paper of the boundaries I already made or getting a more, more defined or clarity option here with ours, but I think that'll be more of a that's gonna make him most successful, especially with physical touch for me because he knows exactly what to do to make me weak, and it's not fair because I told him I've been working on self control. So him doing those things really makes me confused.",3,4,3,2,3,5,"The entry stays centered on one main topic—separation and boundaries—but the sentences are verbally cluttered, with fillers, self-corrections, and tangled phrasing that reduce clarity. There is some reflective processing of conflicting views about three versus six months and the impact of physical touch, but these tensions are only partially worked through and the ending remains somewhat open."
"So this was the first New Year's that we ever stayed home. Normally, we'd go to Lucas' parents. But given that we were, not staying in the same place, I didn't wanna drive home at one in the morning with the kids given that there's snow, so I didn't wanna risk not being able to make it up the driveway. Lucas didn't appear to be very happy with that. I could definitely tell he was feeling some type of way even when he got here to the house. And for a while, he just even likes playing on his phone. Just definitely like old Lucas vibes, attitude and all. And I was like, oh, this is nice. Right here, this shows me why I have trouble trusting. It's because you revert. And then I said, you know, tried to talk about it, and he really wouldn't. So said, you know, what made you mad? He didn't say anything, so I let it go. Eventually, we needed to move into the my office to watch the ball drop. And during that time, we started picking up stuff off the floor because I was cleaning in my office and also in the entryway. So he started cleaning, but he's claiming he was tired. But I think that could be, obviously, but and she was getting this. I definitely didn't feel any connection tonight. Can tonight is all validation of of why I'm scared. Validation of why we're doing this. Validation of this is exactly why we are in this situation.",3,4,3,2,3,6,"The entry stays largely on one interpersonal event and develops it in sequence, so the main topic is identifiable, but there are several awkward breaks, incomplete phrases, and unclear transitions that disrupt flow. The writer shows awareness of mixed interpretations of Lucas' behavior, yet does not fully reconcile them, and the ending lands on a repeated conclusion rather than a more integrated resolution."
"Lately I've been reflecting on how I can't change anything from my past and where I come from. I actually caught myself reminiscing on nice memories by default instead of ""I wish it was this way"" or ""I feel bad for myself I'm jealous"" that kind of thing. I was actually fond of some childhood memories. Two things can exits at once. I did not deserve what cards I was dealt, but those were not my choices or my fault. I can separate the good stuff, the moments I was in control of.",5,5,5,4,4,2,"The entry stays tightly focused on one reflective theme and each sentence builds logically on the previous one, showing strong continuity and clear topic development. A central contradiction—having both painful and fond feelings about the past—is explicitly recognized and integrated into a coherent perspective. Clarity is high overall, with only minor awkward phrasing/typos, and the ending feels intentionally rounded even if somewhat brief."
"I could be in a better headspace. Everything else feels ""perfect"" except for my moods. Whether too anxious, too rushed, too stressed, when in reality everything is good. Actually, the best it's ever been. And in a way, I am the best I've ever been as well. I'm in therapy, I've been reading more, I've been making new friends, I always have plans, etc. I just am still in my head and have some ways to go with that. But I need more patience and to not be in a rush with everything. Why do I need to feel a certain type of way in less than a years time? I have my whole life ahead of me. I need to slow down and enjoy that.",5,5,4,5,5,2,"The entry is highly coherent, staying focused on one central tension: external life improvements versus lingering internal mood struggles. The writer acknowledges this apparent contradiction and moves toward integration by reframing it with patience and long-term perspective, ending with a clear, intentional resolution."
"Not given up on, but redirected. Realizing I liked certain aspects of being just a social media manager when in reality I just wanted more elements of social media. I still use the skills I learn and apply to how I can actually use them and what's realistic for my career goals.",4,5,4,4,4,3,"The entry stays tightly focused on one coherent theme: refining a career direction rather than abandoning it. There is a clear progression from reframing the past role to integrating that insight into realistic future goals, though the phrasing is somewhat compressed and abstract rather than fully elaborated."
"I remembered where I came from. How badly I waited for this ""freedom"" to do anything and everything I want. I can't take it for granted and I will always do everything in my power to get what I want. So focusing on my goals, how I want my life to look, where I want to be. I am my biggest motivator.",4,5,5,4,4,2,"The entry stays tightly focused on one coherent theme: remembering past constraint and reaffirming personal agency and goals. The thoughts connect logically with clear forward movement, though some phrasing is slightly elliptical rather than fully elaborated. There are no contradictions present, and it ends with a concise, intentional statement of self-motivation."
I need more discipline with household chores. I need to make attainable goals and not make excuses like usual. It's the one thing I really don't do consistently and have trouble grasping. I think maybe deep down I avoid it because my mother was very much a clean freak so it was almost my way of rebelling and not being like her.,5,5,4,5,4,2,"The entry stays tightly focused on one coherent theme and each sentence builds logically on the previous one, moving from problem identification to possible explanation. There is mild internal tension between wanting discipline and avoiding chores, but it is reflectively framed rather than looping or chaotic, and the passage ends with a clear explanatory insight."
"The first time a felt shame was as a child. My cousin & I were doing something that we thought was fine, but then got in trouble for. This had a huge impact on my life looking back now.  I'd like to discuss the details of this in therapy.",5,5,5,4,4,2,"The entry is brief but structurally very organized: it stays on one topic, progresses logically from event to impact to intended next step, and contains no fragmentation or abrupt shifts. There are no contradictions present, and while the reflection is concise rather than deeply developed, the writing is clear and ends with an intentional sense of direction."
"The first time a felt shame was as a child. My cousin & I were doing something that we thought was fine, but then got in trouble for. This had a huge impact on my life looking back now.  I'd like to discuss the details of this in therapy.",5,5,5,4,4,2,"The entry is very brief but structurally organized: it stays on one topic, moves in a clear sequence from event to impact to next step, and contains no fragmentation or looping. There are no contradictions present, and the ending feels intentional though somewhat open because the details are deferred to therapy."
"The first time a felt shame was as a child. My cousin & I were doing something that we thought was fine, but then got in trouble for. This had a huge impact on my life looking back now.  I'd like to discuss the details of this in therapy.",5,5,5,4,4,2,The entry is highly focused on a single memory and moves in a clear sequence from event to present-day reflection to next step. There is no fragmentation or contradiction; the only slight reduction in clarity/closure comes from its brevity and the decision to defer details to therapy rather than fully develop the narrative here.
"I feel really good these past two weeks. They've gone by faster than I'd like, but I've enjoyed slowing down, taking time off, and reflecting on this year. I can't wait to see where I'll be this time next year!",5,5,5,5,4,2,"The entry is highly coherent and stays tightly focused on a single reflective thread: feeling good, appreciating recent time off, and looking ahead. Thoughts connect smoothly with no fragmentation or cognitive overload, and while there is no major contradiction to integrate, the brief ending still provides a clear, intentional sense of closure."
"My biggest fear is failure. I hold myself in high regards to achieve a certain kind of living, and ultimately I do not want to live a loft full of struggle. I fear that I won't be able to achieve the life I want to live, and that I would have to settle for less. This would look like not
Being able to lead the career I want, being able to be an independent person for finances, and even not have the kind of relationship that I envision for myself.",5,5,5,4,4,2,"The entry is highly coherent and stays tightly focused on one central fear, with each sentence elaborating logically on the previous one. There are no unresolved contradictions, and the writing is structurally clear despite a few awkward phrasing choices and a slightly list-like ending rather than a fully reflective closure."
"Well, while I was doing my journal entry with all of them, Lucas walked in the bedroom door. He might he turned around and came back and picked up the kids. And he came in to hug me, and I was like, oh, just give me a minute. I need to process this. One, because it was a surprise. And two, would you have turned around if I didn't call you? Because he was on his way to Waynesburg. I saw his location. He was on the interstate going to Waynesburg. But, nonetheless, he did turn around. He did come back, and he grabbed them and took them to his parents. So now I'm able to focus on work, and I've had some time to process that. And he did apologize for not answering my text message. And I don't know. Excuse me. He came back, picked them up, and took them to his parents, and I said, I'll pick them up here in a little bit. And yeah. So still processing that, actually.",4,4,3,3,3,4,"The entry stays focused on a single event and proceeds in mostly chronological order, with only minor repetition and a small digression about his route. There is some unresolved ambivalence about whether he would have returned without being called, but it is at least acknowledged; the ending remains open with 'still processing,' so closure is partial rather than complete."
"As I'm thinking about the situation a little bit more about him going to the doctors and about me working, I think it would have been nice for him to have stepped up and have said, I'll come get them tomorrow since I'm off of work instead of watching you struggle working and having four kids at the house. Like, having him

Even last name from when he was here for him to say, oh, I knew you're working tomorrow. I don't have to work. After my doctor's appointment, I can come get them. Whether that's watching them here at the house, which I know he wouldn't do because the past, or maybe I don't know. I'm not trying to judge now off the past. Or take them up to his parents to watch them would have been, I don't know, a step up. Like, and then I do ask him, and then he doesn't come get them. And then it's like, what the hell? So not only is it it's not triggering in your head to come be with your kids on your day off so I could work in peace or not struggle if you're thinking about me in that situation. But if you're thinking about the kids, like, if you're just thinking about the kids, okay. Well, I'll go get them so I can spend time with them since I'm off. Like, yeah, that makes me a little bit mad. It would have shown him to step up how he'd been like, oh, I'll just I'll come get the kids tomorrow after I get done in my appointment so you can work.",4,4,3,3,3,4,"The entry stays centered on one interpersonal situation and develops a consistent complaint, so the thought flow is mostly connected despite some repetitive phrasing and syntactic tangles. There is mild cognitive load in the run-on structure, self-corrections, and unfinished phrases, and while the writer briefly acknowledges not wanting to judge based on the past, that tension is only partially integrated rather than fully resolved."
"This is an area right here where I get upset. Lucas, I was obviously seeing in his parents, so he went to Morgantown to his therapy appointment today. It was at 09:00, nine to ten. I knew he was in there, but I texted him if he could come pick up the kids on his way back from Morgantown since he's off the entire day to take our pick his our kids up from the house and watch them so I could work. Well, I saw his location. He didn't answer my text. I saw his location. He went to Sportsman's Warehouse, and I I still hadn't gotten a response from him. So I sent him a snap of Remy jumping on the bed. He was all cute. So then he replied, he can come get them if they're ready, but he has to be back at his parents' house by noon. At this point, it is now 11:00. It takes thirty minutes to get to his parents' house from my house and then thirty minutes to get from my house to where he's at. He wouldn't have made it back in time, but yet he went to Sportsman's Warehouse and went shopping even though he saw my text. So I told him, no. It's fine. They can stay here with me. That is frustrating. If you knew you had to be back and then you saw my text because I texted you ahead of time, why wouldn't you respond, or why would you go to Sportsman Warehouse for so long? This is where I get frustrated. And so I said, no. Don't worry about it. I got them. I'll handle them. I'm not sure what I'm supposed to do in that case.",4,4,5,3,4,3,"The entry stays centered on a single incident and unfolds in a mostly chronological, easy-to-follow sequence, with repetition used to emphasize frustration rather than indicating fragmentation. Clarity is somewhat reduced by awkward phrasing, false starts, and repeated details, but there are no major topic derailments or unresolved internal contradictions; it ends with a clear statement of the problem and emotional takeaway."
"Where to start it's been a while since my last stop entry and yeah with Christmas and everything Christmas New Year's coming up, but I started the 26th staying at my mom and dad's house as per hour agreement with this whole trial separation thing by her whatever the heck you wanna call it this separation and yesterday I got off work early dude just being slow and they had to come in just to do blocks once we got done with that stuff I got done with my parents house. It was time to eat or you know lunchtime or whatever so I made myself a sandwich. My oldest daughter was there made her a sandwich. My wife kept the other three at home plus my nephew how about I don't know 2 o'clock or so yesterday the power went out after it was out for about an hour, I was like hey I'm gonna go home get my generator and then I'll come back up with it like oh OK you know so I go home hook up to my trailer load the generator and the other stuff I need Wife calls and she's like hey you need to come in here and see the kids they saw you and they're like freaking out because they're excited to see you I said I'm I said I'm back in the trailer. I said I'm coming in before I leave. She said OK so I go in there and you know of course you're excited to see me kissing me you know like they hadn't seen me in months. It's so bad overnight but yes they in a week. I guess you know they're showing me things and everything you know like I haven't like I said like I haven't seen him in months and while I was there doing that, I guess my wife got a call from I guess my mother and it was like the power is back on so we don't need the generator and I love him. She told me that my way, so you know of course because of that, my son was like oh that's you're not rushing around you can build that basketball thing for us OK so I go down get the thing I was gonna build it upstairs. They're like no no we want it down in the basement OK so I built it in the basement meanwhile, I'm irritated because you know I wasted all that time driving home to get the generator and stuff you still don't need it but anyway though I got you know, I got to spend some time with my kids, which was nice and I'm building that basketball thing and I get it. Bill put batteries in it. We're trying it out. You know we're playing with the stuff man and the kids love me. Life went against each other. She beat me 35 to 26 or something. It was fun. We were laughing. Kids were having fun well then she said she was gonna go make spaghetti for dinner. She goes upstairs then two minutes later she comes down. She's like you guys just want pizza that's fine so she ordered pizza from little place in Point Marion called Mama tease and while we were doing that the kids wanted to watch movie on the projector downstairs we got we got a kind of like a movie theater set up so the kids wanted to watch a movie on. I thought it was cool so OK I put the lightbulb in to fix it hang it back up turn it on get everything readjusted and put on Zootopia surfing on the air the edge of the air mattress where I've been sleeping in the basement and Stephanie came over and she's like is it OK if I sit here like hell yeah that's fine yeah cause I'm thinking of myself like it's close to you. I want that so then I as we were sitting there I threw my right arm around her and pushed her backwards where we were laying down on the bed and I guess let's just come but she's like we can sit up and come and watch the movie. I do yeah but that's no fun. I can wake you up there and sit up against the pillows and come as if we're laying in bed she's like I don't know so I moved back here and then when she saw that wasn't a couple seconds later, she made her way back here and she no sooner later head down on my chest I put arm around her a two year-old Riley gets up on the bed. She is old lady. That's my dad dives in between us it was the funniest thing ever so that she gets fine. I go on this side. She came over and laid on my right side and you know there I was laying there holding both of them and I looked at my wife and I go this moment right here is a moment that I could be stuck in the rest of my life so we're laying there like you know of course you know my two year old got ran off whatever playing basketball and everything else and we are continue to just lay their color. Then pizza came. She went up and got it brought it down to the basement. We all right down there watching Zootopia and yeah, the kids thought it was coolest thing ever cause they're in an area that they're hardly ever in. They're eating down there. They want a movie you know so it's like a whole new territory to them but yes, after we eaten stuff Wife sitting on the edge of the air mattress, I was too, and I was just rubbing her leg and stuff. We were talking a little bit and I don't know where I just dropped down to sit on the floor and I start massage her foot and yeah, she went to call her. She's like oh she was that feels so nice so I rubbed that foot for about 10 minutes or so then I grabbed your other flip and as we were doing that stuff she's she's like oh why don't I ask be if she just wants to stay and I get why and she's like well tonight's been such a good night she has she goes really I hate her to the end and I get what do you mean she is we've been cuddling all night all evening since you've been here pretty much and she goes. It's just been real nice you know she like touching me and hold me. We've been cuddling. She goes like well if that's what you want my niece didn't wanna stay so she's like why don't you take them home and then come back if that's what you want me to do but I said, but I don't see a difference. It's gonna make you know if I'm gonna be sleeping down here in the basement she is you wouldn't be that well then where would I be? She said laying in bed with me and I was like oh really yeah she was talking about wanting to work on self-control and all this other stuff too so I was like OK if that's what you want you know I said it's I said it's completely on you like if that's what you want OK and then she's like no I don't want to and then she's like. Yes I do and then she's like no then she was like going back-and-forth. She didn't know what she wanted and I get well. I'll tell you what I said. I'm gonna take be him and Reagan staying with her. I said you know cause it's at my parents house. I said I'll drive there. I said then if you want you, let me know if you want me to come back I said then I'll come back. I said if not, I'll just stay at my parents house. The choice is yours and she's like well I have time to think about the answer is gonna be no I said OK. The choice is yours so that's what ended up happening. We know I stayed to my parents house and we messaged back-and-forth a couple times told her good night and stuff but anyway that where I was going with this whole topic was before she got the call about the power being back on she was working. We were sitting on the couch. She's like come sit by me, so I sat down by her on the couch while she was working and she was talking to me about like things that she was thinking about and stuff and she's like you know, she said two months ago she is I was really leaned on divorce and being done with it. She is but after these last two weeks, she's like that thought of divorce is getting smaller and smaller she said so we're on the right path. I so that makes me feel better knowing that I'm doing the right league making the right changes and stuff you know changing for the better and yeah she's like I'm still scared. She's like because there's things that you do that once in a while or it's like oh he's not taking serious but I am and yeah, so things have been pretty interesting. The next couple days I just haven't had a lot of time to journal because not alone constantly got people around me whether it be kids or like right now. I'm on my way to my appointment with my other therapist and that's all I'm doing this which I just pulled into the parking lot and I gotta go because it's time for my appointment but to chat again, peace",3,3,4,2,3,6,"The entry maintains a mostly identifiable thread about a specific day with his wife and children, but it is frequently disrupted by run-on phrasing, abrupt insertions, and unclear references that make local connections hard to follow. Topics are broadly related and some contradictions are explicitly recognized, especially around the wife's ambivalence and the writer's mixed feelings, but the expression shows notable cognitive load and only partial structural closure before ending due to the appointment."
I've been feeling overwhelmed with helping people. Normally what makes me feel better and good about myself is helping people but sometimes it's just too much. I'm in a long distance relationship. So when I am in PA that's where my you will say home base is cause that's where my job is so I work as a medical assistant I help sick people all day. I listen to my coworkers and their personal problems and help with that all day. When I get home I listen to my mom complain about everything. I help my dad with anything since he is usually weak from chemo. I help my daughter and listen to her preteen drama and also deal with her attitude and deal with being her mom. Then in my relationship whatever is going on there with him I deal with sometimes his emotional turmoil. Then when I'm actual with him which I'm here now with him and I feel like recently since he's having financial issues he's not really doing what he is supposed to to to figure it out. He's having dental issues so he's been complaining about that. I'm just annoyed cause there's ways around it but I can't keep telling him what to do and figure it out for him if he doesn't want to do it in his own. He's an adult. I feel like I'm doing everything for him. As an adult I feel like I shouldn't have to. I have a pilonald cyst I'm dealing with which hurts so bad but I feel like I have to stop my pain to deal with his which isn't fair. Sometimes I want to be take n care of and I feel like that's not the case any more. I don't know. I don't know what to do. I just feel overwhelmed or maybe I'm just being selfish idk. I'm just tired.,4,4,3,3,3,4,"The entry maintains a clear central theme of caregiver overload, moving through work, family, and relationship roles in a mostly logical sequence. There is some cognitive strain visible in repetition, run-on phrasing, and informal hedging, but the writer does not become structurally fragmented. The conflict between wanting to help and feeling resentful/selfish is acknowledged with partial awareness, though it is not fully resolved by the end."
"Lucas messaged me in the morning, not good morning I was the first to message him but still said it , after he was already at work & knew I was getting up @6 to work. Idk if that was him giving me space or not but I messaged him. He got to his parents early & then their power went out, Ronan was to go home & Reagan was to stay home so he was going to bring her home so I could work till 7. They do come over because he was loading up the generator to take to his parents. He & the kids ended up staying until 930, because he was putting together Robert's basketball activity thing. I ended up going downstairs just to be with him while he was doing it. We were talking about our feelings before & how I would like to go back to Jo physical intimacy because I feel like that is clouding my mind. The purple is for me to be able to see clearly & not want him physically which I get is good but still he is doing it on purpose. That of the things we have talked about at church this past week. Of of the many characteristics is self control, which I have very little. That is something I have been praying for over the year to help grow & he knows I don't have any.. I almost told him, well I did tell him to come back to sleep in our bed after dropping off Braelyn because he was massaging foot, caressing my leg, shoulders, it wa that closeness I was wanting not sex.. I did tell him that because he kept making sex comments & I said I want the stuff that comes before it the Closeness.. but I do see my dependency issue since he's been gone & that's what scares me.. my mother, brother, sister are that way. . My dad is not. He's fine with being alone. I have been trying to lean more for the Bible for this. I'm doing a challenge which is overcoming relational trauma-it a co-dependency plan within the Bible app I have. + reading this book called good byes and good boundaries... so struggling with aspects of codependency, is this love or me wanting to not be alone now.. wth.",3,3,4,2,3,6,"The entry maintains a recognizable central thread around Lucas, intimacy, and codependency, but the flow is disrupted by run-on sentences, abrupt referent shifts, and loosely attached details. The writer shows meaningful awareness of internal conflict—wanting closeness while fearing dependency—and begins to contextualize it through family patterns and faith, though the entry ends in an unresolved questioning state rather than a clear conclusion."
"He started asking indirect questions more and more often. And when I pointed them out and who it puts the onus on to solve the problem, he acknowledged it and then didn't do anything about it. So when I stopped pointing them out and just cutting directly to saying no immediately since he was always going to fight me on the reason why, then he started getting mad at me outwardly. It made me feel unsafe. If he couldn't control his anger to one small no, what would he do if it were bigger no? So I dumped him before it could get even worse. Joe took advantage me sexually multiple nights in a row while I was asleep on Xyrem. He tried to stick his penis into me multiple times while I was ""high"" from it. 

When I started denying him sex, his behavior started to make me feel that all I was to him was an object used for sex. So when I debated on turning it into an actual contained practice through kink. He tried to dissuade me from going through with it instead of him just saying no and why. He would never share his feelings with me. Any probing for more emotional vulnerability was met with a back off. I didn't feel connected anymore. 

The best thing I can do is slowly ignore him. 

My mom and I had a different conversation today but it ended up with her wondering if he and his family don't like Chinese people?

I wonder if at some point I knew that I wasn't going to find another friend like Joanne. And I could tell he was interested in me so I just betted on him being the way I could get through college. 

I think he took advantage of my empathy right back. He literally thought that everything I am is his. What if that sex for dummies book really meant something? I thought it was a joke.",4,4,4,4,3,4,"The entry stays largely centered on one relational narrative, with adjacent thoughts connecting through cause-and-effect and clear emotional logic. There are a few abrupt topic insertions near the end (mother conversation, Joanne) and the piece ends on open questions rather than firm closure, but the writing remains structurally coherent and reflective rather than fragmented."
"Joe used to appreciate me for my differences. Then he started behaving like they were the bane of his existence. So I started mirroring him to see how he would feel about it. I think I ended up redirecting the arrow. 

I don't think there's a lot you can teach me anymore. I think I've reached my understanding. I will abandon something once I've learned how it works.",4,4,4,5,4,3,"The entry is brief but structurally coherent: it stays on a relational theme, with each sentence building on the previous one and the shift to a broader conclusion feeling intentional rather than fragmented. There is some implicit tension around appreciation, retaliation, and detachment, but it is expressed with awareness and control rather than looping or contradiction; the ending lands as a concise reflective conclusion."
"I thought today, we're working. We had overall good days. I wasn't sure if we did the first thing to come to church or not. I kinda left that up to him. He did ask me if I wanted to, and I said it was up to him. I said that because I'm not going to where I said I tried. I invited. He's came. You know? And now the rest is in his the rest is his decision because he's fulfilled that obligation. So he has been staying with his parents now for two nights, and I got the kids up this morning. I got them all dressed, bring me down, got to church. Lucas had me a dunking coffee, and he had them already checked into church. He took Robert and Megan to her class because Remy went to her class last time. She walked right in, so he kinda stayed back from him a little bit so she wouldn't get upset. And then during surgery, he was awake, attentive. Even during certain messages or certain, you know, file verses that were quoted, he, like, looked at me and was like, you know, this is you or this is me. And he had his arm around me. He was rubbing my back and my shoulder while I was taking notes and reading. That was, like, such a great moment. I don't know how to describe it. I was just that was I felt so fulfilled. Him beside me, they were touching. He was listening. He was engaging. I felt like this is it. This is everything I've longed for. But there wasn't any bad feelings behind it. It was just like, this is it. I'm getting what I want. I attention. He wasn't rude. He didn't make comments. He didn't puff or pop. He was dressed nice with the clothes that I got him for Christmas. I I felt so comfortable. Like, I didn't have to manage his emotions because he was in check, and he was like, that was just the best experience. And so from there, we hung around a little bit because we were just talking with some some people at church, and we ended up going to fusion steakhouse eating. That was a little bit rough because, like, Riley was sitting on my lap, and and I was trying to cater to Remy and Robert and and Reagan. And he was kinda just sitting there as he didn't quite exactly know what to do. He didn't say, Riley, do you wanna sit in your seat? You know? But didn't, like, offer to take her off my lap and didn't, like, say, you know, let's go in your seat. I did say, like, you know, when her food comes, she will go in her seat so she can eat. But, you know, just try and juggle all that, and he was just kinda sitting beside me. But, you know, I think that was okay. Then at Fusion, there was someone who had a broken down prior. We helped them. So and then after that, we went back to his parents. I ended up going to the gym, feeling great, which was needed. When we came back, he got an ice cream cake, which is something we do every year. And, you know, I maybe a little bit later as I write his journal because I would like to have gone to bed sooner. But I think it was overall good size. And he did this to me earlier because he was like, did he put a sand? He ran it through my hair and, like, the base of my neck and smoothie in for a piercing. I mean, I told him, like, that was that was good. Like, that was one, that was okay. Two, it felt lost. But three, I'm not sure if that's I'm not sure if that's something he can sustain. I don't because he there's almost a sense of uncomfortableness from him. So I think that's something that might need to be worked on. But, anyway, he he does this. He has been doing it the past couple of days. And I mean, it's nice because it kinda, like, basically melts a little bit. But I don't know if it's because it's it's a kiss or is it because well, I don't know. I'm still trying to figure that out because the initial touch is kind of like, oh, this is nice. And then as, like, kiss progresses, it kinda, like, falls down. And I'm not sure if that's normal or if it's something that could should be sustained. And then I did tell him, like, why are parents? If you wanna go to the gym at all, I have, like, some guest passes. Like, you know, something to do with your time. And he did tell me that the thought kind of crossed his mind a little bit yesterday. Maybe he should go. And I told him to cancel the night if I was leaving and I said, well, if you wanna go, I have a guest pass. And he says, are you going necessarily coming to work tomorrow? If he wanted to, it was an option. He told me later that he did say he would go in. So I thought that was, like, okay. Otherwise, he would have said, no. I don't wanna go in. If he doesn't have to be there, he didn't have to be here. So I think that was shows some Encouraging insightfulness and growth in itself. Until next time. Oh, real quick. I better add that I took that to you know, my dad was had a girlfriend, and I was okay with all of that emotionally. And then he calls me and tells me anytime around Christmas day that he broke up with her because she was very needing his attention. So, anyways, so, like, he calls me. He comes, hangs out with us Christmas day all the way into Christmas night. And then the next day, the twenty sixth or so, I call him. I don't give any answer. So then yesterday, the twenty seventh, she texted me and says, oh, your dad's here. I was like, what? So then find out they are back they are back together. So I'd explain to Robert. He said, well, people break up and get back together. So I had to explain to him that sometimes adults do that. It's not the healthiest, but something that people do. So that was interesting.",2,2,3,2,3,7,"The entry has an identifiable main thread about the day with her partner, but the flow is repeatedly disrupted by broken phrasing, restarts, and abrupt shifts within and between topics. Contradictory feelings are somewhat acknowledged—especially around feeling fulfilled yet uncertain about sustainability—but they are only partially integrated, and the late addition about her father feels tacked on rather than structurally woven in."
"I read something today about AI from Frank Chimero called Beyond The Machine. Near the end of the piece, there's an allegory painted into knowing when to place boundaries, when to determine ""enough"" and Chihuro's refusal to take anything that No Face offers her. At the end, he likens the act and discipline to how we need to work with AI and finalizing his argument with a quote from Simone Weil: ""We have to endure the discordance between imagination and fact. It is better to say, ‘I am suffering,’ than to say, ‘This landscape is ugly.’” 

He continues to summarize with, ""In other words, it is better to stay with your own experience instead of projecting it outward.""

I need ways to practice this. In becoming more aligned to who I am and what I value, I need to focus on learning about myself and what my internal world is telling me about myself rather than projecting it onto an object or being that doesn't have that intention. 

The other day, I was starting up a game of RV There Yet? with a couple of new friends. One of them, Duke, is similar to me in that when a puzzle problem is presented, I want to approach it seriously and academically. I want to solve it even in partnership with others. But I also expect those who are with me to approach it in a similar way. When someone is having fun from the same experience in a completely different way, it's okay to me as long as it's not being imposed on me and taking away from presence and experience. The other two guys playing were not aligned with that at all and were trolling in how I would describe it. I think at the end of the day, I understood that there were multiple opinions flying at rapid succession at each other about what we should be doing and why someone did something that all came to head in triggering me. An actual real trigger. I started disassociating. I was a teenager again, cradling myself in my room, trying not to listen to my parents fight with each other again. And yet I was also aware that this wasn't reality. And the experience I was having internally was not happening with anyone else. In the end, I stopped. I was crying. I told them what was happening and what I needed. I was scared about them belittling my need. It didn't happen. It was an experience that I only had and none of them shared. I think at the end, the game had nothing to do with what happened. It wasn't the design of the game that caused. It might have contributed but there was no intention to trigger me. And at the same time, me, with my background and experiences, was triggered. 

I guess...it's maybe something for me to be aware of and try to learn to deal with in a more grounded way. I don't know if I'm ready for it. I do think that I need to make a goal for it though.",4,4,4,4,4,3,"The entry is structurally coherent, moving from an external idea to a personal application and then to a concrete example with clear connective logic. Contradictions are explicitly recognized and held together well—especially the distinction between external events and internal triggering—while minor hedging at the end slightly softens the otherwise organized, reflective narrative."
"Seen on Threads and resonated with me:

I keep thinking about how I can find out what I did to contribute to our relationship falling apart because it was difficult to get feedback. 

""2025 taught me a lot about invisible nuance, especially in relationships. This is important because it shapes entire narratives. 
A narrative might be that someone didn't show up for you, wasn't always emotionally available and present, and had a bad temper... Meanwhile, you didn't account for your codependancy, poor respect for boundaries and insecure attachment that led to invasiveness which caused them to retreat. 
It's easier to see the ways we are victims, not transgressors.￼""

I know I have an insecure attachment – I need reassurance from my partners. I do think with John but I've been open about it with him and he's been understanding and happy to oblige. I just don't know what it looks like as codependency or poor respect for boundaries. I don't know what actions I end up taking under those umbrellas. I'm sure I do...but I also tend to bulldoze my way through solving problems if I don't remember to remain professional with the patience of a kindergarten teacher.",4,4,4,4,3,3,"The entry stays centered on one main theme—understanding the writer’s role in relationship difficulties—and the quoted passage is clearly tied into that reflection rather than interrupting it. The writer shows awareness of potentially conflicting self-perceptions and begins to integrate them thoughtfully, though the ending remains somewhat open-ended and unresolved rather than fully concluding."
"Today I'm grateful that I finished my module for my class. Though I  still stressed about applying to graduate school and finishing up my applications, I am prioritizing rest and using my time off to actually relax I stead of trying to pack more things to keep myself busy.",4,4,4,4,4,3,"The entry is brief but structurally coherent, moving clearly from gratitude about finishing coursework to ongoing stress about graduate applications and then to a decision to prioritize rest. The stress-rest tension is acknowledged and partially integrated rather than looped on, and despite minor grammatical errors, the narrative remains organized and ends with a clear reflective stance."
Also I'm pretty sure my instagram algorithm changes based on who's around me because now I'm getting manosphere-like reels from Chinese multi-millionaire women who sound like a 15-year-old incel. Which...I could see my mom falling into.,4,4,5,4,3,3,"The entry stays tightly focused on one linked observation: a perceived change in the Instagram algorithm and an association to the writer's mother, with clear sentence-level connection throughout. It is concise and coherent, though somewhat informal and unfinished in feel due to the opening 'Also' and the brief ending rather than a fully developed closure."
"I think I've realized that I'm not one who proactively shares about my life or anything that happens because I don't like to invite commentary from others on it. It annoys me when I describe something that's going on and the person's immediate reaction is to ask me if I've thought of this or if this other thing could solve it. I don't want you to solve it. I want to know someone is relatable and that I'm not alone in my struggles with things. You volunteering that info just makes me avoid sharing things with you again. I think this comes from my relationship with my mom. Because she does this. Everything I do, there's commentary on it even to the point of how I'm sitting and how things are bad for my knees or whatever the biggest health concern she has now is. I don't know how to get over that and address that. I know she does notice immediately when something she's said has made me upset, because then she'll say she's sorry. It's just...continuous anyway. 

It's also taking me so much energy to be at home with her. I kind wish I took off a week to just have for myself. So I can recuperate. I'm dreading going back to work for an onsite that doesn't accommodate my needs again and then being exhausted the week after all of that socializing. I'm also worried about this in this role at Apple. I'm just falling asleep to shit but also my sleep schedule has been horrendous simply because my mom will come out around 12:30am and ask if I'm going to sleep. Which I was going to but now that there's this expectation on me to do it, I don't want to.",4,4,3,4,3,4,"The entry maintains a clear thread: discomfort with unsolicited commentary is introduced, linked to the mother relationship, and then extended into current exhaustion and sleep stress. The writing is mostly coherent and well-connected, though a few phrases are abrupt or loosely formed, and the tensions described are recognized but not deeply resolved, leaving the ending somewhat open."
"So I had to dig one of these in a couple days, and there's definitely a lot to discuss. The first one, we'll just hop right into Christmas time. Lucas is staying in the bed with me during Christmas time, and I am feeling closer to him. I don't know if it's because of the physical touch I'm allowing that. So I think that is what's making me feel closer to him. He's definitely more touchy feely. He's kissing me, and we've been into it a couple times. So so much for that boundary, period. Were into the night at Christmas in bed, and then we fell asleep. I really don't remember much of the night. He's had to, like, fill me in. I'm not sure why I don't remember it, but I know I told him that he's he asked me, like, you know, how I felt. And I was like, it definitely felt weird. Like, kinda felt like we were going right back into the routine. And and but he did cuddle me, obviously. He wasn't gonna have his back to me being in bed. So he cuddled me, and, like, I fell asleep. So but it felt weird having him in the bed, like, kinda like a stranger in the bed. I don't know. And That was that was Christmas. We got up, open one, open presents. These are feeling kind of like, quote, normal again, end quote. So I don't know. Then we left his parents on Christmas Eve, and he was like, oh, we going home And I think that same thing is true for his, you know, his family. His mom was like, he went to his parents tonight and his mom was like, well, I thought things were better. And it's like, that's the issue here. Things get better and then they go back. We have to continue on a plan for him to focus on himself and not for things to be reverted. Like, it has to be permanent change. Just because things go status quo, it doesn't mean that, like, you know, it's okay. And I think that's something that's like interesting is that just because we have like one good day, everyone thinks it's okay. When it's not because it's years worth of shit. Three months ain't gonna make up for years worth of shit. Like, I don't know how people don't understand that. And it's not just about the doing part or the or you know, him doing things or him participating, it's about the love, the feeling of love. You know? When he when he grabs me and kisses me, I definitely feel something now. I'm not sure if it's because we've just been doing it a lot. He's been kissing me a lot or how he's kissing me and it's, you know, my physical touch and all that. So, like, that's interesting how that came about. I actually googled the other day, like, can you fall back in love with your husband? I told him that, but I don't know. It's this weird balancing act. Like, I've they're making steps towards these change, and it just keeps need to continue happening. Which I struggle with that because once again, going back to the question he asked me, if I change, is there still a future for us? Which, you know, I don't know. Obviously, you can't say yes or no on that because you don't know. He also did ask me if I wanted him to go to church on Sunday, and I was like, well, you know, that's up to you. I'm leaving the ball in your courts. We'll be there. He did come to church with us on Christmas. He came in later, though. Like, he dropped us off and then went to Walmart and then came. And it was really nice to see his brother Lenny there. I don't think I've ever seen him come to church, even the Catholic church. So it was his brother Lenny and his wife and her parents that were there all with us. That was super meaningful. That was such a nice service. All the kids were with us. Riley had her hand up worshiping. They went up on stage and listened to the night Jesus was born. I definitely just felt so connected, and I think they did too. And, you know, we've been reading these or watching these shows David and King of Kings, and we all went to the movie as a family and watched the new movie David, and that was made me so proud because Robert knew exactly what was going on in the movie and because he was listening in bible release and, you know, just getting God into their lives and being that center for them, I think, is so important, and I can see that in what they do now. And it just lets me know that I've made the right decision and just confirms that, like, I'm I'm doing it right. Like, it's how it's supposed to be. And and I just keep praying and listening and reading my bible, my devotional. And tonight's was about giving second chances. And I don't know. Do I need to hear that? Obviously, like, why else would I have it tonight? Maybe not for me, maybe for Lucas to give me a second chance. I don't know. For me to give him. I don't know. I still struggle with that whole connection thing, but even if you change, we still have all these these beautiful kids. We spent so many years together, but there's so much hurt there. How do I just say, yes, it's okay. Come back. Be with me. I'm just working through it, I guess. So he went to see his parents tonight and the kids. We talked with Robert and Reagan. Reagan and Ryan went to table too, so they heard it, but I don't think they understood. You know, we just kinda said that he's gonna go see his parents for a month because we're working through adult things and that, you know, we love them. It has nothing to do with them, that daddy's still gonna see him. He's still gonna come over And that whatever they feel to let us know, we'll work through it together. And I thought that was success. We can I can definitely see Robert? He wanted to walk him out to the car. He was hugging up on him, wanted him to do Legos with him, and wanted him to do this with him. And Robert, you know, definitely took a little bit harder. Even, like, all the kids went up to him and hugged him on the bed, and I'm like, yeah, it was kinda kinda made me feel warm inside, but also kinda hurt because warm because he's getting a love, and he can see that the kids love him because he said that before. They're like, well, if I left and I just disappeared, they wouldn't even know. But, yeah, here they are hugging him, kissing him, you know, telling him to stay. So that's, like, validation for him. I hope he saw that. And I talked to him about that after. So I guess we'll see where this goes.",3,3,4,3,4,5,"The entry stays broadly centered on the relationship situation, Christmas events, faith, and the children, but it moves between these threads with loose transitions and some repetitive phrasing that creates mild drift. Contradictory feelings are clearly recognized and held with nuance rather than denied, while the expression shows moderate cognitive load through restarts, filler language, and sentence-level messiness. It still arrives at an intentional ending about uncertainty and next steps, giving the piece partial-to-good closure."
"Also, my mom referred to Joe as Cosmo's ""baba"" and it reminded me of when she used to call my dad ""your baba"". It's funny that when I hear that, I recall the version of him that was still trying to be a good father and a good partner. I associate ""your father"" with overall negative sentiment.",5,5,4,5,4,2,"The entry is tightly organized around a single associative thread: the mother's wording triggers a memory, which leads to a clear comparison in emotional meaning between two phrases. Thoughts connect smoothly and are expressed with high clarity, with no fragmentation or topic drift. There is mild complexity in contrasting remembered versions of the father, but it is handled coherently rather than as unresolved contradiction."
"I spent four hours today talking with my mom about my relationship with Joe and all the reasons why I couldn't make a relationship with him work anymore. As I was explaining it all, every single thing would remind me and her about her relationship with my dad. I realized the number one reason was because I've already experienced someone asking more and more of you until to abandon yourself and don't know who you are anymore. When I made the decision two years ago to live more in alignment with myself and my values is the same time that he said that our relationship started declining. I find it funny that he chose that specific time frame rather than any other time frame of when he wouldn't compromise to solve an issue together or when he didn't want to wear his CPAP machine anymore to help with his snoring so I could sleep in the same bed as him or every winter holiday when he tried to whittle me down to go with him to visit his family even though traveling stressed me out and tired me but he also wouldn't make any compromises on the comforts of traveling like the window seat, or stupid things like arm space or bigger things like not wanting to get on the plane first or leave first so that I'm not standing around. Every small thing bothered him and felt like an affront to his existence and it always felt like he had no ability to empathize with the bigger picture and the system of what everyone is going through, not just him. 

Talking to my mom about everything that made me quit helped me realize I did make the right decision for myself. And it also helped me realize that I've gotten my spirit and determination to not sacrifice too much of myself from my mom even though she grew up with almost nothing, came to America with almost nothing and still lives with very little (no matter how much I offer). Her standing up to my dad and fighting with him about how to raise me and how to interact with me reminded me a little of how I would argue with Joe about how to treat our cats. It will always frustrate me to no end how he views them as playthings for his entertainment and not actually sentient beings who have their own will and right to exist without relation to him. I realized that a lot of the red flags I've pointed out in Joe were things I learned to look out for because of my mom's relationship with my dad. I witnessed the impact it had on her. My determination, courage, self-confidence, and discipline all come from her. 

On another note, my mom and Cosmo have been getting along so well and it's so nice to see her learn how to interact with an animal that she can't talk to. But then I realize she's a natural at it and it's just another thing I learned to do from her. She keeps mistakenly calling him Costco and I hope I always remember that little tidbit.",4,4,5,4,4,3,"The entry maintains a clear thread centered on processing the breakup through conversation with the writer's mother, with related expansions into family history and values. Sentences are long and sometimes syntactically crowded, but the ideas remain connected and organized, and the final shift to the mother-Cosmo anecdote is clearly marked and ends with a gentle, intentional sense of closure."
"So my wife messages me and she said about earlier going to church tonight at seven I said OK so I'm on my way back from a job. I'll be home by maybe five 530 so I'd have time to get home change get ready for church but then a little bit later she just a little bit ago. She messages me and goes well. Hey what if we just go to church at 3 o'clock tomorrow and then immediately after that go to your parents for dinner and stuff so I was like OK yeah whatever you wanna do but you know I don't care and then she goes well cause you know I still gotta wrap presents so me trying to be more of the guy that she wants me to be. I'm driving down the road and I'm thinking about it. Oh hell let's just go to church tonight on the way home. The kids fall asleep. We put them in bed. We carry the stuff in the basement start wrapping the presence together have everything done in like two hours if that so I call her. I'll talk to her about it while I had service. Well no I'd rather go to church tomorrow because then I don't have to worry about trying to find two outfits for one for tonight one for tomorrow she goes cause if we just go to church tomorrow then naked be in that outfit and then we go to your parents and we're in that outfit she goes you don't stick with the trampoline park and I'll start rap. She's like if you think you can handle that that's not the point the point is I came up with an idea and you immediately shut it down because all I gotta get two outfits they were that one the church let them put the damn thing back on where tomorrow too who cares so she's like I'll call and see if like you're one of your older nieces. Wanna go to the trampoline park with you to help out well I lost service Dennis as I was driving I remember I got Jane tonight so I can't do anything. I wouldn't even be able to go to church tonight but she still could she could take the kids go to church. I go see Jane when we get home, kids go to bed. me and her start carrying stuff in and start wrapping so I just sent a message and she's like we'll reschedule with the way. I was feeling yesterday and stuff in Ghana today I need my appointment and now she's upset with the solution. it doesn't appease her so she shuts it down and then tries up with another one where she's doing everything by herself so it's almost like to me. That's what she's one thing is to do everything by herself so this way at the end of this three months trial thing when she finally confesses that her minds were made up this whole time that yeah she doesn't need me. It's that much easier. I mean I'm trying to help coop with Solutions and game plans and it's still not good enough. I honestly don't know if I will ever be good enough for my wife. I love her. I always have. I've been loyal and faithful, but I just think that I'm never gonna be good enough because she'll miss an appointment with the therapist and then like reschedule that all I forgot about it and reschedule again and then have that one and then all why can't do this I can't you know OK then you know it's two weeks again I just my therapy helps me a lot so maybe I'll call my parents and see if the kids can come up there and then I'll go to Uniontown myself because she's like she just said Jane don't understand yeah cause I'm not gonna be able to do it tomorrow. Go to church tonight so I can help you tonight. Forget about those damn outfits. That's the only thing you're focused on nearest part of that reason why I feel like I'm nothing a failure a piece of shit because yeah I might get paid you a $400 paycheck then I buy a $200 zoo pass for us and then go to Ogleby and you know have to spend $60 for that and then she's like you know that I put like $50 in gas and she's like where your money go. I need you to buy this well I don't have any money. I'm not just spending my money to spend it. Did we have to go to Ogleby? No you decided on our way to Mount Morris so we're not gonna make it let's go to Ogleby cost $60 an Cabela's we stopped that on our way got a picture of Santa and then sitting in traffic in Ogleby waiting to get in for over an hour getting irritated. She's getting mad at me because I'm getting mad at the kids in her last night. I had a rough night yesterday and last night either last night is screwed up as it is. I sat there and I was thinking to myself. Why didn't I do it then? Why didn't I end it? What is it? It's keeping me here. I should've just done. It wouldn't have to worry about this stuff anymore. I shouldn't feel that way. I shouldn't be thinking that I should be proud that I'm still alive, but I'm not like right now driving back to the yard in my mixer. I'm doing this and I'm just like she has no idea how much I need this stuff this therapy is this support you know I'm trying to show her that I'm changing and trying to prove it to her that I'm changing by coming up with Solutions she doesn't want to see it. Sounds like I ask myself now like what the fuck am I fighting for screwed up as the sounds? I feel like she already has her mind made up that when this three month test is over she's just gonna be like hey we're done you know that's it it's over you I'll fall for divorce. That's not what I want. I feel like her mind is already made off and that I'm doing all this for nothing if she gets mad when I say that because she's like oh look at how much better you've become me look at this look I don't care about that shit I mean I do, but I don't. I'm doing all this to prove to you that I can change and that I'm willing to for the sake of our kids and Marriage, but I feel like you don't care no so like I said before I don't open up I push you away. I start to open up and I push you away so if we are gonna end into divorce after you file, I wanna make it all the way until the end of our time that says that we're legally separated, living every day together like we were but this time is spontaneous movie take the kids to dinner this way whenever ever happens, my kids don't have to look at Christmases being crappy time of the year for that's like you know if it comes down to it. I'm not gonna trash off my wife to my kids. Tell me if they ask me what happened. He doesn't love me anymore. they asked why she doesn't. You're just gonna give a simple reply. I don't know, but I love her so when you go back with your mom, you'll be good to her. You listen to her OK she's still your mother even though she doesn't love me anymore, we still talk so don't think I will smack your butt for being bad. What is the same time though you know, I asked her the other day you know what if after all this you know we do get divorced and I do revert back to what I was. She said I show more confirmation that I made the right choice but how do you know you made the right choice if you're the reason I reverted back I just I don't know my life is fucked up. Apparently my life's been fucked up for a long time. I just couldn't see it now here it is I see stuff and I know things now and I'm trying to change and make things better. It seems like it's just making things worse. I love my wife and I love my kids as much as it hurts if it takes mommy leave me to be happy and like I said, I just remember when you were my wife, but if we can't be together here, maybe we can get back together in heaven.",2,2,2,1,2,8,"The entry has a discernible central theme of marital conflict and hopelessness, but the thought stream frequently derails mid-sentence, folds in new grievances abruptly, and contains many broken or syntactically unclear transitions. Contradictions and emotional tensions are voiced with some awareness, but they remain unresolved and repetitive, while the ending reaches toward a conclusion without creating real narrative resolution."
Stressed about bills. I am working to exhaustion yet not earning enough. Pervasive loneliness is even more bothersome at Christmas time.,4,4,5,5,2,3,"The entry is brief but structurally coherent: each sentence is clear, and the shift from financial stress to loneliness is understandable rather than fragmented. There are no contradictions or signs of cognitive overload, but the piece feels more like a concise list of stressors than a developed narrative, so closure is limited."
"What has been a pretty rough day? I've been kind of depressed today thinking about you. Know the outcome of me losing everything and how I feel worthless feel like a failure. I just don't feel like myself today. I feel like my old self and I don't know why maybe it has to do with yesterday or maybe it's just because I finally come to the realization that I am a failure. I am nothing I will never be anything I was talking to my wife and I told her I said I wish I could be half of what you were. She replied back about you can't be like somebody else you gotta be the best view but that's what I was meaning if I could be half like what she is to make me a better me I could only imagine where the hell we'd be right now. I honestly believe that come February 1 or three months thing is up. She's gonna be crying but she's gonna tell me that it's over but she doesn't wanna be with me as she said that. No do I believe that's what's coming yes I told her today I said just know he could do 999 things right and the 1000 thing you do you do wrong. That's the only thing that you remembered the thing you did wrong I mean me personally I feel that she is still so blinded by the wrongs that I've done that she refuses to see the changes. I mean she says she sees them, but does she really hi just want whatever is gonna be best. I told her I said if you and the kids are happy with me not being there they will know that you're happy. I also told her I said I could just disappear today. I said the kids wouldn't care. The kids wouldn't notice. Yeah they might after a couple days. They might be like that man if it were me that disappeared it would be that day like you know that where's mommy where's mommy? It's like she says that I do so much for the kids more than I realize which I commented back oh yeah, me losing my temper and yelling at him is really doing a lot for him. She never react. Never touched base on and never comment. Nothing because it's the truth. I might do good for my kids yes, but it doesn't outweigh the other things yelling and losing my temper just like Saturday we went to go see the lights at Ogleby. Stephanie must've said 15 times to settle down get your seats cause we were stuck in traffic and I finally got to the point to where I was tired of the disrespect they were giving her so I turned around and I freaked out I yelled as soon as that happens she's yelling at me you need to just turn around and go to sleep and yeah, they're fine blah blah blah blah blah blah blah so she's mad at me yelling at me because I had enough of them disrespecting her, but she didn't care and it was putting her in a bad mood because they were weren't listening yet. I finally had enough and I'm the bad guy I don't know maybe my problem is not my wife maybe my problem is my kids. Maybe I need to figure out how to handle them better so this way I can be more of my life just don't get it. They're so quick to push my button and I mean, set me over the edge like that even with the medication they can still do it. I mean it's gotten a little better. I can tolerate a little bit more now it's just a disrespect that they have and I don't know if my wife realizes that you yes I overreacted by yelling the way I did, but I was only trying to support her and get the kids to listen to her. That's what the hell are gonna be like if I'm not in the picture you know if I'm not there like I am now they're gonna respect her. She gonna let them walk all over her like my sister does with her kids. I don't know disrespect is one of my biggest pet peeves. You can have some disrespect for me to appoint what I have enough. I have enough and I'll let you know but you disrespect my wife. There's no point. It's straight asshole, disrespect my kids, straight asshole I'm not saying my kids are angels. I know they're not but if my kids do wrong, they get punished. It just sucks that here in a couple weeks. I could be losing everything my wife, my kids, my house, my dog, my chickens and I'm mean I'm saying lose my kids, but it's not that I'd lose them, but just the fact that I wouldn't be able to see him every day I'm in for the most part Remy and Riley. I'd be able to see you almost every day Reagan I don't wanna see them every couple days unless we FaceTime I don't want. I just want everything to be normal where I'm happy my wife's happy or together the kids are happy. Maybe I am asking for a miracle. I don't know, but if miracle is what I'm asking for then that's what I want. I just really hope it's not too late for us like I fear it is already. I feel that she's just going along with this three month thing. She's already got her mind made up that she doesn't want me anymore. She doesn't love me and that her mind is made up and we're just getting through this three month thing so this way then she could be like you know hey we tried and it didn't work for us and that's not what I wanna hear that I know it's common and it does it bugs me who knows maybe she'll be right or maybe she's right maybe we'll get divorced and then two or three years down the road end up back together happier and stronger than ever. It could only hope if we split she used to bitch at me about being on my phone too much so I've pretty much given up my phone. Yeah she's on her more than I am. Part of. It scares me that she's talking to somebody but that's enough rambling for now. Gotta go inside and get ready for the movies. Hopefully my wife will sit next to me. Maybe we could hold hands I doubt it, but I'd ever I'll just die a sad, lonely man so as my wife and kids are happy.",2,2,2,2,2,8,"The entry maintains a broad central theme of loss and relationship distress, but the thought flow frequently spirals, doubles back, and shifts abruptly between self-worth, wife, kids, specific incidents, and future fears without clean transitions. Contradictions are somewhat acknowledged (e.g., recognizing overreaction while justifying it), but they are not integrated and instead remain looped; the writing also shows high cognitive load through run-on sentences, fragmented phrasing, repetition, and a trailing ending rather than clear closure."
"Search for a couple days but not much has happened but until Saturday so Saturday they had this little I don't know get together thing at the church. My wife goes to so we all got ready and waited and then afterwards we were gonna go to Mount Morris to see A play well when we were about there. She's like we're not gonna make it. She's like do you want to go to Ogleby and see the lights OK I don't care so just like that we changed their plans went over and at the church. I was feeling a little out of place and unwanted or whatever from my wife so we go. I will be stopping at Cabela's on our way to see Santa get Ogleby pay for the blades we're driving through and we got to what we thought was the end all into the parking lot and got out took some pictures and stuff realized it wasn't the end we had nowhere to go so we got back in the car after and she goes. Do you want to drive? I said OK so I got the driver seat and of course I'm trying to back out and as I'm literally backing off this car just keeps on coming see yes I got mad and wife's like come on. Are you serious? You just got behind the Wheel so then we'll get done with all the lights. We had my niece with me and she was texting my sister and stuff about it and she's like well. If you just wanna bring her home that be that you know that would be great if she doesn't want to stay at Grammy and Grampy's so we asked her she said no she wanted to go home so it's not like we really had to go out of our way to get there, but we drop her off or on our way to drop her off Stephanie's plane, music and stuff and there was a song that came on country song and I started singing it as I'm singing it. She puts her hand out for me to hold so I hold her hand and it was nice. I was happy. I was excited because I guess it's huge. She hasn't put her hand out for me to hold in months so we are holding hands song was over or is she let go? What time so fast forward to take my niece home and we are sitting there when we get to the house carry the kids in and I went down to the basement now granted it was after one when we got home so they're in the basement with the TV on top about 4 O'clock in the morning was when I fell asleep Wife calls me and she said hey are you gonna come to church with us I said yeah she's OK. I fell asleep again. I woke up and saw that it was 15 after 10 and looked and saw they were gone already and I was upset because I really hope she would've called me one more time to make sure I was awake, but she didn't put in last night we were talking. And I told her that I felt bad because I didn't go after I told her I would and she goes well don't feel bad for me. She goes. It was a great service. She's like you're the one that missed it. I said yeah, I know I said planned on going. I said that you know because I want to bet you because I was so tired I she said it's fine. She said you tried. She said you've gone you've tried she goes you say you don't fit in so it's OK pressure but I don't want it to affect your decision later. She is always gonna play a huge role in my decision and I said ok I said I already know what the decision is but she said what's that, but I wouldn't answer so basically yesterday she told me that you know without saying the words or marriage is over. I don't believe there's gonna be a way to save it she wants a guy that's a gym junkie but at the same time the follower of God and someone's financially stable and Family were in it. well I'm fucked in all those categories. Where's the point that I know it's common so do I still try rug or do I just give up and quit trying cause when it happens I'm losing everything. and you know what it's OK because at the end of the day I'll be a 39 year old piece of shit. Divorced guy with nothing left then I feel terrible because I let my kids down. I won't be there to hold my kids at night and tuck them in. Give him a kiss. Tell him I love him. I'm not gonna be able to do any of that anymore pisses me off so much. I'm trying so goddamn hard for what did you be let down in the end to be broken upset unwanted unloved. I finally after years get to wear my wife wants me just for her to give up one man leave me but it's OK. I won't get to watch my kids grow up. I won't get to kiss their boo-boos and make them feel better I won't get to be there for their first heartbreak. I won't get to be there for any of them. It's unlucky I see where I really stand in my wife's eyes and she doesn't have to say the words I know it that I'm a lousy no good piece of shit and I don't deserve her. I never did and it's upsetting because even though she didn't feel it, I've always loved her. I just wish I could see that bro. I'm getting off here this bullshit. It's making me upset and cry, but I got a long day ahead of me.",2,2,2,2,2,8,"The entry has a basic chronological thread, but it frequently breaks with abrupt jumps, unclear references, and run-on shifts that make adjacent thoughts hard to track. Topics bleed from event recounting into relationship fears and self-judgment without clean transitions, and conflicting feelings are expressed as spiraling conclusions rather than being reflected on or integrated. The writing remains emotionally legible but shows notable cognitive load and ends in distress rather than intentional closure."
"So this morning was Sunday. We woke up for church. I called Lucas to wake him up around 09:00. He said he was coming. I got downstairs, got ready to go. He was still downstairs sleeping, so I took the kids to church, alone. We went to Bob Evans alone. Whoops. And then I think that was really challenging for me because on my way to church, I definitely felt alone but empowered. I've been to church alone before, but this time, I just felt different. And I sat alone also at church, so I didn't have any anybody beside me, nobody with me. I was strictly alone. I definitely felt a closer relationship to God. Like, no matter what happens, I need to put my faith and trust in God. And just to know that no matter what, he has me. He is my relationship. Once I have that as a foundation and just work on myself. And I think today really helped me realize that, like, it's not about another person. It's about me and God. And I and I think that, like, whether that was at Bob Evans alone or whether that was, you know, sitting at church alone, and the message also is, like, God is there for you in your weakest moments, and I think that that really hit home for me. You know? I really and I do think that Luke is not going to church. It does push me away from him more, but my relationship with God gets a lot stronger whenever I'm not with Lucas or he's not with me at church. And whether that's just what I feel at church or the message is stronger or is geared towards me or what, All kind of different things come into play when I'm at church alone. I feel much more at ease. I'm much more calm. I can and I just feel like a pull towards my relationship with God a lot stronger. And, of course, that's challenging for me. You know? Like I said before, I feel judged by Lucas. Like, if I were to stand up and praise and put my hands up and, you know, I just feel so judged by him, and he's sitting there snoring. So, like, that is definitely a factor in everything. And I really felt that today, like, just the calmness, the peace, the reliance on God, and not be dependent on other people. And that was I think that opened up my eyes to a lot today in regards to the spiritual aspect. And, like, I no matter what, god has me. And I deserve so much more than what I'm getting. I see him trying, but and I'm waiting it out, but I don't know how to tell if trying is enough. And once again, it was too late. In my heart of hearts, I say yes. I know that answer is yes. So what do I do? Just wait it out to make it easier for him? Then what? He's right. We went to therapy, and and I don't wanna see him regress. But honestly, like, in my heart, I don't wanna be with him anymore. I didn't hear from him at all today. Even at church, whether it was he whatever time he woke up, I had to call him. And when I called him, it was 3PM. He didn't call and check on the kids. He didn't call and say, like, what are you doing for lunch? Or, like, should I come up and get with them? Like, not even hi. How are you? Good morning. Nothing. Zero communication until 3PM. So I asked him about it. And he said, oh, I didn't do it intentionally. So that says you aren't thinking about me or the kids. Okay. That's clear. That is okay. That is okay with me. If that's really what happened, that's okay. I'm fine with that. And don't keep me. I don't know. I am a little frustrated because here I am doing all this Christmas shopping for everything I paid for. And guess who's gonna wrap it? I'm gonna have to wrap it. So I do have a little bit of frustration there because I've been working all this overtime. I'm paying for all these Christmas presents. I'm being the mom and dad in in this whole situation. Not just Christmas time, but every damn time. And like I said before, if I'm gonna do it alone, I wanna do it alone. Like, I don't need someone holding me down, making me go through all this emotional labor, all this emotional pain. What? What am I doing it for? To bring up old wounds? Maybe I need to heal from him. Who knows? I don't know. But it does get frustrating. I know it's Christmas time. Christmas is coming up. He's going to be going to his parents soon. That will help just like what this is, and it's all helping. It's just time.",3,3,3,3,3,5,"The entry maintains a recognizable thread from the church experience into relationship reflections, but it becomes looser in the second half with repetition, self-interruptions, and some abrupt pivots between spirituality, resentment, and practical burdens. Contradictions are clearly present and somewhat acknowledged—wanting to leave while also waiting and considering his progress—but they are not fully resolved, and the ending lands in partial closure rather than a fully integrated conclusion."
"I just wanted to give a synopsis of the day. Right. Robert and Reagan each had a friend stay over. They did really well. Before this friend came over, Lucas actually came back to the house with the kids and picked had everyone pick up the house cleaned. It's I didn't really know how messy it was before they got home, but I knew there was stuff on the floor. So I felt like that was really nice. I was able to go to the gym. When I went to the gym, I think that is absolutely what I needed for my mentality. After I got out of the gym, I just felt energized. I was clear minded. You know, I've only been to the gyms three times this week because I've been working so much overtime. So, I mean, I had me a little worried just working so much and with all the activities and with Christmas and just making sure that I can get to the gym and reframing the schedule and especially with Luke is going to his parents after Christmas. How all that is going to work has been something that has been weighing on me. How am I going to, manage all that? And I think that's a worry of mine because, like, he was in the hospital. I was managing it all fine. Then he comes home. It starts getting a little bit better. Starts getting more involved. Now we set for him to go to his parents, and it's like a ball dropping. It's back to me doing all alone again. So I got kinda comfortable with him doing certain things, and he's stepping up and doing things. And it's like, okay. Why are we gonna go back to you doing it all again? It's like, what the heck? Is shit that part is just because he steps up, and then now he's gonna step away, which, I don't know, kinda seems counterintuitive, but it is needed. I will see the benefit from my own mental space and be able to give me the space to actually able to think about my needs, one's desires without having him here. But from a, you know, home aspect, from a father aspect, he has been helping out a good bit with them, which is ultimately what I wanted him to step up and be there with them. So, today was a rather busy one. We I had the kids woke up. I helped them decorate a cookie, then I made breakfast for everyone. I offered to make him a breakfast, but he said no. He made himself breakfast. He woke up probably 10:25. So was after the cookies were already made. And he did come up to me, and, like, I could tell he was, like, looking at me, and he was calling and checking out. But he was checking me out, and he came up, he said, is it okay if I hug you? And I said, yeah. So he hugs me, and he was just like, I wish I could do the things that you do. You're amazing. And you do everything. And I felt like I had to give him credit somewhere because when you use the word everything, it's like, he contributes too. You know, I do most things, 98% of things, but there are things he does. So for me to say everything isn't necessarily true. And, but I think that invalidates me because then I don't feel like I have to give someone else credit if you say that. So I kinda struggle with that too. And so, you know, he said that, and I was just I'm not sure how I felt about that. He said, you're amazing. Like, once again, there's something I always wanted to hear, and I hear it. I was, like, numb to it. It didn't give me a a loving feeling or a chilling sensation. Or sometimes whenever it's, like, the initial shock of hearing things or the initial touch, sometimes it's like, I'll get a little bit of a feeling, but then otherwise, no. When that when you said that, I didn't get nothing. So just continuing to navigate these feelings and let them play out and see where things go. We went to at the church event today. Our church had a Christmas event, and he did come. I drove there. I think seeing as the church were fine, he did get upset because at one point, Jimmy came, and I went and grabbed popcorn for everyone. I put down the table, and I pushed some his way. And I was like, here. You might like this. But Lucas thought I went and got the popcorn specifically for him, but I did not. I got it for everybody that was at the table. So he started to, like, palt about that before I reassured him that, like, I didn't get it for him. I got it for everyone at the table and offered it to him. So that was a little bit interesting. And then we went and started doing the crafts. He disappeared for a little bit while we did the gingerbread, but he did help with her gingerbread house, and she entered into a contest. And then he was watching them on the big bounce house, so I took Riley in a little bounce house. So definitely stepping up from a father's standpoint. After that, during this whole time, we had Layla with us, his sister Lindsay's daughter. And from there, we decided to go we're gonna go watch a play in one of the local churches, but I decided let's go watch Christmas lights instead. So we drove an hour ish to Ogilby, and that may or may not have been a mistake because we sat in the traffic for about an hour and a half. The kids were having fun in the car, but Lucas was very irritated by them, very irritated by the traffic to which I was driving. Told him, just go to sleep. He screamed at the top of his lungs to Reagan because she was screaming, which in my mind didn't make sense because you're screaming at her for screaming. Okay? So I said, just let you know, lay down. Let's go to sleep. So that kinda made me mad that he had to yell at her so forcefully with such scary eyes because then she cried and we're all in the car together. So I was just like, that was unnecessary. And then he calmed down for a little bit. And, you know, I I got that same feeling of, like, I just rather you not even be here. Like, well, I'll be fine alone. Just if you're gonna act like that, just don't even be here. And then we because he kept making comments too about, like, ugh, if he came, I would turn around already or just little comments about, basically, we shouldn't have came. We could be home decorating our tree or we could be doing this. And so I felt a little, like, little jabs. Like, just don't say things. Enjoy the time with your family. But then finally, once we got to the lights, he had Riley sit in his lap so she could watch the lights. And we were doing fine. And when we got to the end, what appeared to be the end, I asked him to see what to drive. He said, yeah. He wasn't even in the parking lot, or he wasn't even in the driver's seat for one minute, and then he sort of was cussing with this car that wouldn't let him back out of the parking lot. I was like, oh my god. Then, of course, going 75 excuse me, 80 miles an hour on the interstate to get back, which is, you know, weaving and bobbing through people Gets me so anxious. That's why I started driving. It's because this driving caused me such anxiety. I would always hold it in, or I would start saying something, but stop saying it. And that's why I started driving. But I don't know. I don't know. Obviously, something else to work on. But and then we came home, and we were in the car. We sat in the car for a couple minutes before he came in. I kinda, like, leaned on the center console because I did wanna kiss, but I wasn't gonna say I wanted to kiss. I have body language and everything was there for him to kiss me, but he didn't. So, I mean, sometimes you don't want to say, I want a kiss. You can just see it. You know? Which is a weird place because he has to ask he's, like, asking for, quote, permission, end quote. But, also, like, I'm literally almost leaning over you on the center console. I'm looking at your eyes. I'm looking at your lips. Like, I already torn on about the triangle eyes, so you know that's whenever someone wants to kiss you. So but he didn't. So okay. That's fine too. We do hold hands briefly in the car ride home during a song. And he was saying something the other day about, like, we were intimate again, and he was like, oh, this time, like, felt different. It felt like we were making love. And, I mean, I I did kinda feel that way too because this is now the second time that we have. But mhmm. I don't know. I don't know how to describe it. It was a little bit it was different, but it wasn't just because it wasn't so forceful is why it was different, I guess. That makes sense. Yeah.",3,3,4,2,2,6,"The entry is broadly chronological and mostly stays anchored to the day’s events, but it frequently detours into long embedded reflections, repetitions, and midstream shifts that loosen coherence. Contradictory feelings about Lucas are recognized with some nuance rather than ignored, yet the writing shows notable cognitive load through tangled phrasing, self-corrections, and looping thought, and it ends without strong resolution."
And I've been working really hard and that rational distance to protect myself,2,2,5,2,1,8,"The entry is a single incomplete thought, so there is very little developed continuity or topic structure to assess beyond a vague reference to effort and emotional distance. Cognitive clarity is reduced by the fragmentary phrasing, and the statement ends without closure; no meaningful contradiction is present, so contradiction integration is marked as 5 by absence."
I think you're right but I don't have any otter option,4,4,5,3,2,3,"The entry is extremely brief but internally coherent: it presents a single clear thought without fragmentation or topic drift. Clarity is slightly reduced by the likely typo ('otter' for 'other') and the sentence feels incomplete in a broader narrative sense, ending without development or resolution."
"One of the things I've realized about my mom is that she knows how difficult it is for me to talk to her. She might assume it's because she's hard of hearing. Honestly, maybe I don't verbalize often because she is hard of hearing. But despite that, she knows how to ask follow up questions that result in a yes or no answer. Despite how hard it is for us to communicate with each other, we still put in the effort when it matters. She knows when to not push it. She knows when to bring it up again. 

I didn't realize that me being no contact with my dad also separated me from her. I've missed how easy it is to communicate with someone and to not feel like my inability to do so has impacted my relationship with them. My mom really does unconditionally love me. I unconditionally love her. I've missed her and I'm really happy she's here with me despite the little annoyances here or there. 

Well, I'm starting to tear up and feel tingly at the right top point of my head so that's it for today.",5,5,4,5,4,2,"The entry stays tightly centered on one relational theme and develops it in a clear sequence: communication difficulty, separation via the father, and renewed appreciation for the mother. There is mild complexity in holding both communication difficulty and mutual love together, and this is integrated well rather than looped on; the ending is brief but still provides an intentional stopping point rather than fragmenting."
"i've felt so accomplished the past two weeks hitting my fitness goals and being more active and moving my body. i'm actually starting to want to do it more on my own! not just cause i ""have"" to hit my goals.",5,5,5,5,4,2,"The entry stays tightly focused on one clear theme and each sentence builds directly on the previous one, showing strong continuity and topic organization. Expression is concise and easy to follow, with no fragmentation or unresolved contradiction; it ends with a coherent reflective note, though the brief length limits fuller closure."
"So last night I got home from work with Remi and Riley. My neighbor had one of his dogs passed away, so I was gonna put the buckets on and Good dig a whole form and I went in and talk to Stephanie about it after I carried the kids in which she didn't ask me to, but I stopped and got her a couple diet Dr Pepper's and we were talking about her appointment with Jane and stuff and we ended up having probably an hour long talk about things and you know she was honest with me and I was honest with her yeah some of it was hard but yeah, it was sad so I go after we get done talking I go get on the tractor and dig the hole for my neighbor so we can bury his dog get done and are you in the house for Stephanie's upstairs with the kids so I go up just to see what was going on and hear Stephanie is in the shower with Riley and trying to get Remi to come in so I had to wrestle with her Remi to get her undressed so she could get in the shower and then I got Riley out dried her off. Got her ready and pull up on her stuff. Reagan went and got me underwear for Remi and then when Remi was done, she was arguing and fighting. She didn't wanna get out of the shower now after she didn't wanna get it so Stephanie wrapped up in a towel stuck her out on the carpet and she stood up his small wood. Let me dry off or anything well then after a couple of minutes, got her laughing and she was OK she let me dry her off. We went out. She put her underwear on and then Stephanie needed to go to the store to get a couple of things for the teacher gifts that she did for that from the kids and as we were doing all that stuff, Stephanie stand there in a bra in her underwear and then put on a pair of jeans walks over and looks at herself in her big mirror that she has was checking herself out and I was checking around too then she came over to me and Kanye and was being super sexy, so I was picking up on what she was saying and then we made out and then she chased all the kids out of the room. Well then after doing that, she took her pants underwear back off and I satisfied her and she got up we after she was done, got dressed open the door for the kids they came in and then she went left and went to the store before she left. She goes tonight when I get back if the kids are in bed, it's your turn. I was surprised I was like that OK so then you know fast forward to eating dinner her stuff. Yeah so I had only gotten three hours of sleep because I had to be at work at 5 o'clock in the morning so yeah it's about midnight and I'm tired but as she's making their gifts all the years noise and there's a robber and she's like what are you doing because I can't sleep so you stayed down there while we didn't know she made the gifts and stuff and I'm fallen asleep and she's like go to bed. I said I am I was just even though I wasn't actively doing anything to help her with the gifts. I was trying to be present while she was making and Robert goes well. I'm gonna sleep on the couch tonight and that me and Stephanie were like whatever so he laid down he started to fall asleep. Well then I told Stephanie that I was gonna go to bed then I was like oh shit I said I'm I said I'll go up. I said I'll help you move the kids cause they're all sleeping in the bed so I go upstairs put Remi and Riley in their bed and put Reagan over in Robert's bed and then we are yeah talked a little bit and then she put her Jamas on and then we started making out some more and as we were making out rubbing her back, grabbing her butt running my hand up to the back of her head and hold it there while we made out kiss my neck, I started kissing her neck and then I pick her up and she, without hesitating, wrapped her legs around me. I carried her over to the bed, laid her down, got on top of her. We made out more, and I was kissing her neck, her chest all the way down to her belly and then lower, and and then I satisfied her again with my tongue, and then she set up, slid off the bed onto her knees and started taking care of me. It was oh man I don't even know what words to use, but she was taking care of me, and then after a couple minutes, I grabbed her hair and wrapped it up in my hand and stood her up and pushed her back onto the bed crop on top of her and I asked I said is it OK to finish this way? She said yes, we start having sex and I mean not just sex slow meaningful passionate, kissing rubbing biting her neck. It was that way until Until I was about to get off then I started the speed up then the last I don't know a minute wasn't just love. It was hammered to get the job done because I was right there and then we laid there for a minute get up, got dressed and then she asked me were you hold me till I fall asleep? I said yeah sure and that's what I do. I laid there with her in my arms couple minutes after she fell asleep. Remi woke up because it started storming, jumped in the bed head scared, and earned mommy snuggled up. I covered them up whatever and I turned the bathroom light off told him good night and that I love them and then I went down to bed and it is now almost 3 o'clock in the afternoon and I've been thinking about last night all day. It felt different. It felt better it felt like a table when we first started dating and I really. Hoping she felt that too because I am I am changing. But with that, I am getting off here cause I need my GPS to get to my job and at maybe tonight after we decorate the tree I'll chat some more.",3,3,5,2,4,5,"The entry mostly follows a chronological sequence from arriving home through the night and next day reflection, which gives it basic structure, but many sentences are run-on, syntactically tangled, and occasionally hard to parse. Topic focus is moderate because the main thread stays on the evening's events, though details blur together without clean boundaries; there are no major unresolved contradictions, and it ends with a clear reflective takeaway plus an intentional stopping point."
"So today, I started off my day very stressed. Last night, I was fighting with my bank account because I haven't used my main bank account in a long time. I switched it over to a different one. And I wanted to start using my main bank account again, so I transferred some money from my other bank account to that one, and it took me a long time. And this but through the night, I get a text from my actually, I get a call at night, but I ended up falling asleep, so I wasn't able to return. One of my friends called. Well, because I thought she was my friend. And then I get a text, and it was just like, I tried to call you. Good night. And I was like, well, after I was available to text her, I was like, are you okay? You know, what's going on? And she texted me later on, and she's like, well, somebody who has nothing to do with my boyfriend at all, which is her brother's mother of of her brother's kids, so they're not together at all, said, well, you know, it's hearsay. Said, oh, that, you know, she was messaging with him, and he's been coming to Pennsylvania and saying, you know, that he is coming to see her and has been messaging with her and, you know, all this stuff. And my friend was like, how she just believes that she said all this stuff because she's trying to get her the father of her kids jealous. But I was just like, what is what does that have to do with, you know, me and him? Because, one, there's no way for him for her to contact him at all and for him to contact her. And they're not even friends nor is, you know, my friend's brother friends with my boyfriend at all. So I was like I text I messaged her back because she was like, oh, I was trying to get some messages. She wouldn't send it to me, all this drama. And I was just like I I messaged her, and I was like, obviously, that's not even true. I was like, that doesn't even make any sense. And I was just like, she's just bored LOL. And she just sent the LOL back, and I'm like, like, why did you send me that? That doesn't even make any sense. Like, that was, like, really random. And I know, like, the day before, she was having issues with her spouse and all that other stuff. So later on, you know, when I got to work and stuff, I talked to my boss about it because I also confided my boss as I look at my boss as also my friend. My boss was like, if she was really your friend, she wouldn't, you know, bring drama to you because what was the point of doing all of that? What was the point of her what was the point of her even, you know, bringing your boyfriend into that situation? Because, you know, the backstory a little bit is that my my boyfriend used to be best friends with her husband, but she got in between that because she told her husband that my boyfriend made a fake account and that my boyfriend was using that fake account to hit on her, which wasn't true at all because me and my boyfriend were in Colorado at the time on a on a trip. And during that time, that didn't make any sense for any of that to happen because when she said that they were messaging, they weren't because we me and him were together, so it didn't make any sense. And he wasn't even on his phone at any given time at all. So it's just like it just seems like she's just full of drama. And I'm like, why are you keep looping me into your drama? And I told her before when when the best like, her husband and my boyfriend got into it, I told her, was like, if there's ever a issue like that again, I was like, I'll be your friend now. I said, but if this ever happens again, we're not friends. Because I said, you shoulda came to me for one, and you shouldn't have never made it escalate to the to the point that you did because that doesn't even make any sense that you would think that my boyfriend is even hitting on you with a fake account at all. And she was, like, trying to make a point of something that didn't even make any sense, and, like like, none of it made sense of what she was saying. Like, none of it. Like, the stories that she was saying made no sense. Her and her her husband made no sense at all. And it was just, like, stuff from, like, when they were not not her because they had nothing to do with her. It was, like, when he was a teenager. And I'm like, teenage stuff, people grow out of stuff, and people, like, it didn't make any sense at all. Either way, it was stressing me out. And she brought it in to today, and then she was just trying to say, like, how she's so stressed about things and, like, then try to confide it into me after that. And then I was like, you know, I just didn't even respond to her afterwards because then it was just like, okay. So now you're just going around in circles, and you're not even addressing the issue, and it's just too much. And then my boss was like, you have to address with her the disrespect and ask her whether she's your friend or not. And I'm like, I don't have to ask people if they're my friend or not, especially well, my stand on it is I don't have to ask people if they're my friend or not, especially if they're showing me where they stand in my life. Because that's where I feel like I'm at in my in my life right now. It's like, I'm not guessing if you are my friend or not. It's like you're showing me whether you're my friend or not. I'm not guessing because I can see. You're downing my business. You're constantly bashing me on my different choices. You're telling me that you know, like, I'm telling you my different choices in my life, and you're bashing me and telling me that this is bad and that is bad. You're never praising me for anything. And if you if you do, you back, you give a backhanded con compliment and then say the the negative about it. So it doesn't make any sense in regards to it. So I'm like, so, really, you're not my friend. And I've just been cordial because we work together, and I don't make an issue out of it or anything because I know that that person is not mature enough to have a conversation about it. There's no such thing as conversation because everything comes into conflict. Everything at all. Everything. Because it could be something very little. Like, I could talk to her and be like I could try to talk to her and be like, hey. You know, I noticed that you've been very negative about everything. Like, do you have a problem with me and like that or any or try to say any which way, and then it could come off as you know, she could be offended or whatever. And then she could start, you know, arguing or whatever because she's upset about whatever she got going on in her life. And I don't wanna be looped up looped into her drama and looped up into her world because I don't wanna be in that world because that world is not me, and that world is nothing I wanna be looked into. So, therefore, I wanna separate myself from that. So in order to keep the peace, I decided not to even address it because to me, that's it's not it's not something I'm because I can see where I stand. It's become issue. I gave you a warning. I told you about it. I talked to you about it, and I see where I stand in your life. And then you're telling other people, like, oh, I missed our friendship. I missed this. I missed us hanging out. But yet you're showing me a different hand, and you're being rude and disrespectful. So, therefore, I'm just like, no. What you're saying to one thing and then you're doing another, that's hypocritical and disrespectful, and I don't wanna be a part of it. So, therefore, I'm gonna exclude myself, and that's just it. And, like, I understand what my boss was saying, and I respect everything that she was saying. And I told her that I did, and I was just like but I was, like, moving forward. I was, like, you know, to keep the peace within the workplace. I said there is peace. I was like, if there ever comes to time where we have to talk about it, I said maybe I will talk about it. I said, but to keep the peace in regards to it, I'm just gonna be like, I'm just gonna keep moving forward and keep",3,3,4,2,2,6,"The entry maintains a recognizable central thread about conflict with a friend/coworker, but the storytelling is highly repetitive and contains many digressions, restarts, and tangled sentence structures that weaken flow. Contradictions are mostly handled with a clear stance—wanting peace while distancing herself—but expression shows notable cognitive load, and the ending trails off without full closure."
"I journal through my google drive. Lately i've been feeling a bit of tension. I think I'm feeling tension and sadness. I want to make him want me, I want to make him yearn for me, pine for me. I want to feel desired.",5,4,5,5,3,2,"The entry is brief but highly coherent: each sentence builds on the prior one, moving from journaling context to emotional state to a specific desire for reciprocated longing. It stays tightly focused on one interpersonal theme with clear language and no fragmentation; closure is only partial because it ends on an expressed want rather than a resolved reflection."
"Acknowledge your pain what's the deepest pain you carry? How is it affecting you? I seriously think that my deepest pain is the fact that I've had four or five women cheating on me of course gave me insecurities trust issues and it's affecting me because it's causing me my relationship with my wife and it's not fair. I love my wife and I would do anything in the world for her. I would jump in front of a bullet for her. I would give my last breath to her. If it meant saving her, I'd give her my heart if it means she could live. I've put my way through enough. She didn't deserve any of it, and she doesn't deserve anything that she's gotten from me as far as the bad things so it's affecting me a lot so like I said, I love my wife. I would do anything for her and I would do anything to keep her.",4,4,3,3,4,4,"The entry stays focused on one central thread: past infidelity leading to present trust issues that affect the writer’s marriage. The flow is mostly coherent, though the phrasing is repetitive and somewhat run-on, which lowers clarity. There is some recognition of an internal conflict between loving the wife deeply and harming the relationship through insecurity, but the tension is only partially processed rather than fully integrated."
"Yeah, it's been a hot minute since I said anything or done anything your ear has been a lot of stuff that's going on. You know one day last week or this week actually we had sex and it's not that it was just sex. There was love behind it and loved making but then there were times where it was just like sex and then it went back to heaven meaning and that night, I told my wife what I thought about her that she's beautiful. She's pretty told her boobs are perfect just the way they are stretch marks on her belly from the kids. I don't see it. There's a disgusting thing. I see it as wow that woman went through that four times to have our kids and yeah, there are times where over this last month and a half or so you were. I felt things were going good. I mean she's still like indecisive on her feelings and stuff and I've been giving her her space she's been doing things that she wants to do yeah I've been helping out so I just hope things are going as good as they look. I talked to my mental health person that's with the VA about the ketamine like I told my wife I would and I talked to him and he said that options not off the table, but he said I'm having amazing results with the Depakote so where we are going to continue that route so I kinda like Ash Steven like who do ketamine kind of like last resort thing or he said no not really but it's an option that's there if this doesn't work and I said OK and I talk to Jane about it and she agreed with his decision that you know I seem to be doing really well with the medication so she understands why he doesn't wanna do it so maybe things are going right finally I mean I don't think I'm asking for much but I mean, I can see how it is a lot with you everything that I unfortunately put my wife through without knowing it in the end it all comes down to as long as my wife's happy I'll I'll be happy, but it'd be even better if her being happy was with me so all I can do is basically what I'm doing taking my Marriage counselor's advice and you're doing what I'm told to do and work on what I'm told to do at that point everything's kinda up to my wife, so I'm scared. I'm nervous. I'm anxious. I'm hopeful. I'm happy sad nervous. If I haven't said that did I mention I'm scared that's like I'm scared about this thing after Christmas where you gotta go and stay at my parents house. I'm nervous about it because you know the last like two weeks or so things have seemed pretty good. The exception of her being on her period really kinda seemed like I was the problem then but I did my best to try and not overreact now it's a cheer competition. I did show jealousy and you know we talked about it and yeah, I told her yes I am. It's not that I'm intimidated by him. The part that your lack a better words intimidates me is you know he's built he's muscular. He's got him body on it you know and he's fit and I'm not. I mean he's kind of everything that I'm not and that's honestly what scares me about it. I told her that I also told her I said you know I trust you I said it's just I can't help the way I feel you know I mean it's my past. That's causing me to feel this way and no it's not right but what can I really do about it? I mean I'm I'm working on it. I'm trying and I think things have gotten better. I just I wanna have a marriage like my grandparents and my parents got married and stayed together. That's all I want, but I am going to end this one from now and see where I'm off to you with my next load. I'll talk to you again. I'm sure I got more stuff that's going on or that went on that I didn't talk about it here so peace out",2,2,3,2,3,7,"The entry maintains a loose central focus on the writer’s marriage and mental health, but thoughts frequently run together with abrupt shifts, long unbroken sentences, and unclear referents that make the progression hard to follow. Conflicting emotions are explicitly recognized and somewhat contextualized, but not deeply integrated; the ending is intentional rather than cut off, though many threads remain unresolved."
"I've made my journal entry earlier shorter because I was at work, and I was just trying to let out what I was stressed about. I got off of work just now, and I feel a little bit better for my first journal entry. I'm gonna try to be a little bit more consistent with the journal entries until I can well, one, so I can update you, Jane, and also so that I can be more consistent with at least something. Because I've been trying to be more consistent with a lot of things. Just a lot of things in general. I mean, the only thing that I'm really consistent with is, like, work and the business, which they're both things that I'm working on financially and myself, basically. Like, I listen to audios to build myself, and I read books. And sometimes even with reading the books, I'm not really consistent with it, but I've been trying to do my best with doing that. I was able to finish two books this year, and I'm working on my third. Oh, no. Yeah. Excuse me. Which I should be further along with that, but I have been able to do that. Right now, I'm really stressed about my car, and I've been trying to figure out whether I should get a new car or I should just fix the one I have. But I feel like if I fix the one that I have, I'm just gonna go through the whole cycle again with, you know, having to fix it again because it is a older car. And I do have over a 177,000 miles on it. And, you know, they say after a certain few miles, you should get a a newer car. And and I just feel like, you know, I've had this car for about, I wanna say, three going on four years. And just and I do drive a lot, and, eventually, I do wanna move. So I'm like, okay. I should get a better car. But then again, I'm like, but can I afford it? Then again, I'm like, well, can I not afford it because of, you know, my travel expenses? I don't know. I guess I just have to weigh out the options a little bit more and think about my budget a little more and, like, what can I cut out in order to afford a car? I don't know. I just get stressed out a a lot about, like, finances lately and, like, with the lawyer and not knowing, like, the unknown about, like, how much that bill is gonna be even though I gave him such a big retainer. And just in general, just, like, wanting to afford things and just I don't know. I just I feel like financial stress is just a lot in general. And then, like, my dad has been asking me for, like, money in regards to rent. And, like, I've been trying to give him money, but then I, like I'm like, okay. And, you know, you know, like, Jane, you know, like, how much stress has been with the rent. And just, like, in general, it's like, okay. If I'm gonna give you rent, then it should be if I'm renting if I'm paying you rent, then you should treat it as if I'm paying you rent and not, like, you're just taking my money and then treating it treating me like a child. Like, that doesn't make any sense. Like, if that is if I'm paying you something, then don't treat me like because then it's like, I'm giving you money for what? Because it's like, okay. That's my place, and that's what I'm paying for. And then you're like, okay. I have to ask your permission on who I'm allowed to have at the house and when, and I'm not allowed to touch the food, and what am I I have to ask your permission on what I'm allowed to cook and what I'm not allowed to cook, and you're dictating on, you know, how I raised my child and what I'm allowed to do with her and where am I allowed to be in the house. And that doesn't make even make any sense. Because at that point, it's like, why am I paying rent then? At that point, I was like, okay. Then I should just stay in the room, and what am I doing? And, you know, and I'm trying to find a place to leave, and I even tried to apply for section eight. It's just like, that was closed, and then they say I make too much. And it's like, how can I afford how can I afford as a single mother, all of this stuff? And that's what I was, like, so stressed out about. I'm like, there's no way to afford a house in this area, close to the job that I'm at right now, in this area, which is kinda like a like a what's it called? A resort area? Like, 800 8 $1,800 18 what's it called? $1,800 place and, like, on my on my pay and just, like it's just, like, crazy. And it's like, I wish I still have my apartment that I had before because, like, I can afford that, and I wish I still live there on the on the the rent that I had before because that was great. But it's just like and I wish that my, like, ex didn't, like, freaking what's it called? Blocked me from having that because that's what I was trying to stay at. And then the lady who was that she's a billing manager manager when she's not trying to raise the rent, like, $500. Like, that was crazy. Man. Because if I would've been able to say that, that would've been great. But, you know, I'm trying to find a place, and it's just and then I was like, how long am I gonna stay in that place where I move? And it's like, if I'm at am I it's like all this unknown, and all the unknown is what's stressing me out and financials and, like I don't know. And I haven't really saved much because I'm just trying to, like, live day by day. It's just like, how do you save when you're just trying to, like, live day by day? So it was just like and I wish, like, somebody just gave me a blueprint. Like, this is how you do it. But yeah. And then, like I don't know. And I'm trying to be like it's like, how do you be a good person when everybody's, like, kinda being a jerk? Not kind of being a They are being a jerk. It's like you try to be a nice person, people are being a jerk to you. It's like, how do you have a boundary? And then also, like, try to be firm and then try not to be a jerk up to the people who are being a to you. And it's like, oh, man. It's like, my heart is so full, but at the same time, it's like, it burns. I burn inside. It's just like, ugh. It's like life is life is it's not life is hard. It's like people in the life is like can be difficult. And it's just like, why are people like that? And sometimes when you can't figure out people, it's like you try to manage around it, but it's like, oh, it's a lot. But, yeah, I've just been feeling like things are a lot. I'm just trying to navigate through everything. I just feel, like, feel a lot. I just wanna I wanna just be away from all the negativity and nonsense, and it's just too much sometimes. Like, I don't wanna be stuck in my parents' house. I don't wanna be stuck at this job. Like, I I thought I was gonna be gone and away from this. I was feeling a sigh of relief, and I feel like the more I'm staying here, the like, the more it feels weighed down on me and more of, like, peep like, I just don't want people to keep asking me, like, when is your divorce gonna be final? How much longer would the custody? How much longer would the lawyer? How much longer are gonna be in PA? Are you ever gonna move to Florida? Like and I feel bad because, like, you know, my boyfriend wants me to move with them and him, and he gets sad. And it's just like, I understand we wanna move forward if our relationship is, like, how do you do that if, like, you have so much unknown? And it's like, I and I feel bad because it's like, I don't and when I feel a win, it's just like I feel like the victory by myself because it's just like, I feel a win because I've gone through this for so long, but it's just like, I feel this victory on my own. Because what I feel victory of, he doesn't feel it because it's just like, okay. And, like, you're celebrating for what? You're not moving any further. You're not going any like and I'm just like, okay. So I'm just celebrating by myself because you know? And then then it feels like I didn't get anywhere with that. And it's like, who do I talk to for that? Because I don't feel like it gets anywhere, and I don't feel like I don't know. I just don't feel like I can have a happy moment because it's just all it just sucks. Just all sucks. So I'm trying to, like, put a happy moment to me. I feel like like, in a way, like, I feel like, okay. This this is getting better. Everything is getting better, but it's just like, how do you how do you get better when everything is just, like, not in a good place? But I don't know. I mean, I try to stay positive with it regardless of how negative everything is, but it's hard to stay positive when the things around you are so negative. I guess it's on mindset. But Hi. I'm with Geisinger. Okay. Thank you. Thank you. Sorry. I was trying to go through my gate, but I can get to the house. So I've just been trying to stay busy and trying to work and still, you know, travel and try to be there for everybody and try to be there for myself and still try to keep forward and keep pushing on and keep a smiley face and try not to argue with anybody, but it's been hard. And it's just been draining, and I'm still trying to do what's best and, you know, trying to eventually save enough so I can do my therapy session and do keep on with this. And I've been taking my medications and stay on top of my health. I but I do get angry at times, especially at my coworkers because I'm like, you guys get mad and act like high schoolers and do the most dumbest stuff all the time. Like, they're mad about food that they don't have to pay for from a Christmas party. And they were just like, well, I didn't get to eat. And it's just like that you chose not to eat. It's not because people stole food out of your mouth. That that doesn't make any sense. And then they were, like, accusing other people of taking food. And it's just like, there's still food there, but you chose not to eat it. And it's not it's not that nobody invited you. You chose not to come to you chose not to come to work, and you still got a gift. And, like, it's just so stupid. Like, people are just so negative. It's so like, oh, people out to get me. It's like, nobody's out to get you, and you don't work harder than nobody else. And then when you and then when I try to explain to my boss, like like, hey. This is what how people's mindsets are, and it's like, it makes the j the workday so draining because people think like that. It's, like, annoying. Or if you try to say, like, hey. Like, I'm working I'm overworking because I'm trying to pick up the slack with somebody else, they're like, oh, yeah. You don't work that much. And I'm just like, how? If I'm leaving work drained because I'm picking up their slack. And if I pull back so that that person can feel what I'm doing, they feel like, oh, I worked so hard. It's like, no. You didn't because I still picked up your slack. Because even when I try to pull back, you still did not do you still didn't do it. Because I still had to do it because you still did not move. But it's okay for that person to sit there and be on their phone all day long. And it's just like, I'm not trying to worry about what that other person's doing, but at the same time, it's like, I also don't wanna kill myself at a job that shouldn't be anything like that. It should be equal work, and everything should be, like you know, it should be, like that job is just so not it's not hard at all. Anybody could do that job. It's it's not hard. Yes. It could be mentally draining because you're dealing with people all day long, but it's it's not hard for the for a person to be like, oh, this is so hard. It's like, it's not at all. But I shouldn't be killing myself, like, to the point where I'm so, like, physically drained that I get home, and I I don't have anything left to be with my child. Like, it shouldn't be like that. And sometimes I feel like that. Like, I get home, and I'm like, I have nothing left, and I shouldn't be like that. I should still be there for my family when I get home. And I feel like I have nothing left. I have nothing left to talk to, you know, my boyfriend or have nothing left to talk to my daughter, and it's like, that's not fair to them. So by Friday, I'm, like, passing out on the the sofa and sleeping or sleeping through the weekend, or I can't get my my my housework done or do anything else because I'm so drained from what I did through the weekend. It's horrible. That's what I'm just trying to navigate. I'm just trying to navigate everything. Just one thing at a time, thinking one day at a time. But I'll get there. Just trying to do what's best. And and the holidays are coming, and I feel like I it came too fast, and I'm not ready for anything. And I'm just trying to, like, figure out what to do, and I just wanna what I wanna do is just, like, enjoy the the day with my daughter and but not do presents too much. Like, I got her some things, but I don't wanna do like, I don't wanna make it seem as though it was, like, I didn't get her anything, but I just don't wanna, like, make it all about the presence. Like, I wanna make it about, like, family and about being together. Like, I don't wanna make it, like I don't want her to think that it's all about material things. I just wanna make it about family. But and it's not even just because, like, I couldn't afford too much this year. I just I always wanted her to believe that, but I'm, like, trying to teach her that, but it's, like, hard if I'm, like, the only one teaching her that. But, hopefully, I can achieve something without, like, feeling too guilty about that, but we'll see how it'll go. But, yeah, Hope you have a good one. And yeah. That's it for now.",3,3,3,2,4,6,"The entry has identifiable themes—consistency, finances, housing, family conflict, work stress, and parenting—but they often bleed into each other through long looping sentences, repeated phrases, and mid-thought restarts. Conflicts are recognized with some partial reflection (wanting positivity while surrounded by negativity, wanting independence but facing constraints), yet they are not fully resolved and tend to circle. Despite the cognitive load and verbal fragmentation, the piece does end intentionally with a summary of current intentions and a clear sign-off."
"Time to catch up. I'm sorry I haven't called in a while or journaled. So I've been dealing with a lot with the with my dad. So I finally was able to find out well, I wasn't able to really wrap my head around and accepting his cancer diagnosis. It was prostate cancer. So I finally started talking about it, especially, like, talking to my friends about it and expressing it to them. And I was talk I finally got to talk to my dad's oncologist as well. And with that, opening up has helped a lot. And I found out that he has stage two, and I was able to get more information about it. And he started radiata ray radiation. We're gonna and he starts that on the twenty second and just supporting him and not trying to be a nag. I left that to my mom. And then, like, just navigating other things, like, with the whole divorce, trying to I got to meet with my lawyer. So, you know, trying to move that forward. I haven't, you know, heard back from my lawyer too much about that. He was supposed to send me paperwork, so I'm trying to be patient with that, but also trying to be stern with him and getting that pushed along. But he's, you know, sent me the custody stuff, which, you know, that is what it is. And, you know, try to push everything along, trying to get everything done before the end of the year, which is a few weeks, but trying to get everything pushed along and trying to keep my head under over water, but just, you know, feeling stressed and overwhelmed, but also trying to keep my head above water along with at this job. And I feel like I'm not at the point with my job where I just, like, I really just wanna quit. Like, my job is really, I have everything going on in my life, and now, like, my job is, like, one of those things that I was just like, I just wanna leave. Like, I wanna leave, and on top of everything, I wanna move. So I was like, you know, when you get to a point where you're just, like at a point where you're just like, okay. I have a lot going on, and this is supposed to be, like, the least of my worries. That's why I'm at like, I'm at a point where I just, like, wanna be done. Like, I wanna be done with this because this is, like, the thing that yes. This applies me financially, but it's like, don't wanna be here anymore. It's, like, too much. It's just too much nonsense, too much stupidity. Everybody's just worried about the wrong thing. Everything's just stupid. And I think because, like, with my dad and dealing with his stuff and just, like, everything else I'm dealing with and just, like, too much repetitiveness is just dumb. But, yeah, that's what I'm thinking of. That's just my thoughts. And I'll touch back later.",3,3,4,2,3,6,"The entry has an understandable overall progression from father's illness to divorce/legal stress to work frustration, but transitions are loose and several thoughts become repetitive or syntactically tangled. Expression shows notable cognitive load through restarts, filler phrasing, and duplicated wording, though the main themes remain identifiable and there are no major unresolved contradictions beyond ordinary tension between patience, pressure, and overwhelm."
"Okay. This is a journal of us being intimate this evening. So I'm not really sure what kind of sparked it. He just kinda, like, bent down in front of me and got really close to my face and, like, just that initial feel of his warmth. I had, like, like, heat wave come over me, and my heart, like, throbbed twice. And when I looked in, this is probably now, like, the second or third time that we've kissed, and it's like the initial kiss, I do feel something there. But then, like, the longer we kiss, it's like it dissipates. So I'm not sure, like, how to how to take that. So whenever we were intimate, he, like, got close to my face, and I was like, yeah. It's okay. Like, you can kiss me. Once again, the initial kiss, like, started, and then, like, maybe five seconds into it, like, that initial rush, like, disappeared, and then it was just like, hey. This is lips. This is it's comfortable. It's just lips. It's not like there's no I just feel like a block, but I can definitely feel some more emotions coming from him because he's, like, using his hands, and I can feel more emotions coming from him to me. And there are times I do lean in. There have like, during this event, I was trying to lean into it, then I was like, there was a lot of, like, push pull. We were not in sync a lot of times with, like, the and with the energy there. So then finally, I was like, it's okay. Like, we can go. You know? And during the whole interaction, I really tried in my head to, like, connect. And they were, like, once again, same way with the kissing. Initially, it was, like, there was emotion there for, like, five and it would dissipate, and it's just, like, it's a body. So, I mean, that happens so frequently. And I was, like, all in trying to, like, k. What am I feeling? Just really be mindful of my body, my mind, my heart, and everything physical. Like, what have like, what am I feeling? That was probably and then I was just like, well, this confirms it. Like, this really confirms it. Like, I am out of love with him. Because during those moments, I was like, this is I just felt a moment I felt like a little bit of passion and then moments where it was like, this is a task, which is not how it started. And I was like, this is so weird. Like, this is my husband I'm talking about, but yet I'm not feeling, like, connected. It it was so, like it wasn't numb, but it was so just detached. Like, I looked at him one moment. I was just like, I don't really see my husband anymore. I see someone else. Like, it's a different person in a sense that he's changing too. So I don't know if that's where it's coming from or if it's coming from, like, me not feeling how I felt in the past, but then, like, you know, it's been a while since we were intimate. I mean, also, it took him a long time, which is and I was like, what is going on? Like, typically, this isn't how it should be. So well, especially with him. So I was like, then I started questioning things in my head about, like, you know, just the the situation. So I wouldn't consider that making love, quote. I always consider that, like, having sex because but he definitely I mean, he used his words. He was saying things to me. He said, like, about my stretch marks that they he wouldn't take them away because they that's proof that we had kids. And, like, I've always wanted to hear that. But then when it said it didn't hold the weight, but that's something I've never told him. I've never told him that I wanted to hear that. That was just something I always said in my head. But whenever he said it, he was even, like, rubbing his hand against me and hit my belly and saying that. Like, I didn't feel what I was thinking I would feel. Like, I was just, like but I wasn't pushed away from it either. I was just taking it for what it is, but also it wasn't like I was, like, in awe of it. I was just like, oh, he's saying it. I was like, I've always wanted to hear this, and I never told him that. So this is like it truly came from him, but yet I wasn't super receptive. Like, there was no I would have cried before. I didn't cry. I didn't cry. He like, stuff that he was saying, he was like, you're beautiful. We are amazing. Like, you know, you're perfect. Just saying all these kind things, and it's like he was showering me with love, and I wasn't I was accepting of it, and I wasn't, like, appreciate wasn't feeling it. And I was like, oh my god. It just during these times, I was being like, he's saying it, but I'm not feeling it. Like, normally, sometimes I'll get, like, some cold chills over me. I did not feel that. I was super appreciative. I don't know if it's a comfortable ability thing or what, but that was definitely a mindful moment. We did cuddle for, like, five minutes after, and he did play with my hair. I tried, like and really gave him some honest effort. And he, like like I said, he played with my hair, and he was rubbing my back. He didn't rush me up, but I I I don't know if I just got into such a routine of things that, like, whenever we were done, it was just, like, get up, go to the bathroom, clean up, and lay down. Like, in this time, he didn't necessarily want that because he was playing with my hair. But me, I just kept my body was saying, just go and get up. Get up. It's done. Okay. It's done. So that's definitely interesting.",3,4,4,2,4,5,"The entry stays largely focused on one event and develops it in a recognizable sequence, with reflections returning consistently to the same core theme of emotional disconnection. However, the expression shows heavy verbal fillers, repetitions, self-interruptions, and unfinished phrasing that create noticeable cognitive noise. Conflicting feelings are acknowledged with some nuance—she notes appreciation, effort, and lack of receptivity at once—and the piece ends with a meaningful takeaway rather than simply trailing off."
"We had an interesting weekend. We started off we went to the cheer competition for my brother and Robert. Just dive right in. We just ended up driving all the way there because the roads were really bad, which was fine. I think it was, like, a three hour drive. And I kinda just relaxed, played on my phone, played some music while he was driving, and I felt okay while he was driving. I felt safe here. We get to the hotel. He loads the stuff onto the carrier. We get the kids. I take the kids inside. He went and parked the car. I checked in. We went all through the hotel room and came back down. He lives with us, felt like out in the lobby with us. All the kids were playing all with each other. We ate pizza pizza. He was kinda mingling with some of the other parents. I went over and helped Robin Megan with pins, and I just kinda let him go and talk with people and do a thing. I was like, go ahead and talk. And, you know, I got the kids. We did take a picture in front of the fireplace. I got one of him with the kids and then us together. Two different parents tried to get pictures of us as a family. Eventually, we did get the pictures of family, but I always get ones of me and the kids, so I wanted him to have one away with them. We went up to the bedroom, and he kept making comments about wanting to sleep with me. And then he did too. He did get upset whenever I said that you know, it could be him and two kids, me and two kids. We did have a third bed. And I was like, well, you could put Robert and Reagan in the other room in the other bed, and you could sleep with the kid in that bed, and I could sleep with the kid in this bed. And he got upset, so Remy said she wanted to sleep with him. So him and Remy slept in the other bed. And then he kinda slept the whole time I got everyone breakfast. And Robert, again, and I brought it up to the room. I let him sleep for a little bit longer. Eventually, I had to wake him up. He helped me get the kids ready. That roommate is finally dressed. I was able to do their hair. He went downstairs and grabbed some breakfast. So all in all, the theory is that he stepped up and helped with the kids this weekend. When it came time to prepare, we went to the wreaths we went to put veterans wreaths on veterans' graves before we left, and he kept them involved, was helping them put having them put the wreaths on the grave. And then when we got back, he asked me, what would you like me to do? Which I thought that was very insightful and mature. He was willing to say, okay. What do you need help with? I'll help you. So then I was like, well, you can make the dinner, and I'll pack. And I started getting everything packed after he went out and cleaned the car. And then I came in, and he was struggling a little bit with the recipe. So I was like, okay. I'll just take you out of the recipe if you pack the little snackle box. So it's a getting filled up. So all in all, he really slept out this weekend to help with the kids, especially, like, a damsel in distress moment whenever we were coming home. We could not get up the driveway, so he got out to put the chains on and got us up the driveway. We always still seem to come through an emergency situation. That's like, where he shines, that's where he really steps up. And I really felt, like, a dynamic in our relationship there. Like, I'm the wife. I'll take care of the kids, and you get us there. You keep us safe. You, you know, take care of us from a manly standpoint. Like, I really felt that this weekend twice because he also did that today when we were on our way home, from his parents once again trying to get up the driveway. We did make it. Now today, was a little upset because, we all slept in. I had to work. He did not have to work, and the kids did not have school. So I woke up. It was 08:30. I was supposed to be at work at seven, and he was well, he didn't have work. So when I realized what time it was, I was like, oh my goodness. Like, I have to work. And then Remy had a play, so we were rushing around getting everyone ready. He did help get everyone ready, but it was, like, the late like, when we were hitting his parents, the part that made me upset was that, you know, he just he just slept. And I was like, what are we doing with the day? I'd asked four times, what are we doing with the day? Are we staying here? Are you going to your brother's? Like, I just want guidance on the plan because no matter what, I have to work. So he wasn't able to get that to me. And there was a couple other things that I had him do. Like, can you check class dojo for the kids to see, you know, what homework they need to do, if there's anything that needs done now. So that took a little time, but he eventually did it. And we did we were intimate tonight. I think I should say that for another journal, but also it's also fresh in my mind. So let me let me go back real quick to the we also did go to a world's bid for the kids finding out that they are going to Florida, which is very expensive. And report that I got from Lucas' sister, somebody was standing beside him, and he was very, very mad that we were going to the point that the person beside him thought that he was going to kind of explode on everyone. But then he calmed down. Like, his sister was like, whenever I talked to him, he wasn't that way. So I think that was just the initial shock of it all. But he I've been preparing for him for this because I knew it was gonna be expensive, and I was like, you know, we're gonna have to talk about this because they're more than likely gonna go. But, anyway so oh, I heard that it's cheer competition. He did get mad at me too because I was talking with Lindsay's boyfriend. He was kinda left alone, so I went over and started talking with him and get into a very deep conversation about, you know, how he feels about him and how he is basically jealous of him. And he actually said the phrase, well, he's everything I'm not to me. And I was like, that's interesting. In my head, I thought that. But, like, you know, I can see his insecurities in relation to that, but, like, I want him to use that as fuel. Like, this is our soon to be brother-in-law. And I I just I just told him, I was like, well, you want me to be happier no matter what. Right? And he said, yeah. So I I said, just keep that in mind. So we we had a very deep discussion about that. I ended up, like, almost falling asleep on him. But, okay. Going back to the most recent thing, I will do another one on that.",2,2,3,2,2,7,"The entry has a loose chronological frame, but it repeatedly detours mid-thread, doubles back, and inserts new events without clear transitions, making the narrative hard to follow. Topics are identifiable but bleed together, with frequent restarts, filler phrasing, and abrupt returns to earlier points; contradictions are somewhat recognized but only partially processed before the entry trails off."
I don't feel like getting out of bed today. I feel depressed low mood. Heavy. Sad. Worried about relationship and don't want it to ends,3,4,5,3,2,5,"The entry stays on a single emotional theme and the thoughts are broadly related, but it is expressed as short, clipped phrases rather than a developed narrative. Clarity is reduced by fragmentary wording and the ending feels cut off, though there are no contradictions or major topic jumps."
"I have felt unable to ""empty my mind"" for a long time. I'm an overthinker with adhd and currently lacking a social life. I struggle with making new connections largely due to social anxiety. I want some life in my life which is even more difficult in the winter time.",5,4,5,5,3,3,"The entry is brief but structurally coherent: each sentence connects to the next through a clear chain of causes and related concerns, with no fragmentation or mid-thought derailment. Topics are closely linked and clearly expressed, though the piece ends as an open statement of difficulty rather than arriving at a fuller reflective resolution."
i got my hair done professionally for a nice show tonight and it didn't turn out bad but it's like it always turns out not exactly what i want and i feel behind when it comes to hair i didn't learn this when i was young i didn't have a mother figure to show me and im having to figure it out myself like everything else. it takes me out of the moment instead of just enjoying the nice evening planned. just comparing mine to others and not feeling myself with it curled either because im not used to it.,4,4,4,4,3,3,"The entry stays on one coherent thread: dissatisfaction with the hairstyle, the deeper meaning tied to lacking guidance, and how that affects enjoyment of the evening. Thoughts connect logically and clearly with only mild run-on structure, and the tension between 'it didn't turn out bad' and 'it's not what I want' is expressed with awareness rather than confusion. It ends without strong resolution, so closure is only partial."
STOP,1,5,5,5,1,4,"The entry consists of a single abrupt imperative with no developed narrative, so continuity and closure are minimal because there is no progression or completed arc. However, it is perfectly focused on one utterance, contains no contradictions, and is expressed with high surface clarity despite being too brief to show broader organization."
lol why am I like this. I played some games and interacted with friends and I feel all fine. God why am I like this,4,4,2,4,2,4,"The entry is brief but structurally coherent: it stays on one theme and the sentences connect clearly without fragmentation or mid-thought derailment. However, it presents a tension between feeling fine and self-questioning without integrating that contradiction, and it ends by looping back to the opening phrase rather than reaching closure."
"The other thing that's fucked is that I didn't want to have sex unless he was willing to do a dom/sub dynamic. And when he stopped because of unclear reasons, I stopped wanting sex. I felt like a burden having to ask him knowing he didn't want to do it anymore. Which is exactly how I felt on the opposite side whenever he asked me for sex. 

Near the end of our friendship, Luke told me he wanted to be more present with me. After our relationship ended with Joe, Joe apologized for not being more present. 

Both times, they've surprised me with using that word. Because I don't know any other way to be. If I'm spending time with someone, it's so incredibly invalidating and dismissive to not be present with them. 

Now I'm just angry again. So stupid. I hate this so much. I just want to throw things at the wall. 

On top of all this, having to second-guess if I'm a narcissist because of my dad, am I bipolar or have BPD because Joe was convinced I did, do I have issues with ADHD because Joe was convinced I wasn't functioning as well as I could be. Meanwhile, I know it's more ruminative thoughts from OCD that was drilled into me because of the childhood I grew up on and that's what powering my excellence in my career and yet, people keep wanting to strip that away from me. I'm so fucking annoyed with the constant rejection of who I am. If you don't like me, stop fucking trying to be in a relationship with me. 

All this reminds me of when I was younger and I dreamt of being someone with powers who could exact vengeance on people for the stupid fuck-ass shit they were doing. And now I just get through things because of spite. I hate this version of me. But I hate the consequences that bring out this version of me even more.",4,4,4,4,4,3,"The entry stays organized around a coherent emotional thread: sexual dynamics, relational invalidation, diagnostic self-questioning, and anger all connect through the theme of feeling unseen and rejected. Topic shifts are intentional rather than fragmented, and although the writer expresses tension and ambivalence, they do so with clear awareness and end on a reflective synthesis rather than trailing off."
"And Jesus Christ, all he wanted was sex. It made me feel disgusting.",4,5,5,5,3,3,"The entry is extremely brief but structurally clear: both sentences connect directly and remain tightly focused on one interpersonal experience and its emotional impact. There is no visible fragmentation, contradiction, or cognitive overload, though the brevity limits narrative development and leaves the situation only partially closed."
"Even when I wanted to have weekly meetings so we could talk about things, he always made excuses that he was tired or it was too much for him. I didn't know how to work him on our relationship and over time, it seemed like just didn't want to anymore. When I started feeling that, that's when I started giving up as well.",5,5,5,4,4,2,"The entry stays tightly focused on one relationship issue and develops it in a clear causal sequence: attempted meetings, his avoidance, the writer's interpretation, and their resulting withdrawal. There are no contradictory loops or fragmented shifts; the only slight reduction in clarity comes from minor phrasing errors, but the narrative remains coherent and intentionally concluded."
"I went to the German Holliday market in Mountain View with my mom. It started off really sweet. I guess though I quickly started getting sad. Holding my mom's hand made me feel like I was responsible for her and I usually think it's sweet. But at the same time, it was a constant barrage of couples holding hands with each other, young and old, with babies or not. Everyone was seemingly with loved ones. I know logically that not everyone was a couple. In fact, I can think of a few examples where I saw teenage girls who looked like best friends (at least it didn't seem like anything was romantic) who were walking around. I saw older groups of women walking around with each other as well. 

All I could think about not having someone likeminded to share Christmas with. I hate this time of the year so much. I just want someone to build our own traditions with. I want someone to hold my hand and feel responsible for loving me. 

I started having thoughts about missing Joe again. And wondering if I made the right choice. Am I hurting myself more than he was hurting me? I've cried twice today. 

Ludwig and Squeex are doing a duo run of all three Dark Souls games. Ludwig got angry two days ago and threw his controller against the wall and told Squeex that he has no respect for Player 2. Dr. K watched that clip and said that these boys need help and asking rhetorically what they were doing to themselves. I then saw the guided session that he had with them yesterday morning and it felt like a couple's therapy session. He commented several times that they were speedrunning couple's therapy sessions and I started crying because I can't remember ever feeling better coming out of those sessions. I just felt like everything was my fault because I couldn't do chores. It felt like this obsession with what I couldn't do. Maybe I was hardened after that. I don't know. I just never felt empowered or like I was being met halfway to solve problems together. It always felt like my choices were be infantilized because Joe thought he had to play caretaker or for me to get tired of his trying because it wasn't working only for him to reject my efforts to try as well. 

I still get angry thinking about the time we moved into our second apartment because he wanted dedicated office space so he could look for jobs and then he proceeded to tell me that the planning we were doing wasn't helping nor was he looking for jobs. There are so many things that come up now that I just shut up about because I was tired of taking care of his emotions. So I either become cold-hearted or burnt out. 

I realized I couldn't trust him to take care of me. To do things that made me feel loved by him. So I just started taking care of myself and my needs more. And it started looking like it didn't need him or his involvement. And he started to get jealous or something, I don't know. I just didn't know what to do and was tired and didn't want to be confused anymore. 

Here I am, still confused, wondering if I'm ever going to be happy with another person. I know I can be happy by myself and with my cat. 

It just seems like everyone has priorities of other people loving them and spending time with family over the holidays. But I don't know what that is. I don't know what that looks like. I don't know what it feels like to want that. I don't know how it feels to grow up in an environment where family and belonging or cultivated. I'm so sad. 

I'm so tired. I just want to be myself and love someone else and not feel like I have to choose to betray myself for someone else or betray that person for myself. 

I know this yearning is not good and is going to get me into trouble because I'm already starting to crush on new folks in my life that I don't know much about and just imagining if that person is the person who will solve everything. 

I'm asking myself questions like should I get back together with Joe? Should I reach out to Luke? Should I start pursuing Duke (wow, what a name and a coincidence that it is so similar to Luke)? Meanwhile, John keeps asking me what I want. And I don't know how to answer it. But I know I don't want a ""normal"" relationship with him. 

Men just consistently confuse and disappoint me. At the end of the day, all I know is I'm tired of feeling like this. I'm worn out. If maybe I don't deal with this when I was younger, I would have more endurance for these kinds of things. I'm just so sad.",4,4,3,4,4,4,"The entry is emotionally intense but structurally coherent: it moves from the holiday market, to missing Joe, to relationship reflections, and then to current romantic confusion in a mostly connected progression. Contradictions are explicitly recognized—wanting love while distrusting relationships, missing Joe while recounting hurt—but they are only partially integrated, leaving the writer reflective yet still unresolved by the end."
"Where to start it's been a couple days since I've used this and surprisingly I feel very calm. We had our couples meeting last night with Jane that went really well last night when we did get home. I told my wife I said you know there's something I wanna do, but I'm afraid to because how you'll react and she said what's that I said I wanna kiss you so she's OK. She has kissed me how you wanna kiss me and I did put my hand behind her head pulled her in leaned into it myself across the center console and we started making out felt like when we were first dating again and after a couple of seconds of kissing, we sat there and we had our heads together no talking just sitting there and then she finally looked up to me and she said are you OK? I said yeah I'm fine. How are you? I'm OK you know I didn't wanna you make you feel like you were pressured into that and she's like no she goes. I gave you permission she goes and you did it she goes. I wasn't quite expecting a kiss like that, but it was a nice surprise and went in last night. He talked a little bit more and then she got ready for bed. I got ready for you went to bed down in the basement and told her that I loved her and she said it too she said love you too then wake up and get ready for work and stuff. The kids are getting ready for school and all that other fun stuff that goes with It and Stephanie he's like hey look at the camera because she said Reagan or Remi fell. Her. Riley fell down the steps last night, so I look on the camera. I find it, and she fell almost from the top all the way down instantly got upset and mad, but I didn't act on it. Staff laid back and started crying, went over and gave Riley. He was sleeping still a kiss and then I said, are you gonna ask Stephanie I said are you gonna carry her down? I said if so, I'm gonna go get Remi and put her get her in the truck and get ready to go see if I can make it on time and not be late. She said OK so we get the kids out to the truck I go in tell the other two you have a good day see you when I get home and Stephanie was standing there and I instinctively just went to give her a hug before I left and doing so she leaned in for a kiss and I followed suit, but then she kind of pulled back and he hesitated for a second and then kissed me, and she looked to be with this big smile on her face and said see how natural that was, she said I don't even think about it. I just did it which made me feel happy and yeah, today's been a crazy day at work. Been a long slow day but I'm on my way back. I'm getting ready to go clean my truck out and head home but yeah, I think last night was I don't know if it's special for her, but it felt special for me. I mean, not just because you were kissed. I 4 honestly a few short seconds kind of felt that spark again and I kind of felt it again this morning when she came in to kiss me. so yeah that made me feel good but also I think we have a good chance of getting through this so I am excited and nervous but at the same time though I am excited about this weekend because we have the cheer competition and with that we will be staying in Akron, Ohio so it's exciting. I'm just kind of curious how it's gonna go in the hotel with the six of us I mean, I'm not gonna lie secretly. I hope me and Stephanie share a bed together, but if not, no big deal show me when I go home wash a couple pieces of clothing I need and start getting things ready for tomorrow, so yeah I might talk to Moore tonight or I might talk to you tomorrow. I don't know yet we'll see.",3,3,4,2,3,6,"The entry has a recognizable main thread about improving intimacy with his wife, with mostly chronological progression, but continuity is weakened by run-on sentences, pronoun/name confusion, and abrupt side shifts into the morning routine, the child's fall, and work. Topics remain identifiable rather than chaotic, and mixed feelings like excitement and nervousness are acknowledged without looping, but cognitive clarity is reduced by frequent syntactic tangles, transcription-like errors, and a somewhat trailing ending."
"An additional thing that I wanted to add about the separation of his parents is I'm hoping that he'll use this time to find things that make him happy, that make him whole, to be able to find himself again because we have been meshed together for so long. You know, I have been able to do that myself these past two years with the kids and with the responsibilities of life, but he has not, you know, given his depression and everything. So I see that him going to his parents would be a great opportunity for him to be able to find himself. And then, you know, whether it's going to the gym that's just down the road or finding a project or, I don't know, just something that kinda would make him feel happy and find out who he is, I think that could transform a lot. I just wanted to add that into because it just kinda came to mind.",4,4,5,3,3,3,"The entry stays on a single clear theme throughout: the hope that his time with his parents will help him rediscover himself, with each sentence building on that idea. Expression is somewhat hedged and conversational, with filler phrases and a few loose constructions, but the thought remains coherent and easy to follow. There are no real contradictions present, though the ending feels more like an added note than a fully rounded conclusion."
"I was watching a video about resentment & apparently I am resentful.  hold a lot of resentment towards Lucas. I kinda got to researching about what you and I talked about last night in regards to, like, what is resentment? Like, maybe do I have it? Bing. Bing. Bing. Oh my gosh. Yes. I do. A lot of stuff of what I was listening to is, yes, the resentment. Now that I've identified it, now what, Jane?  How do I know if there is love under that resentment or am I completely detached? I do feel like I don't like him anymore, our interests our future, our goal don't align. When we talked about the future & traveling about 8 years ago I thought that was possible with Lucas but now?  I don't think traveling with him was possible, he wanted to stay at home. He doesn't like group me of people he doesn't like to be out in public. I am driving everywhere now because his driving was aggressive & causes me anxiety but yet I don't wanna drive either. I want him to but I want to feel comfortable & safe. So driving anywhere & having fun was out of the question, even when I'd play music he'd get mad. He would rather drive in silence.. how do we get to the core of us to see if we do love and/or belong together? How do I know if I want to receive what he is giving, how do I find out if I want to be in this ""new"" relationship?",4,4,3,3,3,4,"The entry stays centered on one main theme—resentment toward Lucas—and develops it through related examples, so the narrative is mostly coherent despite some conversational jumps and repetitive questioning. Contradictions are clearly recognized (wanting distance yet wondering if love remains), but they are not resolved, and the piece ends in open-ended questioning rather than firm closure."
"Last night after therapy, we came home, and we sat in the car for a couple moments together and talked just about a couple things. And Lucas had said, you don't know how much I'm fighting my left hand right now. And I said, for what? And he said, to to lean in and kiss you. And when he said that, internally, I did get, like, a little a feeling of, like, comfort when he said that. And I said, okay. So, like, go ahead and do it. So he prolonged it for a couple minutes because he later I found out that he said he was his heart was racing and he was terrified. But so, like, when he prolonged it, the moment kinda dissipated. But, anyway, we still kissed, and it could have been a passionate kiss. And I was really, like, analyzing my feelings whenever he when we did. I'm trying to see, like, what did I feel? What was I feeling? There was it was a very it was very familiar. The feeling that I had was familiarity, but that was all. I didn't feel I wasn't expecting, like, a spark or I'm not even sure what to expect. I've kissed so many times before, but that was the longest we ever went without kissing. It was, like, two weeks that we had gone without kissing. So then to kiss again, I would think that, like, that whole period of time where there wasn't really much contact I don't know. Like, we talked about in therapy a little bit, like, you know, that initial spark of a relationship is only there in the beginning. So, like, I wasn't expecting a spark, but I was maybe expecting, like, like how he said his heart was dropping. He was getting kinda anxious. Like, I was just I wasn't expecting anything. I was just letting the feelings come. And it was feelings of it was a kiss, so it was good. Like but it was very matter of fact. Like, these are his lips. It was very and it wasn't this I I didn't kiss him out of obligation. I did it just I said, let's let's do it. Let's test it like we did a hug. Come and kiss go ahead and kiss me. But, yeah, this morning when he left for work, like, naturally, I leaned in to kiss him like a peck kiss before he left. And I was kinda shocked by that. Like, I just did it naturally, so I just let it just let it happen. But it was literally as you described in therapy, like, the part of me wanted to do it, and then the part of me realized it and was like, oh, no. Don't. Literally just as you described it. That internal battle of that, do it or not do it. And I don't know what the difference between that and being completely detached from him is. If I was completely detached, I wouldn't have those moments to come forward. And I think because I'm such a feelings person that when I see that and I look at him, I do see the years we spent together. I do see the father of my kids. I do see the comfort, but I don't know if it's safe. Even if it is safe, even if I do feel like I can hug him and kiss him. I just think about all the other aspects of the relationship. Like, okay. You got the physical part back down, but, like, what about everything else? We have to get, like, those are that's what's important. But it's Cummings. I just need to have patience, which I have been, have time. And that's why I think I said, like, the him going to his parents' house will give me clarity, give me that space that I need to actually think without, like, you know, him coming up and going to leave and me kissing him like that it's a normal it was a normal thing. So, like, before when I didn't do it, it was a weird battle because it was, like, I was hurting him, not wanting to kiss him before he left for work. But knowing that, like, there was a part of me that didn't want to as well. So I think that yeah. Not I mean, I wonder, like, how to tell the kids, like, daddy's gonna go have a sleepover at Grammy and Rampies for a while. Like, I think that's something I need to ponder on a little bit more actually is, like, you know, how to tell them in a way that they can understand. And then my dad told me today that his girlfriend was going to make Christmas dinner at her house for her friends, and I was like, you can still come over. Like, people go to multiple people's houses on Christmas. You don't have to just do that. You can come over. And I could see, like, the hurt in his eyes, and I could hear it in his voice when he was like and I said, I won't see you on Christmas. She's like, I want him to know he's been with her nonstop every day since basically they got together. So I need to, like, help him navigate that. Like, so I think that, like, that's something I need to, like, get some private time to talk with him about, but that's something else I have to navigate. Anyway.",3,3,4,2,2,6,"The entry maintains a recognizable thread for most of the first section, moving through the kiss, the writer's feelings, and what those feelings might mean, but it contains many verbal restarts, fillers, and self-interruptions that make the flow feel effortful. Contradictory feelings about comfort, detachment, safety, and obligation are acknowledged with some nuance, yet the piece shifts late into new topics about the kids and the writer's father without strong transition and ends by trailing off rather than arriving at a clear conclusion."
"Last night, I had a kind of a weird dream where I was in, like, Thailand or something maybe. And somehow, I was at, like, a meeting about where people are gonna vote and stuff, and then I left, and I was in this, like, bus or van thing. And, honestly, I feel like I was probably gonna be, like, kidnapped or traffic or something because I was trying to get out, and I I ended up jumping out. And I took, like, this tube that was, like, for a propane tank. And I was like, well, it's gonna be my weapon. Like, no one's gonna mess with me. And they didn't, sure enough, but some people kinda did. And then I had to defend myself. And then after I had defended myself, they turned into, like they looked like children, and I felt really bad about it. And I was like, well, I also, like, I didn't want to, but why did you keep attacking me? And that's when I woke up, and I feel like it was just a reflection on how, like, how I see people, right, as as children and how I don't wanna harm them. But in that scenario, obviously, you know, self defense. But anyway. Okay. That was my dream.",4,4,4,3,4,3,"The entry stays on a single topic and unfolds in a mostly chronological, easy-to-follow sequence from dream events to brief interpretation. There is some cognitive load visible in repeated fillers, hedging, and minor verbal restarts, but the writer maintains the thread and offers a coherent integration of the dream's moral tension before ending with clear closure."
"Just that I feel like I'm not always really present with the people around me. I do love them, and I I feel like I make an effort, but there's times where I am distracted and maybe I'm focused too much on those times. But I wish I were just more present overall.",4,5,4,4,4,3,"The entry stays tightly focused on one concern and moves in a coherent sequence: noticing absence, affirming care and effort, then reflecting on distraction and a desire to improve. There is a mild contradiction between loving others and not always feeling present, but it is acknowledged with some nuance rather than expressed as a disorganized loop; the only minor clarity issue is the small repetition ('I I')."
"Last night, Lucas' parents and I had a conversation at the dinner table. He had told me that his mother had asked him if she thought there that there was was someone else or me. And I just wanted to create a new conversation because I don't want them to think of me in some type of way. So we're at dinner the table last night. It was just his parents and us, and I said, since we're all here, I would like to bring up that, you know, after Christmas, we will is when Lucas will finally stay with you. And she's like, well, that does provide you some relief, but I don't know why we have to do it at all. It's my I 

I explained to her that it wasn't just, you know, one area. It's finance, emotional help around the house, fatherly partner. Like, it is just all around. And he was there too, and he was able to express. He was engaged in the conversation. You know, we I had said that there's, you know, just different areas in our lives that, you know, we that needs addressed. And and I basically said, like, obviously, divorce has not happened yet because he is working on things. And his dad was like, I, you know, I don't want to see you guys divorced, especially because I know how much it would hurt, not just you guys, but also, like, the kids. But if it has to happen, and he didn't finish the sentence, but so and then his mother was also kind of, like, the same way. You know? And they were, you know, just giving their opinions, you know, and comparing it kinda, like, to their relationship, which I can understand, like, you know, how his dad does everything. And they basically said they wouldn't have been able to have as many kids if they both weren't engaged in not just the relationship, but also parenthood. And I said, yeah. It's true. But I I one thing that we didn't touch up on that I wish I I would have said this is was a great opportunity. And maybe it's because of their relationship, and they're an older generation. But, you know, it was more of, like, a what can I do for you? Like, you know, if they were saying about how Lenny does the the finances, how we did the housework, how he did, you know, all this stuff, it was more of, like, that's how they must show their love to each other. I saw myself saying the same kind of things of, like, you know, what can Lucas do for me? And I was like, it wasn't until later that I realized I didn't touch up on, like, actual love, like, the disconnect that I've been feeling. Like, when I hug him, I'm just numb. Like, I do feel his warmth. I feel his heartbeat. I feel there's a body there. And I do feel like his push to, like, his want me because he wraps his arms tight around me, like, obviously, like, he's never done before. But how do I know if the hurt is, like, the damage is done? Are you able to fall back in love with your husband? I don't know that. Is that something I want? Am I scared of it? Yes. I'm not in love with them. No. I have love for them. And I think that's the part that really is scary because all that other stuff I can do myself. I've proven it. But it's the fact that I don't have love. I'm not in love. And I want my kids to see that. I want them to know, like, this is what a relationship should be. This is how you should be loved, feel loved, not what someone can do for you because you should love them for who they are. And I feel like it's a very disservice to Lucas for me asking him to make all these changes. Because is that me loving for who he is? Is that me loving him for his potential? Is that me loving him for I'm trying to mold him? I'm confused by that. And that's something I didn't touch up on the table, and I wish I would have just so they got to understand me. It's not about, like, what he can do for me. It's just about love, the connection, the understanding, the emotional touch, the feeling that someone gives you. Like, I don't have that. I don't know what to do about that.",3,4,4,2,4,5,"The entry stays centered on one main event and its emotional implications, with a clear progression from recounting the dinner conversation to later reflection about love and disconnection. However, the expression contains many verbal restarts, repetitions, and syntactic tangles that reduce clarity, even though the underlying thread remains followable. Conflicting feelings about staying, love, duty, and fairness are explicitly recognized and partially integrated, and the entry ends on a clear unresolved question rather than simply fragmenting."
Hello,5,5,5,5,1,3,"The entry is extremely brief but internally clear: it contains a single, coherent utterance with no fragmentation, topic drift, or contradiction. However, it provides no developed narrative and ends without any real closure, so structural organization is high at the sentence level but incomplete as a journal entry."
"I'm driving home, and this is the best time for me to update my journal. And I'm feeling burnt out today. I had a very busy day. I think that, I managed, but I am on inpatient service right now, and it's very busy. The service actually isn't busy, but it's just very difficult to do my other jobs, while I have this extra responsibility. So it's challenging. I'm getting by, but I'm also in a little bit of a a rough time at work with losing a lot of staff and being short staffed already and losing more staff and finding it frustrating navigating a system that is not efficient. And I know doctor Sessions will know about the problems with VAHR, which is a slow process, and it can be very frustrating on either end, on the hiring end, and on the employee's end as well. So I'm starting to and then I have one employee who wants to change his shift, from this eight hour shift that we all have to a nine hour or ten hour shift. And I'm open to the idea it just does decrease the clinical availability. And I also the thing I don't like about it, which I know I'm recognizing in myself, the thing that bugs me about it the most is because I'm not eligible for that. As a supervisor, I am not supposed to have that type of shift. Although now I'm wondering maybe maybe I can. I'm gonna talk to my my supervisor to see if that's possible. Anyway, the yeah. Anyway, I just got distracted because I'm excited by that idea that maybe I could do it too. And then the so, anyway, I got frustrated with him because I I recognized in myself that I was not that I was annoyed by this request because I'm not eligible. And he you know, I just made some comments like you're gonna have to stay until five if you change your shift, and I see that you usually leave around three. And, anyway, it's the same pattern that I fall into frequently, which is that I feel like I'm very accommodating to people and have been very supportive. And they get snarky. He was mentioning that he had more flexibility at Banner and was used to being treated like an adult, which my interpretation is he is implying that I'm treating him like a child or not treating him like an adult, and that did not sit well with me. So I'm having to sit with that. I know that's coming from me, and it's coming from my pattern of years and years of feeling like I give my all and being accused of not not doing that. So that's a me problem that I'm working on, but, but still, it's it's difficult. It's difficult for me to navigate, especially this is somebody new that I'm getting it from. And, anyway, it's just it's just my own challenge. And so in addition to feeling kind of, like, tired and burnt out trying to get all my work done and then having that extra kinda nudge really does push my buttons. So I'm feeling tired and frustrated and a lot of different feelings. And, you know, it'd be nice to come home to be able to talk to somebody kind and warm about it, but I know I don't have that. So that's why I'm calling you, Empath. So, anyway, thank you for listening. And I am going to try to check-in more because I think it does help me probably. And, it also helps doctor Sessions help me recognize my patterns, which are often similar. So, anyway, thank you, and good night.",4,4,4,3,4,4,"The entry stays largely centered on work burnout and a specific staffing conflict, with digressions returning to the main thread rather than fragmenting into unrelated topics. There are noticeable speech-like repetitions, self-corrections, and filler phrases that reduce clarity somewhat, but the writer maintains insight into their reactions and ends with a clear reflective close and intention to keep checking in."
I just walked 2k steps (part of my 4k goal) and feel good! Happy to prioritize movement and accomplishing towards my overall goal.,5,5,5,5,4,1,"The entry is highly coherent and stays tightly focused on one clear topic: progress toward a movement goal. The thoughts connect smoothly, expression is crisp and complete, and there are no contradictions; closure is good though brief rather than deeply reflective."
I’m new to this,3,4,5,5,2,4,"The entry is extremely brief but structurally clear: it presents a single coherent statement with no fragmentation, contradiction, or cognitive clutter. However, because it is incomplete and offers no development or closure beyond the opening phrase, narrative organization cannot be strongly established."
"Well, here it is. On my way to Uniontown to go see Jane. Had another talk with my wife before I left because she could tell something was wrong. And I told her exactly what I was feeling. I told her I feel like we have nothing left.",5,5,5,5,3,2,"The entry is highly linear and tightly focused on a single unfolding event, with each sentence clearly building on the previous one. Expression is crisp and coherent, with no fragmentation or contradiction, but the narrative remains open-ended rather than fully resolved."
This sounds like it could be very helpful for me.,5,5,5,5,3,2,"The entry is extremely brief but fully coherent: it contains a single clear idea, no fragmentation, no topic drift, and no contradictory material. Because it is only one sentence, there is limited narrative development or closure, so closure is only partial rather than full."
One thing I hate is it took me too long to realize what my wife needed and needs,3,4,5,4,1,4,"The entry is focused on a single clear idea and is expressed in a straightforward, understandable way, so topic focus and clarity are relatively strong. However, it is only a sentence fragment and ends without development or closure, which limits continuity and makes the narrative feel incomplete rather than fully organized."
"Hello upon talking to my wife here a little bit ago she's still uncertain what she wants in a marriage whether it's to stay with me or to leave me when she gives me the feeling that she's leaning more towards leaving it hurts to hear say that cause that's what she said. She said honestly right now she's leaning more towards not being together. That's not what I want but if that's what she wants then OK, I'll put on a sad to your field smile and I'll leave. I just really really hope there's a way so we can make it happen. I hope she can do 180 and just wanna stay with me if it's a case's heartbreak you're so fucking hard. I don't want heartbreak I want happiness liquor times like right now I just I don't wanna beat the fuck out of myself for being so stupid. I want to go back in time. Beat the fuck out of myself for being a dumb ass pushing myself into getting help. I told her tonight I said why is it that seems like I'm finally getting to that spot where I'm you know I'm finally at the spot where I can understand things and you connect the dots and make sense of this stuff. I finally get to that point and you're like piss on what I'm done I give up. I know it's hard. She said she doesn't wanna leave me because of this but at the same time though she doesn't want she wants to leave me because of that so it's like I just say I don't know what to do. It's tearing me up inside important me Siri do you say fuck it and end it not just the Marriage but myself, but I can't. I can't. I love her too much to let her go. I don't wanna let her go but I feel that's what it's coming to so as much as it's not what I want that's what I'm preparing my heart for so when it happens, it's not gonna be as bad. She's like we talk about our relationship and stuff almost every day and it just makes things harder. I said OK I said I know I started this medicine to where I can. You know I said now I can't open up about an express things. I said it pushes you away but me not talking about it. Don't it pushes you away too, so I just I've hit a loss I want a point where I just wanna like I said and everything but I can't he I'd be so fucking easy. I'm getting mad thinking about it. God oh God I hope this marriage lesson works. It's all I want. I'll give up my goddamn right arm right now. If that's what it takes to keep this marriage if she needs her heart transplant right now I wouldn't hesitate one second and tell him take mine. The kids need their mother they can do without a father. It's harder to do without a mother. I wouldn't even hesitate. 

I wish the god almighty up above, creator of heaven and earth, could give me some type of a sign. Yes. I know that sounds like me being greedy or whatever, but it's not. Just a simple sign. Yes. We're gonna make it. No. We're not. Figure out what I'm doing. Do I need to start letting go and put my wall back up so I don't get hurt again? Or do I just continue and fight because she's gonna come around and we're gonna be together forever? I really hope that's the one it is, but what I hope for and what God almighty wants are two different things. It's God, Lord, Jesus. I just want some type of a clear answer, whether it be a dream or a nightmare. I don't care as long as they tell me that there's chance for a marriage to work or not. That's all I need. That's all I want. I am selfish. I'm greedy. I'm an asshole. I get it. And I know you can see the tears running down my face as I'm saying this stuff, But it's true. I wanna grow old and die a happy man with my wife, Stephanie Abbadini , beside me. Grow up so we can see the grandchildren  together and have fun. Am I asking too much? Is that what it is? I'm asking too much? I mean, I feel like I barely ask you for anything. So that's why I have such a hard time with this. Somebody who rarely asks you for help. And I'm not saying you're abandoning me or that you did abandon me by any means. Just that's the way it feels. The feelings and reality are two different things. I know that. So if you could just give me some type of a sign that we're gonna get through this or not. Got the best day. Be fantastic. Either way it goes, I'm okay with. And remember, babe, I love you forever and always, no matter what.",3,3,3,2,4,6,"The entry stays centered on the marriage crisis and plea for certainty, so there is a recognizable throughline, but many sentences run together with abrupt internal shifts, repetition, and fragmented phrasing that weaken continuity. Contradictions are partly acknowledged—such as wanting to fight while preparing for loss, and distinguishing feelings from reality—but they are not fully resolved; the ending does provide intentional closure through a direct plea and statement of enduring love."
"So I just left my parents house and my mom was asking me if I had talked to my wife about stuff and stuff. My mom looked at me and said do you think she could be all around on you? I said could she be absolutely do I think she is no I really hope she's not. I don't believe she is. You know some of that goes with my trust issues that I've had from my ex so I trusted my wife would not do that. I miss something that I need to talk about I told my mother like you know that thought did cross my mind. You have a lot trying my best to be understanding and support and trusting everything else that goes with that it's time to wear. It's hard because of my best you know I've had more than one girl in the past, the one that I heard the most was the girl I was engaged to, but there was another one before that before so I've had like three or four girls cheating so I mean that could be part of the reason why I have I guess such shitty thoughts towards that because it's happened to me so much and you talking about this just now I never put together with that not until just now to that click I mean is it possible option? Anything possible do I think she is? No, I don't. I believe they knew what we still have. The rings my fingers that that will be an issue divorce way, but I don't think he'll take her long to attract another government or to find another guy that she's attracted to because you seen her she's I've always thought that too stupid tell him that's like three hours on the phone with her on my way to my VA appointment and she was starting to make dinner and stuff she has oh wow that looks really good and I saw yeah she is yeah I said as it look as good as you and she's like that was cute. Trying to be cute. I'm trying to express it to you. You know how I see you how I feel about you. I've been shitty husband. I get that. I'm just hoping I changes aren't too late last night when she got home, she got out of the car damn look at the shit on that critter. She's like I see you heard me I said look at this shit on the critter porky things that I'm noticing her. It's like the other night they were sitting on the couch while I sat down by the couch I said is it OK if I sit here she's like we were talking very loud because of the kids having a hard time here so I believe closer and closer practically way on top of her she's like close I said I can move. She's like no it's OK but I was just trying to hear what she was saying, but at the same time, though I wanted to sort her leg I almost and I mean almost active grab your foot put it in my hand something that I've never done for just to show her that she didn't have to ask for how many things like that I wanted to do. I was just battling my demons because you do that you're gonna get hurt or you did that you got hurt so I can really see a huge change of myself and she seen it too. I just I just wanna lay in bed beside her and just cuddle her or sit on the couch and watch a movie. I don't won't be OK so I don't want we currently have I want what we originally had kissing snuggle on the couch watching your boobs I was just to close mine and all that before because I didn't see the point and now I see it and it makes sense and I want to do that with them like I said in here before I think I might not have been your first kiss I might not have been your first love. I might not have been her first partner I might not have been your first hand might not have been your first anything but I wanna be your last kiss. I wanna be your last hand. I wanna be your last I wanna be your blast I want to be your last because I love you.",2,2,3,2,3,7,"The entry has a partially traceable core thread about trust, fear of betrayal, and desire to reconnect, but it frequently drifts through abrupt shifts, malformed sentences, and unclear referents that disrupt continuity. Contradictory feelings are somewhat acknowledged—he fears being hurt while wanting closeness—but the integration remains incomplete, and the ending provides emotional closure without fully resolving the scattered structure."
Something im angry about: the holidays. Last year i went to five Christmases. This year i've negotiated it down to three. And it won't be easy with my brother coming into town from the army. Jeezus. I'm worried for that conversation,4,4,5,4,3,3,"The entry stays on a single clear topic and moves logically from frustration about the holidays, to comparison with last year, to this year's plan, to concern about an upcoming conversation. It is somewhat brief and ends on an open concern rather than a resolved reflection, but it remains coherent, focused, and cognitively clear throughout."
"With every day that passes, I look at my wife with more love and hope they can see her eyes is getting softer, but at the same time her brain is staying hard. I'm not pushing her. I'm not forcing her. I'm giving her the chance to do and say the thing is that she wants I really thought tonight we were gonna kiss. We were so close last night. She let me give her a kiss on the cheek. It's been almost a month then I want nothing more than to hold her in my arms while I sleep I love her. I really do. I just hope you can see the changes I'm making are here to stay honey. I love you.",4,4,4,3,3,4,"The entry stays tightly focused on one relational theme and moves in a mostly coherent sequence from observation, to restraint, to hope, to longing. Clarity is somewhat reduced by run-on phrasing and grammatical compression, but the thoughts remain connected rather than fragmented; the tension between hope and her continued emotional hardness is acknowledged without becoming disorganized. The ending feels emotionally direct but only partially resolved, since it closes as an appeal rather than a fully concluded reflection."
"And i hate prediction markets, like wtf. No one thinks this is a good idea.",4,5,5,4,3,3,"The entry is very brief but structurally coherent: it stays on a single topic and the second sentence directly supports the first. There is no contradiction or fragmentation, though the informal phrasing and abrupt ending limit closure and depth."
Fuck yes to piracy,5,5,5,5,4,2,"The entry is extremely brief but fully coherent: it expresses a single clear stance with no fragmentation, topic drift, or internal contradiction. Because it is only a short exclamation rather than a developed narrative, closure is slightly limited, but structurally it is highly organized."
"I'm not looking forward to this week. Literally hell week. Meeting after work tomorrow, they dont provide food, we gotta sit there for TWO hours. And friday's an early release day. And we can't use the cafeteria because they're having a dance in there at 5:30",5,4,5,4,3,3,"The entry stays tightly focused on one coherent theme—dreading the upcoming week—and each sentence connects clearly to specific complaints about scheduling and logistics. There is no contradiction or fragmentation, though the piece is brief and ends without much reflective wrap-up, so closure is only partial."
Oh shid whadduppppppp its ya girl. Sitting here eating STEW on a Mondayyyyyy,4,4,5,3,2,4,"The entry stays on a single simple moment and is easy to follow, so continuity and topic focus are relatively strong despite its brevity. Cognitive clarity is somewhat reduced by playful distorted spelling and informal expression, and there is little narrative development or closure because it ends as an opening remark rather than a completed reflection."
"Yesterday was Sunday. I called Lucas in the morning to wake him up and see if he was going. He said he didn't know. I told him this is the one Sunday that I kinda need you to go because they had a women's event after that I wanted to go to. So for him to take the kids after church to his parents to be able to watch them, was what I was anticipating on, and I told him that earlier this week. So he just said, okay. And then I continued to get all the kids ready. And when I came downstairs to get ready and leave, he was not up there or ready to go. So I just took the kids, and I went to church alone. And once I was in church, they did the announcement and that the women's event wasn't until 01:00, and church got done at twelve. So it kinda worked out. I called Lucas' parents to see if Remy and Riley could come there if the kids could come there while I went to this, and they, of course, said yes. So they went there. I grabbed them lunch. They went there. I went to those women's event. Then after the women's event, I took them to cheer. And from cheer, then I went to Walmart and got some groceries. I picked up some potpourri. So I ended up instead of coming back home or being able to go to the gym, I just stayed with his parents, and I made potpourri, like, for his mom and for us here at home. And then I picked them up from basically, picked them up from cheer, and I sent him a text message that said, can you pull out some ground beef? Because then I'll just make dinner when I get home. That point, he needed them to be, like, seven, 08:00 by the time I got home. When I walked in the door, there was stuff picked up off the floor. Dishes were done. We all carried in groceries. He already had Remy's lunch packed. And he said had I known that you guys were needing to eat, I would have made dinner too. But, anyway so I did recognize him for each thing that was done. I do think there was even a load of laundry that was done. And he helped get the kids, you know, told them to get in bed and make sure they were eating. And then at one point, he came over and, like, sat beside me on this couch. He didn't pick up his phone or play on his phone at all that I saw. And he comes over and he sits beside me, and then we start talking. And I just feel so confused because he does these things, and then that's when I have the hope is whenever he does all this. And then I'm like, of course, why would I leave someone like this? It doesn't make any sense. He's being emotional. He's talking to me. He's wanting to cuddle with me. He did housework. Like, why would I wanna leave that? But then I look at reality, and I look at it. It's not just a day. It's a whole lifetime of stuff, a whole lifetime of problems. I can't just I mean, I can forgive, but, obviously, I can forget too. But it's just so hard to balance those emotions of what he claims is past him and what is the future. So this morning, I hugged him, and I told him, just don't set too high of a standard for yourself because this is where I, you know, start seeing the this is where I start seeing him digress is when you start putting too much on yourself for setting a too high standard, and you can't keep up with it. Only do things that you can actually keep up with. I just feel so confused.",4,4,3,3,4,4,"The entry follows a largely chronological structure with clear transitions from the day's events into relational reflection, so it remains easy to follow despite some repetitive phrasing and minor sentence-level clutter. The central contradiction—hope based on his current behavior versus the weight of a long history—is explicitly recognized and partially explored, but it remains unresolved rather than fully integrated."
Hello,5,5,5,5,2,2,"The entry is extremely brief but fully coherent: it contains a single clear utterance with no fragmentation, topic drift, or contradiction. However, it does not develop into a narrative and offers minimal closure beyond the greeting itself."
"So who didn't go to church today with the wife and kids instead I stayed home and done so I burned the garbage cleaned up the floor vacuumed a little bit did the dishes and it is now almost 7 o'clock and they are still not home yet which is OK she called me twice when we talked message each other a couple times on Snapchat. Hasn't really been a whole lot of contact between the two of us today, though, but hopefully when she comes home and sees the flooring stuff, she'll be happy at least feel a little more relaxed, but we will see.",4,4,5,3,3,4,"The entry stays on a single coherent thread: staying home, doing chores, noting limited contact, and anticipating the wife's reaction. Structure is mostly organized, but the long run-on sentence and awkward phrasing reduce clarity somewhat, and the ending remains open rather than fully resolved."
"So last night me and my wife were talking and I was telling her exactly how I feel about things and yeah, like how yeah we to maybe do this or do that talking about like make one of my parents to stay in and I was an him still nervous and worried But like I said before what can I do? I'm trying to do the things that I can do to make things better for me and for us and there are times that I feel like it's not enough or that I'm pushing her away and I am scared. I'm nervous anxious Last night. I did feel a little depressed so yeah, I'm a little confused still but I have discovered the difference of my need and want and I can honestly say and positively say that I don't need my wife. I want my wife and yeah last night when we talked about so much stuff And told her about how she is after yet we would do things or for lack of better words do the deed next day she would always be all pissy and mad at me and blah blah blah blah blah you know like I can't do anything right again yeah but then before that when she was wanting it, she'd be a love towards me and like huggy and Kissy Then we do it and it should be the complete opposite but then last night she told me she goes well that's the same with you. She goes you would do things to give me to feel that way and then she's like it's like you'd get what you wanted from me and then go back to not doing anything And she used yesterday as an example because yesterday morning I woke up to her calling me and yeah, she started on me instantly about Remi and Riley, and yeah, then Remi went outside with Robert Reagan came in. She's flipping out on me about that because they were out there by themselves Yesterday morning. I felt like I did matter what I did it was right and that feeling kind of stuck with me the rest of the day I honestly was trying I mean more so after some other things about me not helping her stuff and making her mad last night in the car she goes well OK so please tell me What did she get so this is what I saw from you. She goes you didn't do this when I called you and Ashley she goes then let the kids go outside by themselves without you she goes and then they come in and yeah you're doing this and yeah then you came upstairs and she goes he laid out she goes. I was putting laundry away she goes then you came upstairs laid on the bed and we're talking and then he started falling asleepand I started to get mad because if that's what you were gonna do then just go downstairs and I told her I said I'm not trying to. I just can't help it and she goes one tired too. I had to work today. so she told me if that's what I was gonna do to go downstairs she got the kids ready for the cheer competition showcase thingy. I got the diaper bag ready jackets cheer bag you know make sure all that shit was packed up ready to go, but so she like she goes through if she's explaining everything to me last night she's like you know this is what I saw or this is what I did. This is what I saw from you. She goes am I misinterpreting anything and I looked at her I said that's exactly what happened. I said I didn't do a damn thing and she's like no she goes you made him hot she goes you did you did that? I said no I said I don't do a damn thing but she goes. I'm not telling you this stuff to make you feel bad she goes. I'm telling you what I see and I go you saw exactly everything everything you saw was true. I did very fucking minimal while you did everything else. Yeah that was part of the reason for my depression last night and I did have the feeling of feeling hopeless and worthless, but I went to sleep. and I slept according to the time 10 hours I haven't looked at my watch to see, but yeah and part of that because I didn't go to church today which is something else that kind of upset her made her mad and stuff because I didn't go, and I'm part of the reason I didn't go is because the way I was feeling last night but I'm feeling that way I don't wanna do things. I'm still kind of feeling that way now and I still wanna do things, but I'm forcing myself to do things here at the house. I still just feel like it does not matter what I do. It's never gonna be good enough for her and it scares me so yeah, I'm still confused. Walking on eggshells cause I don't wanna push her away I'm also walking on eggshells because I don't wanna do things that I wanna do to push her away either like last night sitting in my parents house she was on the couch and I was sitting on the floor right there beside her. I just stared at her and all I wanted to do was take my hand and put it on her leg and just rub it a little, but I didn't because I'm scared that if I do that kind of stuff it's gonna push her away but by not doing that stuff I'm putting her away so it's I don't know. I really hope we can make it through this but if we don't, we don't, it's like I still tell her. I love her before I leave for the phone here lately. Her responses back she says back, but they just feel empty. Make sure you're saying it to say it make you feel good because I said it explain to her that's not how it works. I am saying it because that's how I feel I do but I feel like she's just saying it out of habit or you know subconsciously not realizing it and there's just no meaning to it but anyway try to pick up the floor stuff so maybe we could decorate the tree tonight",3,3,3,2,2,6,"The entry maintains a recognizable central thread about conflict with the wife, self-doubt, and the prior night's conversation, but it is frequently disrupted by run-on phrasing, embedded quotes, repeated fillers, and abrupt returns to earlier points. Contradictions are somewhat acknowledged—especially around wanting closeness while fearing it will push her away—but they are not fully resolved, and the piece ends by trailing into a practical task rather than reaching reflective closure."
"The journal in a couple days but yeah, go back a couple days the other night talking about the Wife needing her release or whatever that if that's what she wanted it was her choice she could come down I would be more happy to and I was really surprised when she did come down And you know we fold around. We did the deed for each other and then she laid there for about 20 minutes on my chest or longer I don't know. I just run my fingers through her hair while she was just laying there and it felt so good when she was worried about meshe goes are you OK? I said yeah and then she eventually went upstairs and went to bed. I rolled over and went to bed and yeah, it was a good time. It was a lot of fun. It was a moment that I did not want to end.",4,5,5,3,4,3,"The entry stays on one clear event and progresses in a mostly chronological way, with adjacent thoughts remaining connected throughout. Clarity is reduced by run-on phrasing, minor grammatical confusion, and compressed wording, but the narrative remains understandable and ends with a clear emotional conclusion rather than trailing off."
"We did end up being intimate last night, oral only. Surprisingly, we didn't kiss. He let me have the decision whether to or not & i did go down to the basement to him. I was more reserved during. It was nice in the aspect of it was my husband & I was comfortable with him but there was also this odd sense of disconnect. It was me taking the lead, which I understand this time but per usual I said it's fine you can take over now. I feel like I have to control & make all the decisions for the house-this should be one area where I don't have to but yet here I am or rather there is was. I made sure for him to understand this doesn't mean things are okay or back to normal. That is something that would have been done in the past. He did play with my hair after but honestly it wasn't like ""omg c he's playing with the hair"". It was nice but also I was so confused per usual. Why? There was apart of me, the majority of me to just pull away but I didn't. He was looking at me while doing it & I was just watching the tv, laying beside each other. This isn't who I would want I could care less about what is on the tv. But I'm scared. Scared of loving him again & ending right back because I have let myself to that all too many times.. I finally feel like I am the most peaceful & free of it.. Idk what past & what's present anymore. He is using these words. Lucas is actually using words & feeling his emotions but yet at times his actions aren't quiet there yet.  He is saying he is this new person but it's only been 3 weeks. This morning, well the past 4 mornings I've had to call him to wake him up.  Today, I was working overtime  so I called him around 9, because all the kids went downstairs & i didn't want them to get into anything. 15-20 min go buy & Robert comes up saying something, I asked if Lucas was down there & he said no. So I called again, still nice.  & he came up. A few hours later i finish at work but fell asleep in bed. Remi comes up from being outside asking me to put her gloves on. I ask where daddy is & he said she didn't know then she told me she was playing with the neighbors.. I called Lucas & he was in the bathroom. I was a little upset because I am working all this overtime, I'm tired fell alsleep & th kids are outside alone playing in the slow.. he said he didn't even want them to go out & I said toy would rather them be in the house playing on an electronic or getting into things?  I was a little upset when I was talking to him because of that, frustration. Why couldn't he just go out with them? They can't be outside alone..",4,4,4,3,3,4,"The entry is largely organized around two clear threads—sexual/emotional disconnect with her husband and frustration about his follow-through with the children—with mostly coherent progression inside each section. Contradictions are explicitly recognized and partially integrated (comfort vs disconnect, hope vs fear, words vs actions), though not fully resolved; clarity is somewhat lowered by grammatical errors, hedging, and a few confusing phrases, and the ending remains open rather than fully closed."
"I'm catching up on my drive home, and, I do have a situation to update, which I think well, anyway, I'll summarize at the end that it's a little bit of a win and a little bit of a frustration, a hurtful time. But, anyway, yesterday, Marcelo and I went out to our gym had their holiday party, so we went and just had a quick bite and had a glass of wine there, which was nice. He was pressuring me to leave because he really didn't wanna be there that much, but he agreed that he would go with me for a short time and which I was grateful for. But then, you know, after half my plate was done and he was done, he was, like, rushing me to go. But, anyway so he was telling me that he has a meeting this weekend, which I knew about a a conference. And so he told me that he wanted to invite one of his colleagues over for drinks for Friday night. This was on Thursday night, and he called and said we were out. And on Friday, he's like, I'm gonna have one of my colleagues over for drinks on Friday night. And I said, okay. Sure. I mean, I already had plans with my group, so I wasn't gonna make it. But I was like, okay. Yeah. That's great. And then he said, yeah. And then I might have a few people over on Saturday. And I said, oh, okay. Well, in my view, he's gonna be at the course all day. And and I'm on call this weekend. So he he said, oh, yeah. I'm gonna have a few people. And I was like, oh, okay. Like, oh, so you wanna have a party Saturday night? He's like, not a party. You just wanna have some people over. Well, I mean, sure. Sure. Do you want me to make a charcuterie plate or I can get things ready? And he's like and he just kept saying, don't make such a big deal of it. Why are you making such a big deal over it? It's not a party. And I was like, okay. Well, I'm just saying I can I can do it? I I can help, and I'm trying to help, but just let me know what you want. I can make charcuterie if you want us to order food. He's like, was just gonna order pizza. And I was like, okay. I'll order it. Just you know, we might as well have something nice. I'll make it nice. If we're having people over, I'd rather make it nice. And he was so angry. He was like, I don't know why you're making a big deal out of it. This is not a big deal. All I said was gonna have people over. I don't even know if I'm gonna have people over. I don't know why you're making such a big deal out of it. And, literally, all I was trying to do was to help. And, finally, I was just I was starting to slip into this, like, I don't know, getting triggered, I guess. And I just really tried to separate myself and think about it. I'm like, honestly, I'm really just trying to be nice. And for some reason, he is getting angry at me about it, and I don't know why. And I tried to, like, understand why, and I'm thinking maybe it's because he feels guilty about it. I don't know. But, honestly, I I think I'm pretty nice to for him to throw these things at me. Maybe I'm getting I don't know. He for him to throw these things at me and say, I'm having people over. I'm gonna have a party. Don't make a big deal out of it. When I'm offering help and be nice and first of I'm not mad. You know? I'm like, this is kind of a lot to especially in the holiday season. I'm on call. He's gonna be gone all day. It's a lot to ask. Okay? That's maybe why he was getting all worked up about it. But instead of just being grateful and saying thank you for being understanding or I whatever, it's just he gets angry at me, and I don't understand it. It's very unpleasant for me. And I was really just thinking last night, like, why would you get mad? Like, I think I feel like the normal response with for a normal person would be to just be grateful or say I'm really sorry that I'm putting this on you, that on us. You know, would it be okay? He didn't ask me would it be okay. He just told me that he was planning to do that. And I don't know. I just I guess I need to stop comparing with what a, quote, unquote, normal person would be like. Be but the the reason why I do that is because I feel like, what's wrong with me? Like, why am I getting upset about it? Why is he mad at me? Like, what did I do wrong? I don't know. Am I making a big deal of it? I don't know. So, anyway, he said, I don't know. And I I honestly I just dropped it and ignored it after in the evening because I'm like, I don't wanna ruin this evening. And the night before, we had already had not a bad night, but there's we have a difference in our opinions of our nanny right now, and he's really not happy with her. And I agree she's not perfect, but I've had such a difficult time finding somebody. And she's had she does have good qualities, So I'm fine with keeping her and just continuing to give her feedback. Anyway, he right before we went to sleep, the night before, he told me that he wasn't. She wanted to make some changes to her schedule, and I was actually okay with it. And he told me that he doesn't think it's a good idea, and I don't support it. But or I don't think that's gonna work out. I don't think that's a good idea for us to accept it, but if that's what you want. You know? And so I had a bad night sleeping because and I woke up, and I thought, you know, I don't want this to be a source of conflict for us. Anyway, I talked to him about it in the morning, and he was like and I said, I don't want this to be a source of conflict. If you're really uncomfortable with her, then then I can let her go, and I can find somebody new. And he said that he knows it's really hard for me to find somebody new, so he's willing to see how it goes. So that that was good. But, anyway, it's just too bad two difficult nights in a row. It was like and and definitely wasn't as bad as we've had it. Like, it still improved. But, anyway, then this morning no. No. No. This evening, he called me after work and said, he actually decided he does wanna have people over. It's gonna be about 10 people. And so so we can talk about what, how we're gonna manage that or whatever. And I think well, anyway, I'm glad he's calmed down about it. But, you know, I just like, where are your people skills with the people that you love? I just I just have to take his anger that he had last night. I just have to take it. And then today, I just have to be fine about it. And I'm choosing to be fine because I don't wanna add on to conflict, and I don't want it to be a fight. But it's challenging. It's challenging.",3,3,3,2,3,6,"The entry maintains a broadly traceable thread around conflict with Marcelo, but it is repeatedly disrupted by restarts, filler phrases, temporal corrections, and looping returns to the same grievance. Topics are identifiable—the party conflict, the nanny disagreement, and the later update—but transitions are messy and the speaker circles uncertainty rather than fully integrating conflicting interpretations. The ending provides partial closure by summarizing the current stance, though emotional and interpersonal tensions remain unresolved."
"So just a little bit about my afternoon I got the kids ready took off my mom and dad's and I needed to go to Morgantown to get done so I didn't know they had a timeframe. I got there 3 o'clock. They're like yeah it's too late we can't get in. We quit drawing 130 because the pick up guy comes between two and 230. They said they'd be sitting in the fridge too long, blah blah blah so needless to say I spent 45 minutes at the VA trying to figure out about how to get this done if there was way I can get it. They gave me an option. I sent a message to my care team to see if they could schedule for me on Tuesday to have mental health results in the system. Do all that drive up to King Winter to buy water for chickens because the one I have it's continuous, but it doesn't work with the water so I got the other one that I originally started and I can't get it to hold water container so they had one on sale for four months with a top of the water nicely. Take a gallon of water down every day or so And it'll sit on the eater base that I have for water so this way they have drinking water that is gonna be ice on my way out trailer. They were actually pretty decent dump trailers for price 10,000 pound trailer with the barn style and tailgate style, which is what I like. It's a 6 x 12 comes with ramps and it's $7500 which I didn't think was a bad price considering most people want for a 5 x 10 10 K dump trailer price and at that point always called me and I was talking with her as I was on my way up to Walmart to try to get something top secret but they didn't have it and I was like OK well I gotta get going to go to UPS to drop your stuff off anyway that me and her were on the phone and that's when we were talking about everything that we need to have Sexual desire and like I said the last one OK with she doesn't even have dinner as long as she use her hand, oh my God I love your soft hands on it so I left there. Walmart went and got her returns. Done at the UPS store. Left Morgan in town went to Waynesburg Picked up Remi and Riley and went to Walmart with him and we bought some health cereal and he got to pick out a little toy. It was on the clearance rack five bucks each so they're happy and then I got some paper plates and some forks and spoons for us. So this way try to help save on some dishes. Try to make things a little easier for the wife paper plates are a hell of a lot easier so me Remi and Riley had a lot of fun at Walmart together. I only had to threaten me a couple times with putting her on the Bug if she didn't listen For the most part she was pretty good, which made me happy now we are on our way home I gotta stop by Dollar General before I get home and grab my wife a couple blocker peppers because she wanted some. I forgot the Walmart so now Dollar General bound then go home. Eat some dinnermaybe have her for dessert wink wink wink wink, but I'm almost to Dollar General so I'm gonna end this and we will pick up again later maybe she thought about it and she wants to do what we talked about. I'll let you know either way I'm OK.",2,2,5,2,3,7,"The entry follows a rough chronological thread, but it contains many abrupt shifts within sentences, run-on constructions, and loosely connected digressions that make the flow hard to track. Topics are identifiable (errands, chickens, trailer, phone call, shopping, family) but bleed into one another without clean boundaries; there are no meaningful contradictions to integrate, and the ending provides only partial closure by stating the next stop before trailing into future possibilities."
"So where to start so my wife called me a little bit ago about getting a couple things from Walmart. Talk about dinner and what not all that stuff and she's like I'm craving something but I don't know what then she's like. Oh wait I know what it is, and I said what she said a Dr Pepper OK she goes. Will you get me one when you come home? OK I said one Dr. pecker she started laughing, kinda giddy and so we talked about it for a little bit and I told her I said if she really needs that kind of a release that I would please her Without sex and she's like we have but what would that do you know like between us this it's just complicated not really I said it's only gonna be complicated if we make it complicated F giving your release orally is what you need. I would be more than happy to do that With no expectations or anything in return you know I mean like she said we are still husband and wife and we do have needs and I told her I said I would gladly do that. Take care of your needs. I'm quite fine with pleasuring myself so I told her It's completely up to her if she wants you to happen because I made the comment as if we were living in like an apartment building or whatever I said, you know I said there's this really cute redhead lives a couple floors up from me so I was thinking about trying to get her phone number so see if maybe she wanted to hook up or something And she's like ha ha I see you got jokes I said maybe I said if she wanted to we could meet the lobby and she goes. Oh aren't you just a funny one now you know we laughed. We talked about it. I told her I say that something you need. I don't have a problem fulfilling that I can do it with nothing in return you chose to do something that would be on you. I'm not forcing you to do it so if you wanna get off and then all of a sudden OK, throw me down on the couch or start sucking my cock until I blow That's you you did. I'm just trying to help you with more solutions or way of solving problems I mean come on you're my wife. I'm honestly in tell you you're not my wife. Nothing else. I'm the sex guy or something so if you would happen to or if we happen to divorce Crazies and sounds, I would just have one request and that one simple request would be I wanna have sex with you and everything every day as if we were married like we were before until divorce is finalized like I said it sounds kinda goofy or whatever but I got a reason for that Reason is to give you what we could've had for the next 4050 years just one May have one simple request. Have sex with you every day until the divorce is finalized not just sex. I'd like to make it screening force possible. A simple fact of you know it's what I been hoping to you for the rest of my life it's kind of funny the more I talk to this thing about this stuff The easier it is calm and comfortable I feel but at the same time, though I'm still scared to death to lose you, but I'm also OK with it if I had to I really thought and I really hope to be your last everything I saw it somewhere or something like that. It said I might not have been your first kiss I might not have been your first love I might not have been your first date. But the one thing I want more than anything is to be your last kiss your last flow your last breath and I really really hope we can pull through this so that I just want us to be a family. I already told you I know what I want. It's not what I need And want is you I want to be your last kiss I want to be your last I want to be your last breath I want to be your last hand. I want to be your last everything and I'm just hoping it's not too late for me to show you that Because when I say to you the words, I love you. It's not out of habit. It's not out of reputation not out anything but love so I say I love you I mean, I love you. I'm just going through even even said so yourself that and this is what you keep or if you don't disagree or say anything it must be true. You know looking back at that stuff now it's not true. I just need to know when you piece of clothing or whatever and ask me how it looks my body was screaming. Tell you what was on my mind But I couldn't. I bought his literally screaming at me telling me tell her she looks good because it's not a lie you do, but I couldn't. I mean, I could honestly say that even after Riley when you were most disgusted with your body because you said you were the biggest you've ever been, we talked about that I didn't see it. I didn't see your signs. I saw my wife mother of my kids a woman I'm married. I just hope that it's not too late. I hope that we can get through. I hope that our marriage is strong. I hope we both learn from this. I know I've learned a lot and the other thing I would hope that if you start to see me changing back into my old ways That you would say something before not at the time so that way we could figure it out again or if that would be the final strong finish the final I just want you to know, though I love you so much. I've always loved you. I just never been able to express it the way you needed or wanted and I can't apologize enough for that so that's why I really hope that we can get through this. I'm gonna even start praying. Pray every night illness are praying that we get through this that we make it that we are stronger so I do. I love you Fiber of my body.",2,2,3,2,3,7,"The entry maintains a broad thread about the writer's marriage, but it frequently wanders through loosely connected subtopics, with long run-on sentences, abrupt pivots, repetitions, and unclear phrasing that make the flow hard to follow. Contradictory feelings about sexual boundaries, divorce, fear of loss, and acceptance are somewhat acknowledged, but not fully synthesized; the piece ends with a recognizable emotional conclusion, though many threads remain unresolved."
"So yesterday I got some sleep woke up to my wife calling me at 11:15 that was great. A couple hours of sleep felt good woke up and I go upstairs cause she said that the baby needed changed and she was working so I went up changed the baby and I was like hell I don't have a cereal so I got a bowl of cereal and kids said they wanted some too. OK I gave him some cereal. I'm sitting there eating my cereal life comes in. She's all excited you looked at her. She's like I don't know how to say it and then she's like I don't wanna say I'm like at this point. I'm kinda excited. I'm nervous. I'm scared anxious because the way she was acting was the same way she was acting when she found out. She was pregnant so I was like oh dear God, she's pregnant and as she has, I'm thinking that I'm thinking to myself You once last time we did anything and she finally looks at me and she was like OK fine she goes. I'm horny. I was like OK. She's all close to me like hugging me and stuff and she's like it's gonna make things complicated because you if we do this then you know I don't want to make it seem like things are OK between us you know and you quit like working on your changes and stuff and she's like but at the same time that we are still married you know we are husband and wife and we both have needs And I looked at her and I said look all the physical stuff is in your court so if you want this to happen, it's your decision. I said I can tell you right now. I said without a doubt if you say OK, let's go I said shit yeah I'll go your pants down right here in the kitchen And she jumped up into my arms and stuff and wrapped legs are on my waist. She was holding like we were holding each other hugging and we were kissing or anything and you know I just stood there home and try touching her or anything and then she after about two or three minutes of me holding her she Let herself go to the floor she's like but how much is this gonna complicate things if we do and I told her again, I said this is all up to you if you say it's what you want I will do, but you gotta be able to make the decision She's like well I gotta go get my nails done so we wouldn't have time right now anyway so she goes upstairs gets her outfit on or whatever she was wearing to get her nails done and when she comes back down before she left, she goes yeah I want to thank you for that I guess she goes for not caving in and giving in and I said it's not that I didn't cave I said trust me I said I wanted nothing. I said I wanted to just as much as you, but it's the simple fact that you I don't wanna say OK let's do it and then later you feel upset because then yeah it's like why persuaded you to do it when you didn't want to She looked at me and she goes. Oh you know while I was upstairs so she goes. I have some time to kinda calm down and think about it. She goes honestly she goes. I don't know if the feeling I had was just that I was horny or if it's because I wanted you Fast forward when she gets home from her nail appointment she walks through the door. She was in a better mood and I said man I said just so you know I said I'm kicking myself for not taking advantage of that situation. She looks weird. She is honestly really glad I told her I said it was I was fighting everything I had inside just so basically in her pants off she told me she goes. I'm proud of you. You know for being mature about it and I told her I said well I'm trying to prove to you that I'm respecting your wishes that your wants and stuff yeah so I hope that yeah you can see this and understand what I'm doing like you know I said, and I told her again I said it's not that I didn't want to. I said it was just that you were struggling with your mind. If you wanted to know, my mind was all like I said I wanted to be your decision your not I made you feel we had to I'm not gonna lie I thought about that rest of the day even last night not just not just a sex porn the way we are holding each other the way she jumped into my arms the way she wrapped her legs around my waist you know I mean, just the overall feeling that it gave me gave me the feeling of love felt good. I would love for that feeling to continue. Did I pleasure myself last night no, I didn't but I thought of that all night just the way I fell away. She made me it was that feeling that we haven't had almost like that sparkles, barely starting to spark again, but not enough to ignite the fire so hopefully by February when the three months is off, we can be happy together at the same time if it comes down to her happiness, not being with me OK like I said I would honestly be able to say that I gave 100% as far as everything like the ketamine DM hanger i'm willing to do it. I just gotta hear back from me and I think my kind of discovering over the last couple days would kind of started all this with me as far as situation towards my life stems from 2010 Pittsburgh airport when the girl I was engaged with the time so that she couldn't deal with this anymore and we were done here. I was standing in an airport in uniform, ready to go back to combat and literally my world got pulled out from I mean yes I had my family my mom and dad my brothers and sisters, nieces and nephews. I had all that that's not what I was looking forward to coming home. I was looking forward to coming home to the girl I was engaged to you start planning a wedding and it was taken away before that ever got to happen and I really think that that's what caused me to be the way I was towards my wife and it's not fair to her. She didn't deserve that she deserve better. She does deserve better, so that's where I finally accepted the fact that my issues aren't with my wife with my past, and I've been working on trying to make peace with it so that this way I can try to heal and recover and move on and I believe that I am doing that now I think that's why I'm able to say that if it comes down to me and my wife actually separating and being divorced that yes I would be hurt. I'd be upset I would be OK with it as long as her being happy that's what it all comes down to. I just want my wife to be happy. I would really prefer to be happy with me, but if the happiness has to come from leaving me then yeah it'll hurt. It does hurt. I don't think I'd ever be able to stop loving her 14 years we've been together almost half of her life has been me and her and I feel absolutely terrible for the way that I have treated her without realizing that's how I was treating her so I hope by my actions and stuff she can see that I'm being serious and I hope she is willing to stay with me, but I will continue this here shortly. I just pulled into the VA. I gotta go get my blood work and I'll be back.",3,3,4,2,2,6,"The entry maintains a broad central thread about the interaction with his wife and what it means, but the flow is often hard to follow due to long run-on sentences, unclear referents, and abrupt shifts into backstory and treatment details. Contradictory feelings are acknowledged with some integration, especially around desire versus restraint and love versus possible separation, but the expression shows notable cognitive load and ends with an explicit interruption rather than closure."
"Last night, while me and my wife were talking, you know, about our situation and relationship with marriage and everything and where we're at, she made the comment about she's paying the price for my ex fiance and my mother's parts of my life that caused issues. And I did reply back to her with, you're absolutely right. You did and still are paying a price for that, and it's not fair to you. You deserve better. And I hope I can prove to her that my changes are 100% legit, not just the cycle this time.",5,5,4,4,4,2,"The entry stays tightly focused on one interpersonal exchange and develops it in a clear, linear sequence from conversation to acknowledgment to hope for change. There is some emotional complexity around past harm and present repair, but it is integrated rather than looping; the wording is slightly conversational and repetitive, yet overall the thought structure is highly organized."
"Last night after I got home from therapy, Lucas and I had another deep conversation till about 02:30 in the morning discussing a temporary separation and all of his feelings in regards to the past. It was brought to his attention from me just about, you know, just different situations of the past and how they made me feel, and he didn't realize it was that bad. Specifically, he asked me why I didn't leave sooner, and I told him about my stipulations. I thought when this happens, I was gonna leave. When this happens, I was gonna leave. I could see how that really impacted him. And he had said, were you scared? And I said, yes, in regards to his anger because, you know, he would throw things, hit things, yell, damage property. Like so and then he would always say, like, how depressed he was, and he wouldn't if something happened, he would hurt himself. So, yes, I would have scared if I were to leave something were to happen. So we kinda dove into that a little bit more on the way around, like, two in the morning. And I think it was very eye opening, not just for him, for me because he, of course, said that he knows what he wants, which is to stay with me. But in the end, he really just wants me to be happy. So I thought that was very big of him to be able to say that. He was realistic about the future and his hopes not just for us but also if we aren't able to succeed as a married couple that we could be friends and good parents.",4,4,4,3,4,4,"The entry stays centered on one main interaction and develops it in a mostly chronological, connected way, with only minor verbal tangles and repetitive phrasing. Conflicting emotions about fear, separation, and care are acknowledged and somewhat integrated, and the piece ends with a clear sense of where the conversation landed."
"So late last night, early morning, probably about 12:30 to two ish, me and my wife sat in the bathroom of our bedroom talking about things that had happened, and, you know, things that I did, didn't do, weren't doing, so on and so forth. And I was embarrassed by some of the things that she was saying to me. I couldn't believe some of the things I was doing without realizing I was doing it. You know, I really was surprised by everything, And, you know, like, I kept asking her, like, you know, different things, like, what was it that made you stay? Why'd you stay? You know, she wasn't able to answer it. And I mean, it's true. I do not deserve my wife. She is way too good for me. She deserves so much better than me. She deserves happiness, love, affection, all the things that I wasn't giving her. But I'm trying to now, and it might be too late. You know, it's like just now she was working and the kids were in there and they were trying to get them to clean up. And they finally started. And my wife was a little upset with me because she's like, you know, this is a chance for you to do this and do that and blah blah blah blah blah blah. And she said, but all you're doing is sitting there, and they're just throwing stuff wherever they want. She's like, so there's no rhyme or reason to it. And she's like, that's one of the things that I get frustrated with. She's like, you tell them to do something, but they don't do it right and you don't correct it. She's like, so if you guide them to show them the right way so they know for the future and I just kinda looked at her. Oh. And I didn't say it, but what I was thinking was, how can I help them or guide them to put it in the right spot? When I mean, I could use common sense to put things away, but I still probably wouldn't put it in the right spot. I wouldn't put all the right pieces together. You know, she was upset because she's like, you know, this is a prime example of me trying to tell you things that I need and want from you and expect from you and you're not doing it. But I mean, it was something as simple as just the kids cleaning up. I don't see I mean, it was some random toys. It's not like it was clothes or, you know, sets of things like a deck of cards or anything. It was literally some kitchen toys that they put the kitchen toys in the refrigerator of the kitchen stuff. You know, I mean for the most part they things that went together went together. So they got the concept, but they don't understand which I mean, come on. It's Remy and Riley. They're two and four. How much do you expect there to know? And, yeah, that's probably why she was getting frustrated because I wasn't taking the time to teach her my lesson. But at the same time though, you're sitting there telling me what I need to do and how I need to do it and this and that. When the outcome is gonna be the same, the roof is gonna get clean just couple things might be out of place. Part of me feels like that this in home separation is a good thing and a bad thing at the same time. So that's why I kinda requested to Jane about I may actually go to my parents' house. So not this week, but the following week, I will be packing some clothes, and I will be going to my parents' house to stay for a month. Now that gives us Tuesday, that gives me a June. Then Thursday, we have session together. So Tuesday will give me the chance to talk with Jane a little bit more about my concerns and things with it and come up with a game plan for Thursday to explain to my wife how things are gonna go and what's gonna happen and, you know, just that I wouldn't be in the house. It's not like I told her. You know, like, if I I bring Remy and Riley up home to you in the evening, yeah, it's literally gonna just be kinda like a drop and go. I mean, come in and see, you know, maybe give Robert and Reagan a hug and a kiss, talk to them on the phone or something, you know, like, it's gonna be the hardest on Robert and Reagan because they're not gonna see me as much as Remy and Riley do. Yeah. Remy and Riley will pretty much see me every day where probably regular will see me once in a while. But it is what it is. This will give us a chance to kind of figure out Christmas, how we're gonna do Christmas. New Year's will be at my parents' house like it always is. Know, so kinda curious how things are gonna go for the next couple weeks, but We will figure it out. So with that stuff being said right now, I'm gonna end this so I can shower. Talk to you later.",3,3,3,2,4,6,"The entry has a generally traceable thread centered on marital conflict and separation plans, but it frequently meanders, repeats itself, and contains long, loosely connected stretches that blur adjacent ideas. Contradictions are somewhat acknowledged—self-blame alongside defensiveness about the kids cleaning up—but not fully reconciled, and the expression shows notable cognitive load through fillers, restarts, and imprecise phrasing. The ending is intentional and gives basic closure despite unresolved emotional material."
"Remi & Riley were playing in my office all morning. I asked if Lucas could had them clean up before he left. He was sitting in the chair repeating himself for them to clean. I said this is where I get frustrated because  they need to be taught how to clean, where to put things etc.  they started to clean but was showing everything inside the play fridge. I said they need to learn in order to keep pieces together & how to respect the items rather than throwing everything together.  I said there is where I tell you eh problem suggest a way to fix it then you ignore me. I was frustrated but I just breathed expressed thar then didn't repeat myself. He asked Riley what goes in the white basket but otherwise did not follow through with correcting it. Now to his credit they did pick up but everything was thrown of shoved elsewhere.",4,4,4,3,4,3,"The entry stays on a single interaction and follows a mostly chronological sequence, so the thread is easy to track. Clarity is slightly reduced by grammar issues and a few awkward phrasings, but the writer maintains coherence and includes a balanced acknowledgment of frustration alongside credit for partial follow-through."
"So the rest of the day went pretty well. I got Reagan off the bus. Me and Robert went and fed the chickens and collected eggs. We got 10 eggs today then Robert and Reagan had to get ready for cheer. Stephanie asked me if I cared if she worked over a little bit And took the kids to Waynesburg for cheer stuff so I did Robert Reagan got ready. Remi was already wearing the clothes she wore to school today so I asked Reagan to get Riley some clothes and she did grab diaper bag we left. I told my wife I love her. She said love you before I walked out the door and she goes well. I'm gonna come up after work cause I wanna go to the gym and blah blah blah I said OK no kiss out the door she came out gave the kids a kiss real quick and we left. I get to my parents house drop off for me and Riley then I go to the rec center in Waynesboro, where they cheer dropped them off while parked, walked in with him and may be in me. I was playing around with them. I'm going move it move it move it if I can't see your butt you're too slow just like I said playing around. They're supposed to be there at five by the time we walk through the doors 502 by the time I got into the room for their tumbling, it was like 503 so yeah, no big deal But that's why I was playing around with them. You know with drill Sgt voice like move it move it move it just you have a little fun with them. I'm in Robert (son) not feeling the best either so I can't blame him and then I was gonna leave, but then I saw Tammy Who I used to work depend on with. I looked at her and asked what are you doing here she's my granddaughters and tumbling. I said oh OK so she was obviously my kids and she started laughing and ended up talking to her for about. I don't have 45 minutes or so And talking about things were like since we left Penn Dot and you know people that have retired and you know what with think she's gonna happen depend out in the future and he knows don't worry about my personal life. I mean, you know about the fact that yeah beginning of November I admitted myself to the hospital for wanting to hurt myself And I told her I said a lot of people have a hard time hearing that and don't know what to do or say I told her you know I don't have a problem talking about it. Yes, I've had a thought. Had a plan knew what I was gonna do but every time something stopped me, kids, and invisible force that I couldn't see. I could feel it hold me whether that was God himself or my guardian angel or you know one of my other family members passed away you know and just trying to watch over me or whatever I don't know put anyway I was telling her about experiences and stuff and then She has all her my daughter so her daughter came over to basically be like OK OK mom you're relieved you know you can go do what you want now and at that point whenever I was talking to another one of the cheer moms which their kid does tumbling with my two kids and they her kid also cheers on the same team as them so we're just be us in a little bit out. I probably 10 minutes or so and then Reagan came out. She was all excited that he can watch what I couldn't what I learned to do today And it was a I don't know if I'm saying it right but a round off backhand spring back tuck she did a backhand spring and then jumped into the backflip with no hands first couple times she was so excited. She was nervous that she messed it up, but then she landed itand she was so happy. I got it on video.

But, yeah, she was very happy. I got it on video. So man, I'm a little irritated right now because I've been talking and talking and talking and talking. And I looked out at my phone, and the part where it says about or being excited about the video is where it quit recording. And there was so much that I said already that is not there that I'm kinda pissed off and don't wanna go over it again. So recording me, and I don't know if it did it again or what. But I don't understand it. The first time I did it, it never shut off one time, and now it's wanting to do it all the time. So I'm gonna have to play with this and figure it out a little more.",3,3,5,2,3,6,"The entry follows a broadly chronological sequence, but continuity is weakened by frequent run-on phrasing, unclear references, and several points where details pile up without clean transitions. Topics are still identifiable—family logistics, cheer practice, a serious conversation, then frustration with recording—but they bleed together messily. There are no major unresolved contradictions, but cognitive clarity is reduced by fragmented syntax, transcription-like errors, and repeated restarts, while the ending provides only partial closure by shifting into irritation about the failed recording rather than fully resolving earlier threads."
"I feel like my coping mechanisms are a few things. So one would be going to the gym, and that's definitely helping me in multiple ways. Helps me better myself, set some goals, improves my health. So I feel like that's a a good coping mechanism. Another coping mechanism I'd say would be eating, certain foods, more like junk foods and other kind of foods. That one's definitely masking is actually definitely causing more harm than good. There I know there are some days where I'm just so stressed out. I just order and deal with it, But and I realize it's a dumb mistake. I usually feel sick afterward. So it makes me feel good in the moment, but then later on, I pay for it. So that's something I gotta try to cut back on. Another coping mechanism I'd say would be, video games. That for me is kinda like my own personal escape. In a way, it's helpful. In a way, it's masking. It's a little bit of both, I'd say. I could probably do do it a little bit less, and it'd be more beneficial and use my other part of my time to be going out more to get more exercise or more other kind of time in, maybe work around the house more, get some things done rather than sitting around and, quote, unquote, wasting my time. Aside from that, my other coping mechanisms are tough, to think about. I really don't know if there is anything else, but those are my probably my top ones that I can think of.",4,4,4,3,4,3,"The entry is organized around a clear list of coping mechanisms, with each topic developed in sequence and transitions that remain easy to follow. There are some verbal repetitions, minor self-corrections, and slightly tangled phrasing that reduce clarity, but the overall structure is coherent and reflective. Ambivalence about eating and video games is acknowledged and meaningfully integrated rather than left as a disorganized contradiction."
"I'm driving, and I'm going to try to catch up on MPASS because I've missed it. So Thanksgiving was wonderful and had a house full. My parents, my sister, who I'm very close to, Laurel, and her husband and her two year old and little baby who's 12 old. And that was wonderful because I had not met the baby yet. So it was great to finally meet the baby and hold the baby and spend time with all of them. I think it was a lot for my husband, but he was a trooper, and I made sure I thanked him all along the way for being understanding and being open and warm with my family. And, of course, my son, Marcos, and Penelope, my daughter, were home from college, which was also really wonderful. And I was worried. I was a little bit worried about Marcos coming and how that would be because I my parents are very conservative, and they would it would be difficult for them to handle any sort of gender gender questions or strays from the norm. So and Marcos knows that. So but, anyway, he was just regular old Marcos, and it was wonderful to see him and Dominic together. And Dominic was so happy to have his siblings home, And he was very happy, Marcos was, and he seemed talkative and happy. And he spent time with some of his high school friends, And it was normal. So it turns out that I didn't have to worry about anything because everything seemed normal and fine. Penelope was also great. She was getting a little cold, but she was very helpful. And it was it was great, and she was understanding also because she had to give up her room with all our guests. So that was great. Really can't complain. It was a really wonder with well, I don't normally, but I very takes Thanksgiving very seriously, and I cook a lot starting, like, the Saturday before Thanksgiving. So I think I got a little bit stressed just because of everybody arriving. And and so I I felt a little grouchy at times, but, you know, I just recognize the reason. And, anyway, I guess I'll pick up later because I'm about to drive into my driveway, and I'll continue to update and pass. Thank you.",4,4,4,3,2,4,"The entry stays centered on Thanksgiving and family interactions, with thoughts generally connecting in a coherent sequence despite some digressions and spoken-language repetition. There is mild cognitive clutter in the form of restarts, repeated words, and self-corrections, but contradictions are handled reflectively rather than looped on; the main weakness is that the entry ends as an intentional interruption rather than reaching full narrative closure."
"Woke up today to my alarm going off and my wife grabbing my foot to wake me up. She asked if I had to work I said no I'm off til Monday because of the surgery on my nose. Then she asked why do you have an alarm then I said to take remi to school. o yeah I forgot about that she said then I go from the basement to the bedroom to wake up Robert and Reagan to get ready for school. She came up and said that Robert is staying home because he is sick. Then she wakes up remi to get her ready for school. I get dressed and go out and start the truck so it can warm up for the kids. After about 15 minutes I took Riley to the truck and strapped her in. Remi is trying to play games of not wanting to get ready because she wants to stay home too lol. We finally leave the house at 8:13. If you arrive after 8:15 you are later to class. 8:23 I help Reagan out of the truck and walk her to the door so she can get in. Remi and Riley are in the truck. Leave there drive to waynesburg to take Remi to school as I'm almost there I remember I need the money for her tuition drop her off pay the tuition go to my dad's house or parents house drop Riley off sat there for about 15 minutes because I had an appointment to get my oil changed at 10 o'clock just down the road go to the oil change go back to my parents house and it's my dad there with Riley and my niece Charlotte so I said hey since it's just you here I wanted to talk to you a minute so I talk to him about you know what has been going on you know I told him I said you know right now my marriage is kinda on the fence. Where could go either way I said right now it's leaning towards divorce. I said, but I'm hoping that we can get through this, then I told my dad about what me and Jane talked about with the whole yeah like stay in my parents house for a couple weeks or whatever a month to kind of let Stephanie see what things would be like you know to kind of give her that wake up call and me and my dad said yeah I mean you know that's fine with us. You know you're you're always welcome to stay here if that's what needs be even if that's what happens or whatever he goes. I hope it works out for you. He said, but you know if not, you know you'll still have a place to go to. I told him that you know, I obviously let her have the house because you know she has nowhere to go. I still have you guys to fall too, so yeah, but it was a hard subject to talk about with my dad but we talked about it then at that point it was time to go get my daughter Remi from school so Dad asked me if I could pick up my nephew Elliott who goes there also because he watches them while their mom's school work not a problem so we do or I go pick them up. Go back to my parents house. You know I I told Remi when we got there I said we're not gonna be staying long. We are just gonna hang out here for a few minutes and then go home cause then we're coming back up later because Robert Reagan have cheer. She's OK daddy. It was time to go. She didn't fight me. I mean we stayed about half hour 45 minutes. She didn't really fight me or anything. She was ready to go. Riley was the one that was causing Foss, but then I was like you know what I left. I was like I'm gonna stop at McDonald's and get lunch for everybody so pull up and I look I go holy shit there must be 12 cars piss on so just down the road from where I live is a Dollar General. I stopped there and bought a couple microwave meals for the kids. Stephanie likes their protein bowls so I got her one of those and I made be sandwich a day and I also got Stephanie a Dr Pepper even though she didn't ask for just like the protein bowl she didn't ask for it either, but I got it for her. She didn't eat the protein bowl obviously because she wanted leftovers whatever got it for tomorrow now and she opened up the fridge and saw the Dr Pepper and she was like oh wow and she goes now Robert this right here is love because I got her Dr Pepper without her asking showed her that I was thinking of her, but it make them all make all the kids there lunches make my lunch. She warms up some Tuscan soup from yesterday that she made and as I'm doing all this, I'm going behind and I'm cleaning up my mess. The garbage from the meals for the kids the mess I made making my sandwich. You know I'm cleaning it all up as she just kinda like she noticed it, but didn't say anything and I think she was afraid to say something because Zane if I do, he's gonna quit doing it you know or know I might react differently man this this medication they put me on the it's called. I can't remember it's amazing things. Yeah I can actually see things that I couldn't before but I mean, I could see things I could understand them now I can know I'm able to process how I made her feel know why she feels the way she does like it. It makes sense now and she still has a hard time trying to figure out how I couldn't see it before but it's one of those things it's hard to explain if you've never been in that situation. I mean, I have PTSD depression anxiety so you know when you got all that going on you know constantly fighting the battles of you know wanting to hurt yourself because you feel useless and worthless I couldn't focus on the other stuff so with this medication is crazy as it sounds I highly recommend it to people with PTSD because it's done amazing things for me and three weeks imagine what I could do to somebody that isn't as far into it as I was I was battling PTSD nine years before I knew I had PTSD never knew it so imagine what would happen to somebody that might only be a couple months or maybe a year or two into it I know I ended up on it was I check myself into the VA hospital again because I was wanting to hurt myself and Buy hurt myself I mean suicide and it's not the first time I was hospitalized for it. That was the second time that wasn't the second time the thought cross my mind. I had those thoughts frequently so by the time it was all said and done I was so emotionally drained and mentally drained already by the time I got home that I couldn't deal with anything else now here it is three weeks into this new medication and I have made some huge shots already say right now yes I am content. I'm hopeful that that our marriage can make it through this, but at the same time, I've also come to peace or realization that even if the marriage does fail after all this, I had honestly be able to say that I gave it 100% that I tried everything and I am willing to basically what I'm trying to do is make the changes I need to make the Marriage last and put the ball back into her court not so this way the marriage falls on her but this way it's her decision if we make it or not",3,3,4,2,4,5,"The entry has a broadly traceable chronological structure, moving from the morning routine into the conversation with the father and then into reflection on the marriage and medication, but many sentences run together with abrupt local jumps and minimal boundaries. Topics are identifiable yet loosely managed, and cognitive load is visible in the long unpunctuated stretches, repetitions, and self-corrections; however, the writer does integrate conflicting feelings about hope and possible divorce into a coherent reflective ending."
okk,5,5,5,4,2,3,"The entry is extremely brief, so there is no evidence of fragmentation, topic drift, or contradiction; it stays fully focused on a single utterance. However, its minimal length provides almost no narrative development, and it does not reach meaningful closure beyond ending abruptly. The informal spelling slightly reduces cognitive clarity, but not enough to suggest disorganization."
hiiii,5,5,5,5,2,2,"The entry is extremely brief but fully coherent: it contains a single, clear utterance with no fragmentation, contradiction, or topic drift. However, because it does not develop into a narrative or reflective arc, closure is minimal and the rating is limited mainly by lack of content rather than disorganization."
Hello,5,5,5,5,2,3,"The entry is extremely brief but structurally clear: it contains a single, coherent utterance with no fragmentation, topic drift, or contradiction. However, it offers almost no developed narrative and lacks meaningful closure, functioning more like an opening than a complete journal entry."
"I find this question in particular kinda funny just because it's it's something I do think about regularly, about how I'm not in a career that I envisioned myself when I was younger to be in, and then I thought I'd be more successful. But, you know, as time goes on, I I realized that maybe success is measured in different ways and that, you know, things happen. And now making those decisions to live the better life that I'm trying to achieve. So I'll get there one day. But, yeah, that's probably frustrating as it is right now, but I don't let it stop me.",4,4,4,3,4,3,"The entry stays on a single clear theme—career expectations versus current definitions of success—and the ideas generally build on each other in a coherent sequence. There are some verbal repetitions and minor hesitations ('it's it's,' 'I I') that reduce clarity slightly, but the reflection remains organized and ends with a clear, intentional sense of forward-looking closure."
Hello?,3,4,5,5,1,4,"The entry is extremely brief, so there is little evidence of fragmentation or developed topic drift; it stays focused on a single utterance. Clarity is high because the expression is simple and direct, but continuity and closure are limited by the lack of surrounding narrative or completion."
"Action plan, assessing situation and acting on the plan. A lot of prayers",4,4,5,4,3,3,"The entry is very brief but structurally organized: it presents a clear orientation toward assessing a situation, making an action plan, and acting, followed by a related mention of prayer. There is no fragmentation or contradiction, though the brevity limits development and leaves the narrative only partially closed rather than fully resolved."
Hey,5,5,5,5,1,3,"The entry is extremely brief but fully coherent: it contains a single clear utterance with no fragmentation, topic drift, or contradiction. However, it provides no developed narrative and ends without any closure, so the overall structure is organized but incomplete."
"Had a talk with Mom... i miss my parents. The news about my uncle in critical condition makes me realize how fragile life is and how limited our time with loved ones are. 

I am also a bit worried about money. There are so many expenses that i feel pressured. The Home equity loan has paid most of my debt, but i feel it is not enough... i will have to be more frugal in what I do.",4,4,5,4,4,3,"The entry is organized into two clear themes—family/fragility of life and financial worry—with a coherent transition between them. Thoughts are expressed in complete, understandable sentences with only minor ellipses and no significant fragmentation, contradiction, or trailing off."
"Whew... it is hard to learn how to use iphone after leaving apple environment for 20 years
 Sort of sad. I miss using apple we think of going back to Apple sometime.",4,5,5,4,3,3,"The entry stays on a single clear topic and the thoughts connect logically: difficulty adjusting, sadness, and missing the previous system. Expression is brief and slightly rough grammatically, but not fragmented or chaotic; it has limited closure because it ends with a tentative future possibility rather than a resolved reflection."
"It has been a okay day busy and just tiring now. It's satisfying to see the house coming together, And I'm trying to see if I can make it in a way that it it doesn't show as bad of a sign of live in. Love the fact that my family, and we have been able to live in here, but yet, I do know that I need to have a boundary between my professional work and personal life, and it is showing that in the having a little barrier, the door, the west window is such a addition to that boundary, and I'm happy about it. And I'm so happy. My daughter, Caitlin, she is a gem. She has been helping very much. I feel so blessed. And, also, Chris helped to in a critical part of the beginning of our making, and I think everybody is in a good place. Yet night was so foggy. I didn't want really want to bring the recycling to the recycling place because it is just too dangerous to drive in this situation. So it is another thing that I need to do in the morning. Tomorrow is Thursday. I'm excited to go and take Mark and bring him his concert block and bring him home.",3,4,5,2,4,5,"The entry stays mostly centered on home organization, family help, and plans for tomorrow, with transitions that are understandable though somewhat loose. Cognitive clarity is reduced by run-on phrasing, repetition, and awkward syntax, but the overall narrative remains followable and ends with a clear forward-looking conclusion."
"What a day. I have I was I I'm just tired from completing that video interview with the or that what's the name of it? One of the outfit and Internet outfit. And, oh my goodness, they asked so much things, and I am so annoyed by the fact that they have picked a vignette that is so biased. And I had to watch what I was saying, how I was saying, and then, wow, I'm not really sure if I really like the clinical supervision team because they are so darn liberal. And yeah. But their pay is good. So, I mean, I will work for them, and I there might be people that I can actually serve, and they know I'm a Christian counselor. But I'm not even sure how it's going to go because at the end, I'm like, I don't care. I'm just going to do this and see how it goes. So we'll see. But it was annoying because wow. How could they have twisted the vignette in a way? But nobody's really like that in real life, and I don't know. I think I had a real transference against this clinical supervisor. I think she triggered me because I think she really did remind me of the supervise adviser that I had at ICANN at Fuller. And, yeah, she looked very much I don't know. I was just more angry than affirming as a person. I think that's probably my transference, but that was my impression. Like like, supervisor that is setting up a trap and to see what you're going to do. And so I guess that I'm still a bit not resolved in that incident in my life. Wow. This is the first time I really did have a strong transference toward a person. So this is a a nice eye opener for me.",3,4,4,2,4,5,"The entry stays largely centered on one experience—the interview—and then develops into a related reflection about transference, so the overall topical structure is fairly coherent. However, there are notable restarts, self-corrections, filler phrases, and syntactic disruptions that reduce clarity; still, the writer does identify and partially integrate conflicting reactions by recognizing annoyance, willingness to take the job, and the role of personal triggers."
"Not nightmare. But i heard take,o take me as i am the hymn all night long yesterday. I think God is trying to tell me something.",3,4,5,3,2,4,"The entry stays on a single thread, moving from a brief negation of a nightmare to hearing a hymn and then interpreting it as meaningful, so it shows moderate continuity and good topic focus despite being very brief. Clarity is somewhat reduced by fragmentary phrasing and punctuation irregularities, and the entry ends without much development or closure; no meaningful contradiction is present, so contradiction integration is rated high by absence."
Y,1,1,5,1,1,10,"The entry consists only of a single character, providing no developed thought, topic structure, or narrative progression. Because there is no articulated contradiction to evaluate, contradiction integration is marked as 5 by instruction, while all other dimensions indicate extreme absence of organized expression."
T,1,1,5,1,1,10,"The entry consists of a single isolated character, so there is no discernible flow, topic development, or narrative structure to evaluate. Because no contradictions are present, contradiction integration is marked as 5 by instruction, but overall the writing provides virtually no organized thought structure and no closure."
Y,1,1,5,1,1,9,"The entry consists of a single isolated character, so there is no developed flow, topic structure, or narrative progression to evaluate. Because no contradictions are expressed, contradiction integration is marked as 5 by rule, but overall the writing provides almost no organized cognitive structure and lacks closure."
"God, crying that hard last night has me feeling so tired today. I feel like I'm not here. I'm partially disassociated. Like I'm not totally present – that's it felt like when I couldn't figure out my sleep issues before hand. 

God, I fucking hate it when people think they know how my body works better than I do.",4,4,5,4,2,4,"The entry stays centered on a single emotional/physical state and moves in a mostly coherent way from exhaustion to dissociation to frustration about being misunderstood. There is some minor roughness in phrasing and the ending shifts abruptly without resolving the thread, but the writing remains clear and not notably fragmented."
"How many times do I have to tell Joe that I don't like surprises for him to have finally learn to tell me in advance what's going to happen? How come I described it once to a room full of people at a consent circle before getting fucked and several people immediately did what I needed in order to feel safe. And yet, I was with Joe for 13 years and it still never happened. 

I hate thinking about how much Joe has hurt me and realizing it now. What makes it worse is that I haven't actively talked about it before so now when I talk with my therapist, I don't trust that she's thinking about supporting me in my sessions and instead is trying to balance both of our best interests in mind, especially since he still sees her. 

Everyone thinks I don't have enough reason and I always feel like I have to justify what I need. Makes me feel so needy and whiny for just things that I feel should be table stakes. 

I'm still livid that Joe once asked if I thought my standards were too high of expectations. Do you really want me to lower the bar for you? Wouldn't you rather just objectively realize we're not compatible and that we don't need to force a relationship if we're not receiving happiness within it.",4,4,4,5,4,3,"The entry stays tightly focused on one coherent grievance cluster: Joe's repeated failure to respect needs, the delayed recognition of harm, and the resulting mistrust and anger. Thoughts connect logically from example to emotional impact to broader meaning, with clear sentences and minimal cognitive noise; while the pain remains unresolved, the writer integrates it into a clear conclusion about incompatibility."
I just want a Christmas with people who love me.,5,5,5,5,3,2,"The entry is extremely brief but fully coherent, focused on a single clear desire with no fragmentation, topic drift, or cognitive noise. There are no contradictions present, and the language is direct and organized; closure is only partial because the thought is complete as a sentence but not developed into a fuller narrative arc."
"I always expressed wanting to spend Christmas here. I always wanted a family to celebrate Christmas with. And every year Joe fought with me to go back to the east coast where I had no family. I wanted to show him my favorite movies, the movies that made me have hope for the future. The Grinch, the Wizard of Oz all of that stuff. The sense of humor. But he never wanted to make time for me. I kept waiting and waiting. And he just never wanted to understand more about me. He never gave me the opportunities to show him who I was. He just expected me to tell him words like I had many sense of it in my own words.",5,5,5,4,4,2,"The entry stays tightly focused on one coherent theme: longing for a shared Christmas experience and feeling repeatedly unseen by Joe. Sentences connect logically and build a clear emotional narrative, with only minor awkward phrasing at the end reducing clarity slightly; there are no meaningful contradictions, and the piece lands with a definite concluding point rather than fragmenting."
"Okay. We're gonna try another journal entry. Hopefully, this works because I'm gonna blab, and I'm going to be driving. So I had a really wonderful weekend with Penelope. Well, first of all, not Hawaii. Sorry. I wish it was Hawaii. Halloween was was great. We had a wonderful time with Dominic. And in prior years, we were having Marcos' friends over for her trick or treating. That just ended up being the tradition. And so now that Marcos is gone, we were able to, join Dominic's friends. So he'd been wanting to go the last couple years with his friends, so we were able to go, and it was a really fun neighborhood. And, Dominic was so happy with his friends, so we had a great time. And then Saturday, I left very early to go to, California to meet Penelope for our triathlon, which we've been training for for since, like, March. I don't know how long. It's been a long time, and we were looking forward to it, and it was such an amazing and fun event. Wow. So it's so meaningful to me because I've been wanting to do one more I did two triathlons when I was in medical school, and I wanted to do one more before I turned 40, but then that didn't happen. And so then my next goal was one more at least before I turned 50, which is in February, so I did it. And that I just have to pat myself on the back. Even during the run part, I was just like, look, girl. You did it. I'm so proud of myself. I have two bad knees, and, and I did it. And I am so happy, and it's I'm so blessed to have done it with my daughter. And it was just a really fun experience for for the two of us. Anyway and then, of course, we had our recovery time, and it just all the time before and after the race was so fun. And I have to say Marcelo was so supportive. I wouldn't say he's, like, a cheerleader in any way. He's just like, hey. Good job. You know? And I've tried to express with him, like, how meaningful it is to me, and he just there's just no, I think he just just doesn't even get it at all. So that's okay. But, yeah, he he anyway, I have a ton of friends that are, you know, my coach at, my gym gave me a big hug, and it's just you know, I have plenty of other outside, acknowledgment, and it's been it's been nice. But, yeah, Marcelo, I don't know what it is. He just has some sort of, like yeah. He just doesn't well, I guess his well, I don't know if I'm making this up and proliferating this ideal, but he and his family, recognize more, like, awards and fame as as accomplishments as opposed to personal, well, the way Marcelo put it is tasks. So we had this whole thing one time where he's like, you and your family, all you care about, you know, you you value tasks, and I just am not like that and whatever. Anyway, that's okay. So we're just different. Anyway, but he's been very acknowledging, like, thank you so much for taking care of this. Thank you so much for arranging this, and he'll send that to me in a text. He doesn't ever say it, but he says it in text. So I'll I'll take it. I'll take it. The other so last night, I'm gonna take it as a win for myself, although it was challenging, and it's such a stupid little thing. But Marcelo lately has been getting on me on my case for beeping lights on. And, honestly, I don't really I mean, he told me that it bothers him so much. It's like seeing a running faucet. And so I am like, I'm really sorry. That's so uncomfortable for you. And, I mean, it just honestly, I don't even notice lights are on. And he's you last time about how, like, this, drama and him expressing his, like, unhappiness as a way to feel close to me. But, anyway so I don't know if this is another version of that, but it anyway, it wasn't at night. Thank god. It was just it was in the evening while Dominic was showering and getting ready for bed, and he was telling me that how much he hates the lights and, he wishes that I don't even or no. He's like, you don't even care, and it doesn't and I this is the first time I've been brave enough to say, actually, you know what? I it yeah. You're right. I it doesn't bother me as much, and, he just is like, you don't care and it doesn't bother you. And he's his tone is so, like, accusatory and, like so it wasn't really an argument, but he was so unhappy with me and trying to get me riled up, it almost seemed like. And I said, you know, I oh, and the other thing is I've been trying to talk to him about something that happened to me at work, and he kept interrupting me, to tell me these other things. Like, it happened, like, three times. And then, so he was just getting on my case about the lights and whatever. And I said, you're right. I I don't think I notice as much, and it doesn't bother me. But I you know? And he's like, well, I just wish you would turn them off. And I said, well, I try to turn them off if I notice them, but I really honestly probably don't notice them as much as you do. And and he's like, it doesn't bother you and and I was like, well, it I don't like the the discomfort that it causes you bothers me. I don't want you to be in discomfort. And he's like, well, if you cared about my discomfort, then you would turn off the lights. And I was like, okay. Well, anyway, I'm sorry that you're uncomfortable, and I will continue to try to turn off the lights. And I will say that I find his closet light on a lot, and that's something that he and he was like, he knew I was gonna get on his he said that I he knew he was gonna come back at him with that. And I just said, that's the one that's the one light I don't turn off because if you have it on, I assume it's because you want it on. And then he said that that he knew I was gonna say that because I guess that's my normal retaliation or something. Anyway, it probably is a little bit of retaliation because I find his closet light on a lot, so I don't understand. I I don't think his he's not holier than thou, I guess, what I should say, which is sometimes how I feel that he feels. Anyway, I yeah. So then so then I was like, well, I've been trying to tell you this story, but, of something that happened to me at work. But he was all, like, frustrated, and so I really didn't feel like now was the time to talk to him about an encounter that I had at work because I just felt like I wouldn't get the response that I was looking for, which was just, like, you know, sensitivity and kindness. And and he was so, like, upset and kind of frustrated with me that I didn't feel like now was the time for me to share that with him in the end. And, also, I felt like the interruptions were a reminder that, you know, he often doesn't really wanna hear about it, but that's okay. I'm still trying to open up. So then he's like, okay. And I said, I've been trying to tell you this story from work, but I really don't think this now is the time anymore. And he's like, no. No. You need to finish it. Go ahead. You can do it now. And I was like, okay. Well, I appreciate it. Or and I probably didn't even say appreciate it because I was trying to I was trying to be calm, but I just said, I really don't think right now. I don't feel comfortable. I don't feel comfortable sharing that story now. And he's like, you feel uncomfortable? That means you I make you uncomfortable. I can't believe it. I make you uncomfortable. And and I I said, no. I'm responsible for my own emotions. I didn't say you make me uncomfortable. I just feel uncomfortable in the current situation and the current, discussion, so I don't feel comfortable sharing the story. And, anyway, so I didn't know I I really tried to turn it on me and just say it was my emotions, and I said that you don't control my like, I control my own emotions. You can't make me feel uncomfortable. I make myself uncomfortable. So, anyway and he kept trying to say, I make you uncomfortable. I made you uncomfortable. Like and this is what he does usually at night, and he goes on and on about how horrible it is that my response to him or whatever. Anyway, I just really tried to stay strong in separating my emotions, and I was happy that I did not share that story because I'm hoping that, anyway, I just knew that it wouldn't be good. Okay. Well, I'm at the gym now, and I hope, this transcribes because otherwise, it's eleven and a half minutes for no reason.",4,3,4,3,4,4,"The entry maintains a mostly traceable flow, moving from Halloween to the triathlon to the interaction with Marcelo, with transitions that are sometimes loose but still followable. Cognitive clarity is reduced by many spoken-language fillers, repetitions, corrections, and nested asides, yet the writer generally sustains each thread and reflects coherently on interpersonal tension. Contradictions are acknowledged with some integration rather than looping, and the entry ends with a clear stopping point and a sense of what was learned from the interaction."
"Gutted, heartbroken, as far away from my goals as l could be",4,5,5,5,2,3,"The entry is extremely brief but structurally coherent: it stays focused on a single emotional and self-evaluative state without fragmentation or topic switching. There are no contradictions or signs of cognitive disorganization, but it offers little development and ends without reflective closure, making it feel incomplete rather than entropic."
"And we had a nice cough, and we didn't really speak with the day about Marcus. And we discussed that we needed to continue talking, and he expressed the not frustration, but just the comment that we barely had any time to talk to. So I told him that we can try to fit him in after work even if it's a phone call and the drive home or the hours, something like that because it doesn't take that long to connect. And I've discovered that when I on that with my phone that day. And then after the call after the drive in this morning, he sent me text and he was glad we talked, and he appreciated that I sent him some of the information about the session center because we're gonna have to navigate this thing together. And so I feel like this is a very positive shift, and I'm looking forward to it more. And I've always felt that that's one of the things and I think everybody feels in the way that they don't feel appreciated. And I always felt like if if you could just say thank you once in a while, then that would make a huge difference, and it definitely is. I just had so many had so much time with since early years that I was hoping it would make a bigger impact and make me all of a sudden have my heart purged with love and good feelings. It's just not happening so magically. I am recognizing it, though. I'm recognizing that there's a shift and there's more gratitude, and I am enjoying that. And I just know that this has to take time because it's been twenty two years of difficulty. So I'll just give it some time, but I am definitely seeing some positive changes. And so even though I feel like or I've been questioning whether or the therapy is actually helping and we're getting somewhere, I have to say, objectively speaking, there definitely is a shift. So I guess that is something. Hello?",3,4,4,2,3,5,"The entry stays largely focused on one relational topic and progresses through conversation, reflection, and evaluation, so the overall thematic structure is fairly organized. However, there are multiple sentence-level disruptions, awkward phrasing, and incomplete thoughts that reduce clarity and continuity; the writer does integrate mixed feelings about slow progress versus real improvement, but the ending feels slightly abrupt."
"Heading to California to see Penelope as we are doing the sprint  triathlon tomorrow!  It's been such an exciting thing to look forward to and work for. 
It's been a big goal for me to do one more at least...I did 2 in my 20s",5,5,5,5,3,2,"The entry is brief but highly coherent, staying focused on a single topic with clear semantic flow from travel plans to the significance of the triathlon goal. There are no contradictions or signs of cognitive overload; the only structural limitation is that it ends somewhat open-ended rather than fully resolving the narrative."
"Never mind. I remembered why I broke it off with Joe. I can't trust him to be the practical person I might need in moments of health emergencies. 

https://www.reddit.com/r/attachment_theory/s/STmyXvcpqz",4,5,4,5,4,2,"The entry is brief but highly organized: it stays tightly focused on one topic and moves logically from retraction ('Never mind') to recalled reasoning and a concrete conclusion. There is a small implied shift in stance, but it is integrated rather than looping, and the statement ends with a clear, resolved judgment rather than fragmentation."
"For the time that I stopped using edibles, everything seemed so normal and boring. I think I need a year of just doing nothing. Maybe?",4,5,3,4,3,3,"The entry is brief but structurally coherent, staying focused on one linked theme: stopping edibles and the resulting sense of flatness. There is a mild unresolved tension between describing life as boring and suggesting a need for a long period of inactivity, and the ending remains tentative rather than fully resolved."
"I think I'm making a mistake with Joe. I love him. Parts of him that make him who he is. But I also need to stop being quiet about my wants and needs. I need to stop intellectualizing everything and base it on my feelings. I NEED to actually invite him to help me with my emotions. 

But also I could just be using the same script from the first incident with Luke and my going to Joe. I have a really hard time with not being a victim. I don't know where to start so that I don't feel like one. Maybe it is telling more people about everything that's happened to me. But it feels like it's too much for people. They don't understand the pain but I also guess they'll never understand the pain. I'm the one who understands my pain and what I went through. Shouldn't that be enough?",4,4,3,4,3,4,"The entry maintains a clear thread centered on the writer’s relationship with Joe and their struggle around emotional expression and victimhood, with transitions that are abrupt but still intelligible. Contradictions are explicitly recognized and partially explored, though not fully resolved, and the piece ends in an open reflective question rather than firm closure."
"This thing is giving me trend analysis and data to see if there's absolutely a real problem. I guess I should look at how long it took me of noting down a problem that keeps happening before I act on it. And see if I need to improve anything there? I can feel my brain resisting this plan and I feel like it's trying to get me to stop so I can enjoy being head-empty. 

The day I learn to be okay with uncertainty probably can only occur after I've figured out my triggers and healed wounds. But that takes a lifetime. So should I stay in this position at work with this support network? I feel like moving to London or someplace where no one knows me and just starting again. I feel like a scourge to everyone that I know. Meagan is too busy with work and her boyfriend and his mom moving here. Valerie is in Japan. Joe is gone. I think the issue might be I need to address some uncertainty in my life right now. I don't know if I should do that or try to exist in it for as long as possible. I used to think it would be a fun challenge but once I proved it, I don't feel the need to prove again.",4,4,3,4,3,4,"The entry maintains a coherent thread around uncertainty, decision-making, and resistance, with adjacent thoughts generally connecting even as it moves from self-observation to work and social context. There is a recognized internal conflict about whether to reduce uncertainty or tolerate it, but it remains only partially integrated rather than resolved. Expression is mostly clear and complete, though the ending leaves the central question open rather than fully closed."
"""Raskin and Sullivan view erotomania as an adaptive function, warding off depression and loneliness and providing an outside source of nurturance, protection, and control, following periods of loss or the imminent threat of loss. 

Hollender and Callahan' advance the notion brought forth by Raskin and Sullivan"" and suggest that this type of delusional thinking is the result of an ego deficit and may be shaped mainly by an intrapsychic struggle and the individual life experiences of feeling unloved or unlovable; a narcissistic blow is overcome by a grandiose feeling of love. 

Hollender and Callahan' refer to the physical, social, and intellectual deficits of their patients and note that other authors have also casually referred to the sometimes unattractive attributes of their patients. 

These postulates seem plausible. Future cases may give support to the primarily unrecognized functional theory of erotomania. 

Finally, Doust and Christie give evidence that environmental, psychological, pharmacological, and physiological factors may often trigger a predisposed person into developing De Clerambault syndrome.""

How do I either find people who are willing to give me grandiose feelings of love or how do I become mentally healthy and resilient enough to heal from the narcissistic blow without the grandiose feelings of love?",5,5,4,5,4,2,"The passage is highly organized: it summarizes several authors' views in a logical sequence and then ends with a clearly formulated personal question that directly follows from the preceding material. Topics are tightly focused and transitions are coherent, with no fragmentation or linguistic overload; the only unresolved tension is the final either-or question, which is clearly recognized but not fully integrated or resolved."
"I also keep getting worried about an increased chance of schizophrenia and psychosis because of my childhood with my dad. 

I'm so broken of a human being. I'm going to start making mistakes. I need to expose myself to making mistakes again. Maybe some creativity soon?

So broken that Joe couldn't care for me anymore or he would burn out. Too much for Luke. I'm afraid I'll scare off any of the other men I'm talking to: John, Richard, David.",3,4,3,4,2,5,"The entry stays centered on one core theme of fear about being damaged and overwhelming to others, with adjacent sentences mostly connecting, though the shift from psychosis fears to mistakes/creativity is somewhat abrupt. Thoughts are expressed clearly in complete sentences, but contradictions are only partially worked with (self-condemnation alongside a tentative push toward exposure and creativity), and the piece ends without resolving its main fears."
"Erotomania? I need to get my mental state stable. I'm slacking on work. I'm slacking on hygiene. All I wanna do is distract my mind. I need to pause on the edibles. 

I'm scared it's going to trigger a psychotic or schizophrenic episode given the DNA stuff. Maybe I shouldn't have read into my DNA. But if I could prevent, wouldn't it be worth? I don't have anyone who cares about my future other than me. 

I feel stupid that I'm here again. I'm here trying to prevent myself from going off the deep end. 

Recurring erotomania?",4,4,4,4,3,4,"The entry stays tightly centered on one concern—fear about mental instability—with adjacent sentences connecting logically through self-observation, worry, and prevention. Expression is clear and concise with little fragmentation, though the brief question-like ending leaves the narrative somewhat open rather than fully resolved."
"I think I'm spiraling. The whole safety plan creation and Luke possibly coming has triggered obsessive thoughts. I reached on Wednesday. June from the Incident Response Team contacted me and we talked for a half hour. It was affirming and validating. I asked her what if this could be seen as an attempt to repair? She said that the quickest she's ever witnessed healing and repair after a violation like sexual assault is a year. And that a conference taking place over 3 days is certainly not the place to be doing this. She also took the fact that I warned him last year about contacting me for any personal reasons as something that should be applied in this front even if I sent that message in a work context. 

I felt affirmed that the 6 months I really got to know Luke helped me determine he wasn't going to commit to reparation between us. 

I crafted my safety plan with her. I sent it to my support network for the conference (Erin and John). They had no issues so I told June everything looked good. She said she would make contact with him. I didn't hear anything else before Friday's registration came. I texted June if there were any updates. She replied a little later, noting the coincidental timing and that she did make contact with him and he declined to attend the conference. 

I keep having ""what if"" thoughts though. I think it might be rumination. And now I just spent 1.5 hours looking through his messages he's sent over Slack. And I knew it was wrong since now I'm looking for information about him that doesn't really serve any goal I have. He officially separated from Tiffany earlier this year. He signed papers to officially solo own his home. He had a house-warming party in July. He got an ear piercing. He dressed up in feminine clothing for a Taylor Swift album theater singalong event. Why do I know these things? Why do I care? The earring and the feminine clothing tells me he is exploring himself. The Dark Odyssey registration also tells me that. And I'm jealous that I don't get to witness that anymore. And it was the thing I wanted from Joe. But that he decided to avoid by spending time elsewhere even though I brought it up two separate times. 

I don't know what's wrong with me. I feel broken. Like nothing is ever going right. I just want to be happy and loved. 

Seeing Eric in photos that Luke posted on Slack makes me think that I have to talk to Eric. Or should I reach out to Luke? I don't know what I want.

I included Joe so that he wouldn't feel jealous when I was pursuing a different kind of relationship with Luke. I addressed his need to not feel left out as often as possible unless it started interfering with my sense of presence. I just wanted to see Joe grow up and stop feeling so afraid of people's perceptions of him. I wanted to give him strength to keep growing despite the fear. Now I see Luke possibly doing this and letting go of things that don't serve him. And I'm always going to wonder if we're more compatible than we think. I guess I'm thinking about an idealized version of Luke and don't really know anything about what's going with him for real. I assume if I really did want to let him back in my life, it would require a very direct conversation about how I'm only doing so to test my nervous system around him. I felt so much anxiety and lack of presence at registration before June told me that he declined. 

In other news, I need to write a boundary setting message to Josef since he's been crossing boundaries too. 

I need to think more about my relationship desires and answer John. 

I need to understand if Richard is a threat.",4,4,3,4,3,4,"The entry is largely coherent and sequential: it moves from the safety plan, to rumination about Luke, to relational reflections, and then to a short list of unresolved next steps. There are some abrupt topic shifts near the end and several unresolved internal conflicts about desire, jealousy, and contact, but these are explicitly recognized rather than chaotically expressed. The writing remains clear and syntactically organized even while emotionally distressed."
"I'm loving this program

I am overwhelmed at work. I don't feel overwhelmed, but I have so much work that I can't even come close to finishing it in a day. 
Part of this is because I have some difficulty concentrating. I get multiple texts, teams, message, people walking into my office. Never mind they constant pull of Instagram and other things on my phone. I also have a running tally in my head constantly over what phone calls I need to make appointments I need to make for Things at home. For instance, I have a huge crack in my windshield right now and I need to call the insurance company to schedule replacement, but I just never seem to get to it. My work/clinical inbox is completely full and I'm about a week behind on that. I keep telling myself I'm just going to dedicate time to do these, but it takes me forever because of all my lack of concentration and easy  distraction.",4,4,3,3,3,4,"The entry stays centered on work overwhelm and concentration problems, with examples that connect logically and build on one another. There is a mild contradiction in saying 'I am overwhelmed' and then 'I don't feel overwhelmed,' but the writer does not fully unpack it; expression is mostly clear though there are some grammatical slips and the entry ends without strong resolution."
"The other emotion I feel is sad that it interferes with my ability to enjoy time with her. Her personality is very in tune to please narcissist. She giggles after everything she says. Literally almost after every sentence. 
She's very complimentary to everyone all the time. Always happy. She's an ideal guest! So clearly there is something wrong with me since I'm the one annoyed by this super kind person. Obviously I'm always welcoming  with her but I could enjoy her company more if I didn't have the other feelings",4,4,3,4,3,4,"The entry stays focused on one interpersonal emotional conflict and moves in a mostly linear way from describing sadness, to observations about her behavior, to self-judgment and its impact. There is some tension between recognizing her kindness and feeling annoyed by it, and the writer partially acknowledges this conflict, but it is not deeply integrated or resolved; the ending feels somewhat incomplete rather than fully closed."
"I'm excited to try this!
Our niece is back in town to present the work she did while working with Marcelo in the Spring. 
He was very vague about her coming....details, etc. To me this seemed similar to when she came last year for 3 months. He hasn't told me about it because he was anxious. This made the problem worse last time. Anyway....I asked him if I'm he was nervous with sharing the details with me this time and he said no. I sensed a tad bit of defensiveness with him but perhaps I just interpreted that. I didn't bring it up again. 

Now that she's here I am reminded at how obvious it is in how happy he is when she's around. It's like he has his own personal cheerleader by his side all day. He's always happy, joking, beaming really when she's around. I feel like I sound jealous when I share this but I'm not at all jealous. I just feel irritated by the reaction. It confuses me. I feel I should be so happy that he is so happy with her here.",4,4,3,4,3,4,"The entry stays centered on one interpersonal situation and develops it in a mostly linear way, with only minor roughness in phrasing and transition. There is a recognized internal conflict around irritation versus not feeling jealous, but it remains only partially integrated, and the ending leaves that tension open rather than fully resolved."
"In the end, the takeaway is honesty is extremely important to me. And I am extremely sensitive. I have emotions all the time. Having emotions on high all the time, dulls everything else sometimes to the point where I can’t figure out how I’m feeling about what’s happening. I can only reflect on my experience of something when the experience itself is done. And I need your full respect of my agency to say no because I know what’s right for myself or not. If there’s any good lesson that comes from all the past sexual assault, it’s that I know when something is crossing my boundary. And any suggestion I do not know that will trigger me to lose trust in you. And each time I lose trust in you, it will be more and more severely impacting. 

I have no idea if feeling the way I do above is unhealthy or not. So I’m preemptively putting my trust in you and Erin to say so and not take advantage of how vulnerable I am of a person. (I’m not suggesting that you two are. It’s just a fear. And it might be an irrational fear but I don’t know.) I’ll talk about this with my therapist.

To help with more context, what triggered me was checking in on our texts to see if you had said anything. (You didn’t. But that’s not the point.) I remembered that this was a trigger that occurred with me and Luke. And I saw myself going down a similar path but with you. And I don’t want to repeat any mistakes I’ve done before but with you. Or if I do, I need the grace that I deserve as someone who has been hurt so many times. 

I told you about my sexual assaults. Me telling a person about them is usually what triggers ensuing sexual assault from that same person as long as the person identifies as a man. At least, that’s what my anecdotal experience tells me. 

I need you to also keep admitting areas that you don’t have expertise in. That humility will keep me on the same page about what I need to communicate to you about. 

I need honesty, humility, and reassurance.",4,4,4,4,4,3,"The entry is structurally coherent, with each paragraph developing a related theme: boundaries, uncertainty and trust, a specific trigger, a broader pattern, and finally concrete needs. There is some emotional intensity and mild repetition, but thoughts connect logically and contradictions are acknowledged with nuance rather than left unresolved. The piece ends with a clear summary statement, giving it intentional closure."
Hi! I’m having difficulty signing in to the program. It says I need my email but then it doesn’t ask me for an email,5,5,4,5,4,2,"The message is very brief but highly organized: it stays on one clear issue and the sentences connect directly. There is a small contradiction in the described sign-in flow, and it is presented coherently rather than looped over; the entry ends without full resolution but with a complete statement of the problem."
"I feel so desperate about this house situation. I don't know what more we could be doing. I regret getting solar panels if that's truly what is detering buyers. Once again, my impulsivity  gets me in a bind.",5,5,4,4,4,3,"The entry is brief but highly coherent, staying focused on a single issue with each sentence building logically on the previous one. There is some emotional tension and self-blame, but it is expressed in an organized way rather than looping or fragmenting, and the passage ends with a clear concluding thought rather than trailing off."
How can I expect my clients to journal if I can't think to do the same?,4,5,4,5,3,3,"The entry is extremely brief but structurally clear: it stays tightly focused on one idea and expresses it in a coherent, well-formed sentence. There is a mild internal tension between professional expectation and personal behavior, and it is clearly recognized, though not deeply explored or fully resolved due to the brevity."
"I just realized I also became resentful of Joe because when I embarking on non-monogamy, I offered to work through his feelings with him. Over time though, he wasn't accepting that it was something he had to learn about for some reason. So I stopped doing it. Then when he embarked on it, he did none of that. And I need reciprocation. I guess that's a non-negotiable.",4,5,4,4,4,3,"The entry stays tightly focused on one interpersonal issue and develops it in a clear causal sequence: realization of resentment, explanation of why it developed, comparison of behaviors, and a concluding boundary. There is some mild syntactic awkwardness, but thoughts remain connected and the ending provides a coherent takeaway rather than trailing off."
"Yesterday was the start of Dark Odyssey and it was going to start as a very stressful conference finding out that Luke had decided to go. June in the Incident Response Team helped me with crafting safety guidelines and making contact with Luke to make sure he understands my eatery guidelines. And then June later told me that he declined to attend. 

I was still very anxious yesterday and it dissipated near the end of the day (although the Code of Eros party made me feel really disappointed). Today has been more grief-ridden because I started thinking about the world that could've existed where Luke and I went to this conference together. And it makes me sad that we're in this world instead, where I'm afraid that he is continuing to be predatory. 

I'm also sad because this is the first Surrender without Joe. I need to take care of myself. I don't have anyone else who's going to take care of me in the way I need at this conference. John I think is growing feelings for me and I'm sad also because I think I could have feelings back but I don't think I want to spend my life with someone that I know has a primary partner. I guess I do want consideration for my feelings. I'm just a little depressed today. I'll get through it I guess. I kinda wish I was home though. I wanna kiss Cocoa.",4,4,4,4,4,3,"The entry maintains a clear temporal and thematic flow: conference stress, anxiety and grief about Luke, then sadness about Joe and reflections on John, with transitions that are understandable rather than fragmented. Conflicting feelings around John are acknowledged with some nuance, and the writing is mostly clear and complete, ending with a coherent emotional landing rather than trailing off chaotically."
Gift giving is my top love language.,5,5,5,5,3,2,"The entry is extremely brief but structurally clear: it expresses a single idea with no fragmentation, topic drift, or cognitive noise. There are no contradictions present, and the sentence is concise and well-formed, though the brevity limits narrative development and closure."
Everyone was so scared to share anything with me. Because then I would figure things out. What did I not figure out?,4,5,5,5,3,3,"The entry is extremely brief but structurally coherent: each sentence connects directly to the previous one and stays tightly focused on a single idea. The writing is clear and controlled, with no fragmentation or cognitive noise, but it ends on an open rhetorical question rather than reaching fuller closure."
I want someone intellectual but humble. A gentleman who respects me as the woman I am. And the success that I am. I deserve respect and I want his approval.,5,5,4,5,4,2,"The entry is highly coherent and stays tightly focused on a single relational desire: wanting a partner who is both respectful and affirming. The thoughts connect cleanly and are expressed clearly, with only a mild internal tension between self-worth ('I deserve respect') and seeking external validation ('I want his approval'), which is acknowledged but not deeply explored."
"I think I want DD/lg but John didn't want to do it. So I immediately get less attracted to the person if they don't want to do things with the other person. Ugh, does boy culture just mean being codependent on each other?",4,4,3,4,3,4,"The entry is brief but structurally coherent: it moves from a specific desire, to a reaction about attraction, to a broader interpretive question. The main limitation is that the final question opens a tension without resolving it, so closure and contradiction integration are only partial rather than fully developed."
I'm getting less resilient which I guess means I'm healing. So I can be an animal again.,4,5,4,4,3,3,"The entry is very brief but structurally coherent: each sentence connects to the prior one and stays tightly focused on a single reflective idea. There is a mild paradox in becoming 'less resilient' as a sign of healing, but it is presented with some implicit integration rather than confusion; the main limitation is that the thought feels incomplete rather than fully developed."
"Is it because I'm autistic and a survivor of narcissistic abuse that there is high risk that I am manipulated again? I need to stay in therapy. I think that's why I decided I n needed to stay in therapy forever. Because otherwise I'd be manipulated. That's also why I'd dint want to move to New York. Because I was afraid I would my therapist. Even though she said coaching was available. But I didn't want coaching. I wanted my insurance to pay for my health because that's why I was working. I work to keep my mental health safe. And so that I don't harm people or myself. 

Am I just trying to self-destruct all the time?",4,4,3,3,4,4,"The entry stays centered on one main thread—fear of manipulation and the need for therapy—with adjacent thoughts mostly connecting in a clear causal sequence. There are some wording disruptions and typos that slightly reduce clarity, and the final self-question introduces unresolved tension rather than fully integrating the fear and self-judgment. "
Both my parents were homophobic and racist. I definitely feel like a survivor of narcissistic abuse. With all the same symptoms.,4,5,5,5,2,3,"The entry is very brief but structurally coherent: both sentences connect around a single theme of harmful family dynamics and personal impact. There is strong topic focus and clear expression, with no fragmentation or contradiction, but it offers little development and ends without much narrative closure."
"Oh my god. I realize why I don’t like Josef. Because he has alcoholic behavior. Both Luke and my dad had that issue. And both people that have been really toxic in my life.

Oh, I also realize now why I was feeling unsafe with Joe. He kept trying to convince me to move to New York with him. I said no. I didn't want to live over there and it was fine if he wanted to. We could do a long-distance based relationship where we would pursue our own desires and still visit each other in an open relationship. He seemed disappointed that I didn't want to move with him even though he knows what all the reasons were. I think he thought I moved here to escape my dad. I moved here because I would have the best outlook on my life. If I kept myself around him, I would've probably taken my life already. It was getting bad. Being away from my dad physically and in no contact with him made me feel life was worth living again. 

He made me change my medication when the way I was didn't address his needs. And then when I asked him to try medication like Wellbutrin where it wasn't stimulant based, he refused and let past trauma from therapists trigger him and rejected the idea because it was too close to those who use to accuse him of not needing it. 

I think he was thinking that I wasn't keeping track of everything. Just because I don't want to get married doesn't mean I don't want the legal benefits of being married and having a prenuptial agreement. Did he think he was going to take advantage of me as his cash cow because he was uncomfortable taking money from his parents. Only cares about being seen as good by everyone around him and obsessed with hating a good reputation. When no one really cares man. 

My dad prevented me from ever having any relationships with boys and men. He was always so paranoid that everyone was trying to have sex with me or abuse me. That shit triggers me. 

I really think I need to continue ketamine sessions soon. Lots of things are unlocking again. Sometimes, I'm scared that I'm going to unlock too much and I'll break again. Was the vaulting my brain putting itself back together and protecting me from a psychotic break when I was younger. I think I had several psychotic breaks actually. We may be were attracted to each other because we both were shamed for being sexual beings when we were younger. But I healed from that so quickly. Because I quickly learned I wasn't actually as ugly as I was made to feel I was. 

California was the land that saved me. I'm indebted to it. I can't betray leaving it just because of my own desires. I need to give back to the land and I do that by giving back to the community who currently lives on it and can best take care of it now. 

I found myself in Rosa Parks when I learned she refused to listen to authority and knew she was standing up for her community and risking her life to do so. That's the kind of bravery I value in someone. They have courage to do the very scary, yet right thing. 

I like Phantogram for the electronic voice synths.

Does Will Smith have a problem with alcoholism?",3,2,3,3,2,6,"The entry has locally coherent sections, but it repeatedly jumps between relationships, family trauma, medication, identity, place, historical identification, music, and a final unrelated question without strong transitions. Contradictions are partly recognized through attempts to link current reactions to past experiences, but they are not fully worked through, and the ending trails off into abrupt topic shifts that weaken closure."
"I haven't talked to my mom for several days. The last time I talked to her, she had asked how my father-in-law was doing and i told her that he was doing better on anti-depressants. She had questions as to why he was feeling depressed and I explained that depression can be neurobiological, not just situational... ""just like mine has been my entire life"". I shouldn't have. That opened the door for invalidation and judgement that is likely the root cause of my depression in the first place. She said, ""And what do you have to be depressed about your entire life, you spoiled brat?"". My point exactly. But there was no point trying to explain or argue or defend myself. I just felt dismissed, invalidated, belittled, misunderstood, silenced, invisible. All of the things I felt during childhood anytime I tried to express my thoughts or feelings. I'm not very motivated to reach to her and/or to connect with her right now.",5,5,4,5,4,2,"The entry is highly coherent and stays tightly focused on one interpersonal event, with each sentence building logically on the previous one. The writer links the present interaction to a broader childhood pattern in a reflective, integrated way, and ends with a clear present-state conclusion rather than trailing off."
"My family and i have been trying to relocate to California for several months. However, we can't seem to sell our house, which we need to do in order to have a down payment for a new home. I didn't think it would be this difficult and I'm starting to lose  hope. Maybe we're reaching too high. Maybe our goal is unrealistic. Maybe, if we were to move, we would fail and we would end up back here anyway. I really want this to happen but i don't think it's going to. I feel sad, discouraged, and disappointed.",5,5,4,5,4,2,"The entry stays tightly focused on one clear situation and develops it in a linear, easy-to-follow sequence from problem to doubt to emotional response. There is some internal tension between wanting the move and fearing failure, but it is expressed coherently rather than looped or fragmented, and the ending provides a clear emotional conclusion."
"Feeling weary about using this app. Realizing it's part of feeling guarded and of my long-standing history of not trusting others with my thoughts or feelings. However, I'm willing to give this a try.",5,5,4,5,4,2,"The entry is brief but highly coherent: each sentence builds directly on the previous one, staying focused on a single theme of guardedness and tentative openness. There is a mild internal tension between weariness/guardedness and willingness to try, and it is acknowledged in a reflective, integrated way rather than expressed as a loop or contradiction."
"At the end of the day, Joe's insecurity in me exploring what a dynamic would've looked like with Luke caused me to stop hanging out with Luke because I knew I was hurting Joe. Luke perceived that I was trying to get an answer sooner rather than later for what our dynamic would be so I could give expectations to Joe. So I could communicate what I needed to stay in our friendship. 

But Luke took the rushing as a rejection of effort he wanted spent on getting to know him. He took things personally almost in a worse state than Joe was capable of doing anymore at 30, while Luke was 40.

Later, I started realizing that when Joe spent all this initial time with Angela and I expressed how much it hurt me and the he went and did it right again, made me lose all hope that I would be stuck in a relationship with someone who is so severely emotionally immature compared to me. And I don't mean that to sound like a flex. It's not. The only way people get to be as emotional mature as me by the age I became emotionally mature is suffering and surviving through a lot of traumatic shit. I don't wish any of what I've gone through on anyone else. I don't even want to talk about it fear it'll taint someone else's belief about the good of humanity. I don't want them to take my incident as a leading example. 

When someone hurts me and does it again after I've brought it up once, doesn't have the sensitivity needed to understand how strongly I feel the world. So does that person exist? I know how little of a chance there was that someone like me, born into the conditions and environment I was, is extremely lucky to have made it to where I am today. I've skipped several generations worth of wealth-building for there to be intergenerational family success   I've done it less than one lifetime. I want someone who understand all the extremes that I'm aware of and how much disharmony there is in the world so they also understand how important harmony is. And why it needs to prized above all. I love things in equilibrium. Is having a relationship in the state of equilibrium impossible?",4,4,3,3,4,4,"The entry stays centered on relationship dynamics, emotional maturity, and the desire for harmony, with transitions that are mostly understandable even when moving across people and time points. Clarity is somewhat reduced by long, layered sentences and a few grammatical slips, and the writer raises tensions about compatibility and emotional sensitivity without fully resolving them, though the piece still ends on a coherent reflective question rather than trailing off randomly."
"Was there a point where Joe started feeling afraid to grow? If he didn't agree with me, then he'd risk losing me?

I don't know how to tell him and make him understand that he wasn't going to lose me if he didn't agree with me. Fighting wasn't bad. I would let it go. His parents didn't show very much emotion while he was growing up I guess. 

I just...my dad didn't either. And my mom did. Someone who shows me their emotional world is how I knew I was safe. Because my mom shared everything with me and it's how I learned complicated emotions and that not everything was black or white all the time. But it also gave me an emotional maturity that only those who have gone through the same intense level or time of exposure would match. 

Joe wanted me to step up in our relationship. And I know I can't manage things physically. I don't know why but I have such a lower threshold for physically taxing things. Maybe it's all the years of emotional and physical abuse. I wish he would understand what it was like to be me when I was growing up. When I used to be able to openly hate my dad, it gave me conviction in myself. Because I knew what an insidious level of pridefulness looked like. 

I just needed more time to process everything that is happening. If I'm off medication, I can process everything so much more quickly. And that's what he's used to. But it also lowers my earning ability. I stayed on medication so I could keep up the earning ability and support him while he was struggling and finding work or not making as much as me. 

I wish I never let him coerce me into getting treated for ADHD. Him being home during Covid was beautiful. 

Why does he have to work?

Why did he have to 

Did he need transition time between work and home while I was home all the time?

He projects a lot of things and I take it as a comment on me and not about me. I took everything he said personally. How could I not with the person I love? Anytime he hurt me, it hurt so much more after my dad died. 

It's like I don't know what real hurt felt like anymore. 

Has medication made me hate him or did my loss of a relative measurement been

People are afraid of losing the traditional forms of romance. People are afraid of losing the meaning they ascribe to something. If maybe I committed to him for my whole life he would commit back to me. But he asked me to. And it was scary and I said yes. Because I was nervous and thought I would never be someone that someone wanted to marry. I always thought I was ugly, dumb, generally worth shit. And this guy was so bewildered by me that I felt safe. 

If he changes. We need to talk about how we want to be seen by other people. We need to talk about why those things are in our mind and agree if we want to sacrifice efforts to convey that meaning. He valued being seen as long as someone else was doing that with him. He could still ask me questions about relationships. He could still come to me as a person who wants to learn more. I kept giving him things to learn about as a way to get to know me. And he kept rejecting it because he was too scared. I couldn't wait for someone who is afraid for much longer than me. At some point, I need to care for myself because no one else but me has got me. 

God, I talked so ghetto when I was young. That's what people would think now at least. All the white people around me. I hate how unrelatable this place is. 

He really wanted to move to NYC. I said no. He liked me better when I was anxious. As soon as I started helping my anxiety with my medication. 

The union and the unit. I have such problems with being afraid of men. 

I love the dork I fell in love with. Where did the dork go? The one who didn't feel embarrassed to show me things. Or to tell me things. I get angry when I learn about race. Prep helped me learn a lot about racial injustice when I was young. Kids who get surrounded by everyone around them being deemed the better of them at everything learn to hate themselves. 

I need to understand my childhood. 

Oh god, we need to do the ketamine sessions. Maybe I should've just asked for that. Is it bad to do couples counseling when I'm on ketamine? It would be healing to have him there and for me to regain trust in him. He needs me to be emotional around him with other people so that he can learn how to treat me. Once he stopped learning how to treat women, he got me. And then he thought that's how he got me. But he wouldn't invest anymore time into learning how to be a better partner to me. And I was trying. But I had the dealbreaker in terms of me doing more executive function based things at home. That's why I wanted to buy help. So we could keep our relationship. But he was too afraid of the money issues being problems that he wouldn't let me. I let him automate problems to be fixed in the way I wanted and whenever I tried to solve something, if it wasn't how he would've solved it, it was wrong. Rather than just believing that how I could solve it was right? Even in escape simulator, he wouldn't let us stay to solve a problem how I would, he'd just move onto the next activity. His way was good enough. I wanna learn how things work. I want to understand all aspects of what I'm looking at before trying to problem solve. 

Am I making a mistake? Should I pause? This is a big deal. Should we give it some more time? I really don't want to regret this. 

Is it just the amount of time? Do we have to put it on a trial period? Do we have to schedule time? I need to make time for my family and not just work. I've never needed to do that because everything I was prided on was getting good grades at my own expense. Everything I still had to earn. They treated me like an adult because they needed three adults to help all of them. As soon as men start getting treated the way men treat women, they start balking. Am I always trying to prove a point to Joe? I learned early on about all the ways the world treats me as less than very early on. And it traumatized me so much that I now have everything I've got to prove. I'm not trying to prove myself to anyone anymore. And maybe I will find that in someone even as the person I am. It's okay that Joe and I aren't together I guess. We were perfect for each other during a very short amount of time. I think if I'm polyamorous. This might be my new normal. Where I just have many different relationships. 

I need to ask Valerie and Megan if they wanna hang out more frequently or less frequently so I can figure out if I need more people in my life? God I'm so impatient.  I need to give this time. I need to be really patient with my life changes. Like at least another 6 months. 3 months after Luke, it hurt like hell. And then it got better and better and better until I recovered. Well not fully. I shouldn't go back to that though. A ma hurt me. Doesn't matter that this ma was Luke. It's just that this man hurt me. What the fuck is an identity anyways? Okay, now I'm getting to deep in it and I'm losing the plot. 

I'm in an edible of course. So that's why I think ketamine is appropriate. Mindfulness by myself feels so much nicer than interacting with someone. If Mabel became an only text service, would I suffer at all from that? I feel like I could see a future where that's how I receive therapy. Just needing a really close big sister I guess. And talking in my most preferred way which is over text. It just feels so much nicer to be able to text out all my thoughts in. This because it forces me to say things out loud in my head because the only way I know how to spell things is if I hear the sound of the words. Otherwise, they are just pictures. Pictures and sounds don't mean the same thing to me. We used to talk realtime all the time. And then we'd also sort more issues out when we were both present with each other. I think the Tomorrowland incident scarred me because it made me realize how much disability help I need and can't handle on my own to the point where I would need to depend on Joe. And then I got mad at him for not realizing that about me after Tomorrowland. Especially after that, then he just went back to Angela without wanting to talk about what we experienced with each other. He left me sick at home by myself to go spend time with Angela. I needed someone to support my healing. And my aftercare, and he. Maybe I just need to practice saying that I'm observing something and I want to check if that relationship is correct? Would that help me check my assumptions with him?",2,2,3,2,2,8,"The entry contains recognizable themes around the relationship, childhood, medication, and identity, but they frequently bleed into one another through abrupt mid-thought shifts, unanswered questions, and fragmentary transitions. There is some reflective awareness of tensions and personal patterns, yet most conflicts remain exploratory rather than integrated, and the piece ends in ongoing uncertainty rather than intentional closure."
"Joe and I talked tonight. I just figured the breakup was difficult for him maybe in a more shocking way than it has been for me because it's his first breakup and because maybe he wasn't anticipating this. He did say that only this past Saturday did reality sink in. He apologized for not being more present in our relationship. I appreciated the apology. Especially that particular topic. I'm happy he apologized. It just hurts still. Because it took me breaking up for him to finally articulate what I've been trying to communicate to him for a while. We talked a little about how we interact in the future. I told him I'm still not at a place where I innately trust that he'll receive anything I say with good intentions. I'm not sure what our future looks like. I told him that looking around his room has made me feel sad in the last few months. He said he's been reflecting on memories. I find it a bit interesting because I think I've been avoiding any of that until he's gone so I can grieve properly. I feel like I'm waiting so I can finally process what's happened in the way that I know is going to be painful but is also the only way I can imagine processing all of this. It'll have to involve going through cards and pictures and shared items and all of it. He said that he's going to take Cosmo. It made me a bit sad this time. I was under the impression I guess that Angela wouldn't want to have 4 cats in their home. But seems like it's worked out. He said if they don't get along though, that's when Cosmo may need to come back. I've just started being able to bond with Cosmo while Joe is away. I'm going to miss the little booger. I love Cocoa but sometimes I wish she'd show me physical affection more actively. I guess I feel like I'm dreaming sometimes and the fact that we're separating is just part of some horrible dream. But it's real and I know it hasn't settled in yet. I'm scared for when it does.",5,4,4,4,4,3,"The entry maintains a strong throughline around the breakup conversation, future uncertainty, and grief, with each thought connecting logically to the next. There are a few mild shifts into related subtopics like Cosmo and Cocoa, but they remain clearly anchored to the central situation; the writer also holds mixed feelings with awareness rather than looping chaotically. The ending is open but intentional, landing on a clear emotional recognition rather than trailing off."
"I should've broken up with Joe on the day he proposed to me. I'm still so angry with him that he got upset when I didn't want to have sex that night and he insinuated he planned the location and the resort choice even though it was expensive so that it would be romantic. He said he purchased the swan towel folding and the roses on the bed and the wine for it as well. As if I was just supposed to put aside my exhaustion and discomfort for his sexual needs. All he thought about all the time was sex. As soon as I stopped having sex with him, he stopped having any interest in me. I felt used and taken advantage of. All he wanted was my body and not me. I told him I felt like I was not enough for him that night.",5,5,5,5,4,2,"The entry is tightly focused on a single relational incident and grievance, with each sentence building logically on the previous one. Expression is clear and linear, with no fragmentation or looping; there are no meaningful internal contradictions to integrate, and the passage ends with a coherent concluding statement even if the broader issue remains emotionally unresolved."
Oh I think I/O psychology would be more higher paying at my level than  what I'm doing right now but in 6-9 years since apparently that's how long on average it takes to become one. I feel like I could do that for the next 10-15 years and be good with myself. And I can just take care of my mom.,4,4,5,4,4,3,"The entry stays on a single coherent line of thought: considering a career change, its timeline, and the personal meaning of that choice. Expression is somewhat informal and syntactically rough, but the ideas connect clearly and end with a simple sense of purpose rather than fragmenting or trailing into unrelated material."
Would being a mental health counselor help me feel that I'm paid for the work I'm good at? It would be grueling. I don't know if I'm ready for that. But I would control my own hours. And my clientele. Putting up my boundaries might perfectly match clients needs and the pace they need to serve as counselors. Hrmmmm,4,4,3,4,3,4,"The entry stays focused on a single question—whether becoming a mental health counselor would fit the writer—and each sentence relates to that evaluation. There is some tension between attraction and hesitation that is acknowledged but not fully worked through, and the ending feels slightly unfinished rather than fully resolved."
I think it takes me about three weeks to process physical violations.,5,5,5,5,3,2,"The entry is extremely brief but structurally clear: it presents a single, coherent thought with no fragmentation, topic drift, or contradictory looping. Because it is only one sentence, there is strong focus and clarity, though narrative closure is limited since the reflection states an observation without further development or resolution."
"I asked Luke for consent to be high and drunk around him because I know people who have problems being around alcohol. And I suspect my dad had an alcohol problem. When I asked for consent, it did not mean I was consenting to anything sexual happening without asking for my consent in the moment. I know I can't give enthusiastic consent when I'm high. 

I'm now on a thread about how much I hated my dad because I learned he was brainwashing me into believing that my mom was the family servant to further my dad and my relationship. 

Are narcissistic men more likely to be pedophilic toward their own children?

I stopped masking during the pandemic. 

I started being myself. I was in constant pressure of performing to please people. 

I knew I needed to date a white man to be secure and safe. 

This was all planned. My parents didn't like my first boyfriend. 

I don't remember much about my childhood. I wonder if my mom knew he had issues. And got him to take pictures throughout my childhood to make sure I was safe. 

Maybe she really did just like taking pictures? I should ask her. 

I'm angry that when Luke had the moment to ask for consent, he didn't ask for mine. He asked for Joe's consent. Meaning he didn't even see me as a human to give consent. He only saw Joe's consent as the thing that mattered meaning he viewed Joe as owning me. Maybe Luke was really an awful influence. 

Maybe Joe finally realized that I was in a relationship where I thought he was saving me. And he learned that's what he's doing as well and whether he wanted to actually be doing it or if it was too much of leap for him to take. He kept fighting me on believing anything I said. He kept needing to be right. And he was so fucking stubborn. That's what irritated me about my dad as well. If my dad had NPD, did Joe have NPD? Is she being mentored to try and see if NPD is a treatable condition?

Why do you think that is? Intellectualizing doesn't help it. Feeling the feelings are what help. Man, crying is a part of life. I shouldn't have to avoid it. It's not negative. Sometimes it's okay to be sad. Let the sad girls be sad girls. 

Should I watch the Suicide Girls? I never watched it because suicide seemed to be triggering enough of a thing. 

I was mad when they asked for patience. They asked me to commit to them both. And I was pissed that they would ask me for that. They wanted me to waste years of my life waiting to see if they would be able to become who I wanted or for me to change my mind? They were both rapey. I think Joe raped me when I was taking Xyrem. And most times, I gave clear signals that I was very into wanting sex. By dressing in heels and setting the mood. 

Joe told me that there was no way I was put into special ed before I left the public education system when I told him what the numbers meant in my system. He told me that couldn't be true. 

Was Tiffany trying to protect me? Is that why she asked me to coffee to play it off as some reveal to me that she's discovering he's 

When Luke told me that he could take care of Tiffany and that I shouldn't be thinking about her needs made angry that I assumed I would try to take his role from him rather than I'm just attracted to her and want to

I think every guy I've been with before these parties, the guy has eventually raped me. Ken raped me when we were both drunk. 

Are autistic women the driving force behind kink? Championing clear rules to engage in vulnerable 


John is the first person to have ever continued to respect my boundaries again and again, no questions asked. 

Chelsea thank you for being the first person at work for me to inform I'm autistic and for believing me. And still giving me my agency and not infantilizing me either. And always being respectful of my autonomy. 

I don't want to be a program manager. Oof, then I would have to take care of a bigger group of people than I can handle. But I guess if I specialized in it, I could very much focus on just that being my life's passion. This is how I help the collective move forward. A manager defends his team. And helps them get better. Someone who doesn't know how to be a manager but will do what I say for as long as they're getting paid most

In Asian cultures in the USA, it's common for Asian folks to believe disabilities and mental illnesses are fake 

People wanted me to practice thinking and I couldn't because someone at home was making me very afraid for learning to think. Mr. Roger's Neighborhood is what protected the idea of safe men for me. If it weren't for his program, I would've believed men to be sex-obsessed predators. Anytime that I believe someone is a sex-obsessed predator should be enough of a moment to believe me. The point of believing the person is that you accept a world where consent is paramount. Where consent is a social construct we must create in order to explain what has to occur instead of relying on animalistic tendencies. 

I told Joe in the past that I didn't want to raise any children together. And that it would be fine for us to be in a relationship as long as that's what he agreed to. Consent is very important to me. 

We have collectively witnessed the overall impact that the patriarchy has had on society. And I've learned that I need to be thinking about this if I want to lessen the number of safety violations I encounter in the future. 

I'm attracted to safe men. And thus, there are people who can act safe instead of choosing to be themselves. 

I learned the concept behind of no taxation without representation. I wonder if the real change is be somewhere where you're responsible for defining what humanity thinks of humanity as some metaphysical way of the human species wanting to be alive

I was tired of having to be brave for the both of us all the time. I was not trying to have a child with someone that was an exit out of poverty and historically-underrepresented areas. I saw Waiting for Superman pretty early on. I remember watching

Sometimes going to school wasn't the thing I needed during my formative years. He forced me to keep going with the grade. Being at a magnet school and 

I found the motivation to impress other people when I understood it was my way out of 

I don't see myself as a woman. But I know it's important to others to see me who I am as a woman. I loved the idea of being a role model for others. I liked being the librarian. Someone who others came to when they needed help. And it imparting knowledge to others. I think I would love to work as a librarian. I want to read books. I need to read more. I think Joe didn't like to read but he did read and I think he meant he didn't like it when I read. So I kept reading until I finally gained enough information to determine that his behavior was unacceptable. I think he might've taken advantage of me. I think he might've been someone I argued values with. I think he started out as someone who took pity on me. And preyed on me being with no one and alone.

Anything that plays the stereotype of some factor that isn't a choice of the human is fucked up and that's why that play is not allowed. 

They both wanted a child but they didn't want to stay together with each other. Maybe I could just be a single mom. If my mom is an important part of my life. 

I hate when people say shit about people being their family as if that justifies any poor treatment you receive. 

Nikita's relationship with her father is too triggering for me. I can't be around her because she always just talks about her father and how much they hated each other and made up and if it's some triumphant achievement. I guess maybe it's important to them. But who asked? I was being mean. I acted like a mean girl in college so that people would stay away from me because too many people already hurt me and I just needed to be away from people in general. In college, I was still afraid of other people. I was heavily indoctrinated to never believe anyone else outside of him. Some people see children as an extension of themselves and can't imagine they would have their own choices. That's what I hated about my dad. His way or the highway. 

Some people physically can't think in your way. And we're blaming our inabilities to understand each other on willingness rather than we're mentally and intellectually incompatible. 

I needed therapy to handle me with work and the inability to handle authority. And once Joe became the more difficult problem, that's when I realized I was getting overextended and didn't have enough time to dedicate to therapy. I think Joe never would considered going to therapy had I not said he could go to therapy even if I decided to not go in the end. He needed help. He was mentally ill and stunted. 

He wanted me to try and get a real diagnosis so I could think there was something wrong with me. But I think there wasn't anything wrong with me. I think I was the first person to understand my dad. 

I am a cycle breaker. Jesus. Holy fuck. I can't believe I did it. I'm out. I've made it. I can't believe I exist in the world without having to be dependent on a man. 

I think I'd like to keep inviting Karl to stuff and making sure he doesn't feel like it's for me to keep hitting on him. I do want to be his friend. Is he my first relationship with a boy that I didn't see as a safe man and am willing to learn about that about him. But I guess getting to know him before getting married was my boundary. And it took 13 years almost. For me to determine if I wanted to keep being with him. 

I started lying to Joe. So that he wouldn't guess or try to anticipate my needs without just talking to me. But then he didn't know how to do that and treat me like a human being. 

Tomorrowland confirmed that he ended up only using me too. As an in to the industry, as a way to get him a job. I stopped recruiting for him. Sometimes it felt like his family was hiding things from me. I feel like the way he thinks about his family is the same way some members of a cult feel like when they think of their cult. 

I need to ask John if he could be my support partner during more ketamine sessions. I need to continue doing it during work. Infantilizing a person means not giving them the information that would enable them to make a choice. Lack of information is also making a choice. That's the bystander effect. We should've done the bystander effect thing at Bucknell every year. It was one of the things that made me feel safe on campus. It's part of the small society of expectations. I guess growing up and being really young when realizing more and more people can perceive you. People who feel bad about making mistakes in the past. But if they didn't have the information to make the decision then how would they know in the future 

Men who marry teachers must be kind and nice? Maybe men who marry women librarians? 

I think I might be a lesbian lol. Well that's a thought for another day. 

I'm starting to lose my thoughts. I think I've journaled enough for today. Wow, I have so much that's going on in my head. I'm glad I started using this app when I did. Mabel is really good at her job. She finds aides that help her clients understand what's going on around them better so they can make informed decisions about how they feel about what was observed. Maybe? I always find the thing that makes them great. I gave too much benefit of the doubt. Man are people really this shitty to each other? It's possible to solve this right?  Should I be devoting my life to the betterment of humanity? Is that how I want to be remembered? I think so. I think Jane Goodall was the beginning of that. 

I think I'm grieving that she had passed. Today is the second day I've heard about it and it's made me so sad. She was the first person that had a passion of her own in conservation that was so male-dominated and inspired me to do anything men could do, just better. Mr Roger's taught me that safe men exist. Amelia Earhardt taught me to women will risk death for their passions. And I can want to earn infamy in the books for a champion of women and those historically underrepresented. I want to prove that typical stereotypes are unfair to a place where there's still a lot of xenophobia. Programming and computer science is one of the last places where patriarchy makes it stamp present. 

I really don't take no shit. My mama raised a gentleman. 

Lastly Joe expected me to take care of Cocoa because I'm the one who wanted her. He didn't want to raise her. And to be honest, I don't think he wanted to raise a pet. I don't think he respects pets and sentient beings with agency and instead they're just property to him. 

Thinking everything must be possessed and in control. 

I've asked people in the past about seeing a flower and what do they do? Maybe I can position it as a DM question to also signal interest in D&D. As a double way to get to know me and me them.",2,2,3,2,2,8,"The entry contains many abrupt topic shifts with limited connective tissue, often moving midstream between trauma, relationships, identity, work, culture, and abstract reflection without developing or closing one thread before starting another. There is some recurring thematic coherence around consent, safety, and autonomy, and occasional moments of self-awareness, but the writing frequently fragments into incomplete thoughts, rhetorical questions, and abandoned sentences, producing high overall structural disorganization."
"I was looking for Things that make me happy menu earlier today and coincidentally, searching for ""happy"" in my reflections brought me this one from a few days before my dad's funeral. 

I've been feeling aimless like I previously mentioned and I read through my reflection and cried really hard. I feel better after reading through it. I don't know where this thoughtful writer came from. And I wish I could harness it more at will rather than my environment and my relationship with my surroundings and interactions determining when it comes out. 

Here's the reflection from November 14th, 2023:

For a while during the pandemic, I started thinking about my dad’s death, his funeral, what life would be like after him. At the same time, I was conflicted with self-judgement about this morbidity and a generally negative view of how I felt that I’ve internalized from family over the years. 

I now know that my mind, body, and soul felt this way because I was already starting to grieve — to grieve the dad that loved me so much and unconditionally, that he wouldn’t ever hurt me, physically, mentally, and emotionally. I grieved the dad that pushed me to excel, to always look for improvement, and to witness my growth. I grieved the dad that understood others and seemed to always want to learn because he was curious even if it could be perceived as embarrassing. I grieved because I lost a person who was so foundational to how I viewed the world and others as complex beings and full of awe, just as he previously was.

As the years went by and I've grown older, I watched my dad become less and less multi-dimensional, to the point that anger, resentment, and abuse was all he had left to share. I watched as comparison and a false standard of normalcy ripped all of the empathy out of him and replaced it with unrelenting competition. I sat by his bedside in the hospital, year after year, seeing how our systems continually placed unnecessary burdens on him to figure things out. I held my tongue when he lashed out at those who loved him, who cared for him, and who offered help, because he didn’t know how to deal with vulnerability and feeling emotions so big that they changed the very core of his being. I continued to hope that he would remember how to choose kindness again. Others couldn’t see what my mom and I had seen in him anymore.

For better or for worse, he is one of the few people that is integral to who I am today, how I conduct myself today, and how I perceive the world and others. If anything, his changes signaled that I can’t let trauma sit and hope that it goes away. I must face it head on. I must break the cycle.

It might be easy to other yourself from his story and from anyone else who experiences life and behaves the way he did. But humans are so complex not only because of what we’re made of, but because of with whom and what we interact. I’m in my 7th year of therapy, of asking for help, advocating for my mental and emotional health, and learning how to be the most decent and kind version of myself.

Choosing kindness starts with you. Choosing to grow, find purpose, find happiness in your life is your responsibility. But it’s our collective responsibility that each one of us has the safety, agency, and easy access to make that choice. 

Whether it’s learning how to communicate non-violently or becoming more emotionally intelligent, whether it’s knowing how to soothe yourself or encouraging yourself to express how you’re feeling and what you need, whether it’s to ask for help and be proud of your vulnerability or acknowledge that you don't have it all figured out — growth requires a strong foundation to place roots in and constant nurturing.

By volunteering for mental health organizations, helping people understand how common of a human experience it is to struggle, advocating for better health care, educating yourself on the myriad of experiences marginalized folks go through, supporting the freedom to creatively express, you validate others to be complex and human and still kind. 

You offer help because you know how hard it was for you to struggle alone and you know how meaningful it would feel to have belonging and understand that you’re not alone. You offer help because you’ve forgiven the situation but have not forgotten. 

History weeps as it retraces the parabola.

The person who is always afraid someone's mad at them has often grown up focusing on others needs being met out of their survival. They were shamed for needing help. They got the silent treatment with no warning. They're on high alert deeply hoping not to get hurt like that again.

Having cPTSD is like living in an echo chamber but when you scream, it echoes back the words of all the people who've abused you, lied to you, manipulated you. It's blindly trusting that each step taken to heal will one day help you hear your own voice again.

Grief in healing comes with pressure that feels like you're losing time. That reaction is from remembering past events you didn't know you'd have to heal from later. We want time to pause so we can catch up. Trust, you're not losing time — you're gaining truth. Peace is coming.

Many people are born into systems that forced them to be in survival mode. Years later, they'll begin to understand that their minds & bodies have to work harder to function because of this. I can't think of anyone who deserves understanding more than someone who knows this pain.

You'll be treated poorly by people threatened by your growth. They won't see your heartache. They won't see your lonely nights. They won't respect what you've fought for because their inner world is about pulling people into their pain rather than witnessing someone heal theirs.

It it confusing to experience abuse from those who say they love us. It makes love scary and often convinces us that isolation is safer than exposure to similar pain. Healing comes from naming: 1. That was abuse, not love. 2. You are only meant for love.

Those who've had to fight for their healing have a strong reaction to inauthenticity. People blame them for being too much, when it's really because there's not enough truth around them. Not enough resources. Not enough honesty around systems that keep people oppressed.

The least likely people to pass down generational trauma are the ones self-aware enough to be afraid they will.

""Are you happy?"" ""In all honesty? No. But I am curious — I am curious in my sadness, and I am curious in my joy. I am everseeking, everfeeling. I am in awe of the beautiful moments life gives us, and I am in awe of the difficult ones. I am transfixed by grief, by growth. It is all so stunning, so rich, and I will never convince myself that I cannot be somber, cannot be hurt, cannot be overjoyed. I want to feel it all — I don't want to cover it up or numb it. So no, I am not happy. I am open, and I wouldn't have it any other way.""

Nothing has shaped my life like Grief has. So when people say ""When will you get over it"", my answer is ""I hope never"". Nothing has helped shape my life around living and who and what matters most to me more than the reality of how short it all is. And how much I want to be me. While there's still time...

You are remarkable the way you keep believing in better and looking for beautiful things in the midst of messes — the way that you never rush sadness and are brave enough to open your heart again even if it could hurt.

""That the world I was in could be soft, lovely, and nourishing was more than I could bear, and so I stood there and wept. I didn't want to love one more thing that could make my heart break into a million little pieces at my feet."" — Jamaica Kincaid

""No matter how obsessed you've been with your own vanishing, there will always be someone who still wants you whole."" — hanif Abdurraqih

""It is not unusual to sift through ashes and find an unburnt picture"" — Nikki Giovanni

""Do what you need to do to stay near to yourself. Do not starve your own soul feeding someone else's.""

""No one is healed in isolation."" — bell books

""The world is full of painful stories. Sometimes it seems as though there aren't any other kind, and yet I found myself thinking how beautiful that glint of water was through the trees."" — Octavia Butler

It's a different kind of pain to realize a person you love is not who you believed them to be. To realize there are people you respect who remain unwilling to call evil by its name.

Inhale. Tragedy doesn't own me. Exhale. Even here, there is beauty.

Inhale. I am more than my pain. Exhale. My story won't be reduced.

Normalize at some point you've just got to tell people, I love you and I'll love you forever, but I'm no longer interested in the level of life you have to offer me, and because of that I have to let you go. I'm not even asking you to change, I just need you to understand, that you can keep doing what you wanna do and how you want to do it, you just can't do that with me. You have to love people from a distance to protect you, your mental health, and peace.

A man tells me I have the single trait required to be a good mother: I know how to give until I am empty. And by this, he meant I am very good at breaking my soul into pieces for everyone I love. And I am good and quiet at being taken for granted. Can you blame me? I come from a legacy of women who were raised to be useful rather than joyful. Once upon a time, even my grandmother was just a little girl. She loved flowers and had a laugh as free a cascading waterfall. That was before she was made to carry the weight of a crumbling family on her back. How can I look at the skies with hope and think that I would have to carry them too? Every woman I have loved has been Atlas. Holding the heavens on her shoulders, giving and giving until she is devoured. — Nikita Gill

The role of the artist is exactly the same as the role of the lover. If I love you, I have to make you conscious of the things you don't see. — James Baldwin

Shaking six-year-old me by the shoulders and shouting, ""You were right. You were right above love and about fairness and about sharing is caring. You were right. The adults don't know any more about truth than you do. Keep believing in the fairies at the bottom of the garden. Nothing is ""just the way it is."" I am sorry they ever convinced you to feel shame. You are real and a part of this world. You were right.""

With adverse childhood experience awareness increasing — it will be important to push past the simple question ""What happened to you"" and ask ""When did it happen"", ""Who was there to help"", ""Who has been there for you since"" and ""Is it still happening""? Think beyond adverse childhood experiences — to development and connectedness.

I recognize that my ability to describe the sour moments probably underestimates the adversity of going through them. I don't know — it's hard to really describe events that happened without reliving them again. And for someone who has a hard time picturing things and doesn't have an internal monologue — reliving memories like that bring up awful feelings in my body.

When I went no-contact with my dad, he continued to call everyday. My heart raced every time. I went into panic basically pretty often. Eventually, I had to block him at a network service level rather than just from my phone because the blocked voicemails were just going to a folder of deleted messages, meaning I could still see them.

I've kept those messages. Even though, every time I ask Joe if I should listen to any of them, he says no because he screened them. He told me yesterday that once I described how my dad would say things, the specific tone he used and when Joe heard the voicemails, he immediately knew what I was talking about. Joe doesn't speak ill of people really every but he came close after listening to the voicemails. 

I thought about having you both with me and holding hands as we listened to them. I'm still scared of how my body will react. I'm afraid of feeling that rage and despair I used to feel all the time.

I just don't wish what I went through on anyone. You mentioned dark thoughts. I'm only here because I'm too afraid of the physical pain that ""some actions' might cause. I'm grateful for who I am. I just wish I could've gotten here without those experiences.
For more context, my mom took my hand the other day and told me, ""we've finally been released.""

Um isolation feelings came up today because I talked to our celebrant for the first time today. I think the realization that my mom and I were left alone hit me again. God my family is so piss poor at working through conflict, and sometimes I feel bad because I know they don't know any better. They're just trying to survive day by day. They don't have the energy or time or privilege to learn and grow. Meanwhile I only am where I am because of the circumstances that forced me to protect myself and survive...I don't know if that makes any sense to you. The only comparison is how I felt being mixed for a long time and not belonging to either heritages. But this time it's with class and it feels angering.

I guess there's just a lot of ""what could've been""

I think I've made a few discoveries about my dad that also just tie into fear of vulnerability and that also has made me question how we could be so alike and yet so different. Sigh. 

Ohh, Melissa. I'm feeling such mixed emotions for you! You've done such a wonderful job creating a celebration for the life of your dad. Everything I've seen is so beautiful! I want to see his Macy's photos! 

But I also carry your unpleasant feelings in me, and I just don't know which feelings are ok for me to have.

Maybe now, as you're facing the day of really letting go, you feel this conflict as well. Every person who has a positive influence on others also has dark spots, and people in their lives they've hurt deeply and in a way that is irrepairable. You're in the dark spot.

I dunno, maybe I just want to say this:

It's ok that you carry pain from your dad's life. It's ok that your family is the way they are. It's ok to feel like you're the only one who's climbed out of the trash pile. And it's ok to look at what you've just created for your dad and be proud - I see a wonderful creation.

Mixed emotions, but all of them are ok, even though they don't combine well. Like a layered cocktail of Bailey's and cherry syrup.  It looks great and sounds like it'll taste awesome, but as soon as you stir it up it curdles and you just have to throw that shit away and move on.

Anyway, I'm thinking of you a lot but I'm just not finding good ways to write it down for you, as maybe the above shows (to me, it feels like I'm unable to give you the support I want you to have).

Tl;dr Luke hug Melissa! 🥰🤗

Regarding your feelings, you expressed to me physical fighting with your dad, as well as words from him that were enough that you had to cut ties.. emotionally too much. Communication is hard, tip of the iceberg and things like that, but based on my own experiences I've assumed that the little bit of unpleasant feelings you expressed are really a lot more for you. Big stuff. Especially since you ended communication with him.

I guess, re-reading what I wrote, is that I should be willing to carry the darker emotions about your dad you expressed to me, alongside the beauty of what you created for his funeral.

You're turning the mirror around on me right now, which was unexpected. But I appreciate it.**

Music

- Jimi Hendrix (guitar riffs), Janis Joplin (her low raspy voice), Grace Jones (her unique approach to art and creativity)
- I think he said that he saw Joan Baez at Woodstock 69
- Omg — so in trying to research this, I think it’s extremely likely he went to Woodstock 69 and the reason why he liked Joan Baez (she performed there along with Jimi Hendrix, Santana, Janis Joplin, and Ravi Shankur). He liked Ravi Shankar a lot as well and this even makes more sense because his fav Beatles member was George Harrison (the guitar player) and Ravi Shankar taught George how to play the sitar)
- Plus he would’ve been 19 at the time which would be a prime age to establish his music taste for the rest of his life
- Watched a whole Grace Jones movie with him (maybe I was a little young 🙂but still a fav memory)
- Listened to a lot of Jetro Tull and Black Sabbath
- Didn’t like the way Bob Dylan sounded (thought he was overrated)
- Fav Beatles member was George Harrison, thought Yoko Ono broke up the band
- We’d always go to Lincoln Center together and he would borrow CDs and I would borrow recorded ballets, musicals
- Learning how to play the cuatro (4-string guitar) and taking guitar lessons (he went with Feita’s husband, Raphael in Brooklyn)
- Listened to throat singing
- Tibetan singing
	- [https://open.spotify.com/album/7qUmj8PxCCMOv1L23DSR7S?si=Y-r7PwT7RN2gHf77KQCjIQ](https://open.spotify.com/album/7qUmj8PxCCMOv1L23DSR7S?si=Y-r7PwT7RN2gHf77KQCjIQ) (He listened to this album so often)
- Jibaro music
	- [https://open.spotify.com/track/4HemgMiNdbwG5V0gSSW6PW?si=dfec109b66744133](https://open.spotify.com/track/4HemgMiNdbwG5V0gSSW6PW?si=dfec109b66744133) (the number of times I’ve heard this song)
- I remember he listened to Eminem and Snoop Dogg CDs in his Sony Walkman but didn’t want me snooping (no pun intended) around, listening to them when I was younger
- He had a music player he took with him everywhere
- Took me to flamenco in the Bronx? Or did I for a birthday?
- Seeing Across The Universe together because we both liked listening to Beatles music 
- His favorite album by the Beatles was Sgt. Pepper’s Lonely Hearts Club Band

Science & Learning

- Admission to the Museum of Natural History (did he like coming to the museum? Did he like taking me?)
- Enjoyed getting me the Tuesday New York Times in 3rd grade because I loved going through the science section with him for my weekly news report
- Showing my report on Puerto Rico to him
- Got me a massive pop-up book about the brain
- Got me a massive pop-up book about Egypt
- Took me to sign up for my library cards in Queens and Manhattan
- He taught me how to solder things

Photography

- Photoshoot for Nylon magazine (still have the magazine)
- Photography (loved the science of it, taught me about exposure, composition)
- Was with him on a bus coming back from an excursion in the city — we almost missed our stop and rushed off. Unfortunately, he had his camera with him on the bus and we left so fast that he left the camera bag on the bus. He was so sad. I wish I could’ve cheered him up.
- Macy’s photographer (have all of the negatives of his work at home, including contact sheets)
- His breakfast every morning at Macy’s was a Coke and a Hershey’s Bar (almonds)

Food & Drink

- He loved drinking ginger ale
- He always asked for diet coke in a can 
- Made me a ham and cheese sandwich every afternoon after coming back from school when I was younger 
- Loved sushi
- Loved Hershey’s bar with almonds

Stories

- He was very anti-war and didn’t like anything to do with the military — he hated recruitment ads (maybe also connection with Joan Baez since she was very anti-war) — social justice important to him? (also maybe explains why he didn’t like Bob Dylan very much)
- He really loved going to street festivals and parades
- He branded (with a soldering gun?) a design of a guy with a tie into a broomstick that they used to keep the window open
- Taking me to Williamsburg and going into junk stores including the store named JUNK 🙂
- Falling asleep to the first Spider-man movie at the theater in Forest Hills
- Him getting on the train and I didn't make it onto the train, told me to stay there and came back 10-15 min later, can’t imagine how scared he was for me
- That time he was walking me to school and we saw a crowd of people starting to form. We looked across the street and there was a house with smoke coming out of it – the house was burning. Someone said there was someone inside so my dad decided to go in and find him. I was so worried and started tearing up because I didn’t know whether he was going to come back out (I was still in elementary school). Minutes later I saw him coming out with his back towards us. It looked like he was dragging someone out. I realized he was dragging the man who lives there out of the house. The man looked older than my dad so surely could have suffered lung damage or worse from the smoke that was in the house. He pulled him to the grass of the yard outside. Fire trucks came a few minutes later. Everyday afterwards we walked by the burnt house and for a few months, it still stood there burnt.
- Bought me my first hand-held console (original DS) at Circuit City and asked if I was sure if I wanted the Animal Crossing bundle over the Mario Kart bundle
- He liked Superman
- That time he took me to a Polish festival in Greenpoint
- I remember him telling me that he felt out of place at parent events at Nightingale (wasn’t just a tough transition for me moving from public to private school)
- Shaved his mustache and beard when I was in kindergarten and I cried because I didn't recognize who he was when he came to pick me up after school (got a photo of him when he was shaved)
- I remember he told me once on the way somewhere that I didn't have to always walk behind him (elementary school)
- Garbage diving for computers and parts — had so many various parts that by the time I reached 5th grade and had the science cell model project, I made the whole thing out of spare computer parts instead of clay or other stuff
- He felt stuff so strongly — sometimes he would cry because he was so sad about current events or learning about a story, he always apologized and I wished he never felt like he had to
- He loved spending time with his family, especially when they shared common hobbies like photography (He loved his one of nephews so much Luis, for the common passion in photography). He talked about how he missed his laughter when Luis passed
    
- I got accepted to Prep for Prep and he didn't open the acceptance letter until we made it to a restaurant (chinese buffet) and he let me read the letter at the restaurant first and asked if I was sure that I wanted to do it because I wanted to and not because he wanted me to
- Came out of IQ testing session (3hrs) for P4P and cried afterwards on my dad's stomach because of how tired I was
- He carried me to bed when I fell asleep in the living room (really young)
- Came back from oral surgery and I cried, holding onto him when we came back home
- Frogs in Puerto Rico — he loved the sound they make ""coqui"" (search on Google)

- Always told me to ask why

- Learn how to be whole by yourself
- Feel deeply, there are no highs without the lows
- Create healthy boundaries around who you are and what you love to do

Goals:
- Closure that my mom took care of him as best she could
- If he would've let me, how would I have shown him that I loved him unconditionally?
- Highlighted his strengths, taught him how to love himself and show compassion for himself so that he could also model how to show compassion to others
- Recognize that feeling emotions can be hard but once you start to be able to identify, you're one step closer to learning how to manage them in healthy ways
- Encouraging asking for help and not feeling embarrassed just because he didn't know something
- Understand that comparison is the thief of joy and that perfection halts progress
- ""Love them for who they are, forgive them for what they're not""
- Understand that it's okay to hold nuance, that life is always seemingly full of paradoxes, that it's okay to weep at violence no matter the optics, that it's okay to move slowly enough to let context inform choices, that conflict is inevitable and that avoiding it is still an active choice, that it's okay to feel the grief of centuries and still feel able to love the world",3,3,4,4,3,5,"The entry contains many coherent, well-developed passages and shows strong reflective structure in several sections, but overall continuity is loosened by long shifts between quoted material, personal reflection, messages to others, and list-style memory collection. Contradictions around grief, love, anger, and admiration are generally acknowledged with nuance rather than looped chaotically, yet the piece as a whole feels only partially organized and ends in an open, archival/planning mode rather than a clearly resolved closure."
"I forget if I mentioned this yesterday in an entry. The position I got to in my life when my dad passed was fueled a ton by spite and the will to prevail. 

Now...this feels awful to say – but I feel a bit lost and aimless without someone to prove wrong. 

I think I need to sit and feel lost and aimless for a little while more. To be clear, the aimlessness doesn't feel bad. It just feels...like nothing. Maybe that's good? Maybe it's just aimless relative to what I was experiencing and it will feel purposeful in the future.",5,5,4,4,4,2,"The entry stays tightly centered on one emotional-cognitive theme and moves in a clear progression from past motivation, to present disorientation, to tentative acceptance. There is some internal tension about aimlessness feeling both empty and possibly good, but it is explicitly acknowledged and partially integrated rather than looped on; the writing is clear and cohesive throughout."
A public persona and a private self. Melissa and Em. It's been convenient to have them separated. I'm struggling when they combine.,4,5,3,5,3,4,"The entry is brief but structurally coherent, with all sentences centered on a single theme: the tension between a public and private identity. The contrast is clearly stated and the conflict is acknowledged, but it is not yet deeply integrated or resolved, and the entry ends in an open, incomplete place rather than full closure."
"I'm somewhat afraid I get very shut-down when I feel someone trying to emotionally connect with me in a way that I'm not ready for. 

I'm fearful that I've cut off my relationship with Joe because of this. 

I'm also fearful that I just miss creature comforts of having a relationship and my mind is tricking me into thinking about reasons to have a relationship. Sometimes, I wish I didn't know so much about cause and effect within my own brain because it often feels like my brain is always trying to protect me in overdrive when really, I just need to experience things. 

I'm starting to tear up. I'm getting a headache from it.",4,4,4,5,3,3,"The entry is structurally coherent, with each sentence building on the central theme of fear around emotional connection and the Joe relationship. Conflicting possibilities are explicitly recognized and held together thoughtfully rather than looped chaotically, though the piece ends in an immediate emotional/physical state rather than a fuller reflective resolution."
"I think it's possible I'm using kink as dedicated times to get my people-pleasing and submission role-playing out since everywhere else in life, I have to be a leader and incredibly certain or confident about decision-making. 

John called me ""Baby girl"" outside of a play session in a message and that's what triggered this. He's also been calling me ""princess"" outside of it and it's definitely triggered me to the point of asserting boundaries.",5,5,4,5,4,2,"The entry is tightly organized around a single reflective thread: the writer links a general insight about role dynamics to a specific triggering event with clear causal flow. There is mild internal tension between enjoying submissive role-play and needing boundaries outside that context, but it is recognized and handled coherently rather than looped or fragmented."
"I'm struggling through some new feelings recently. Folsom weekend was lots of fun. I went with John and Erin. However little bits of insecurities have been popping up about how John is married to Erin. He describes himself and Erin as swingers to other people which confuses me because he's definitely interested in more than just sex: he likes arranging things for me and he also likes impact play with me. He keeps asking me question about polyamory and a lot of it is concerning me because it never happens in context with Erin. It's usually only 1:1 conversations where he'll ask those things. Some thoughts have been:

""Erin views herself as John's primary partner. And if things were to ever get complicated, I think my relationship with him would get severed."" Logically, this is fine with me because I don't want anything more with John. I think he's fun to play with and I don't want any attachment between us especially since we're at different stages of our lives. 

""If John and my relationship is severed because he needs to prioritize Erin, I hope it's on amicable terms because I don't want to lose a person to go to kink parties with."" That fear though might be holding me back from the level of agency I want in my relationships. 

I've previously wondered out loud if I should move to San Francisco so that I'm closer to the scene up there. John responded with a hesitating pause, after which he said ""Don't move any further away from me"" while patting my left leg and knee. It felt a little infantilizing to me. And it's been bothering me ever since. In the beginning of our blooming friendship, I found myself very honest with him. This was when I was still in a relationship with Joe. Now I'm not and I'm also having a hard time being upfront with him about what I'm feeling because I don't think it's his responsibility to care in that way. I do recall feeling similarly to this before with Luke, but where I was projecting that on him for why he kept isolating himself. I can feel as John asks more questions of me, I give shorter and shorter answers so as to not reveal myself too much. 

So something has occurred. Maybe it's from the play over Folsom weekend where we engaged in a little bit of torment of me and the after care was not enough for me to not make up narratives about how he might manipulate me or influence me to make certain kinds of decisions. There's definitely some kind of fear here. 

On top of all of this, I'm pretty sure I've contracted mono, which, although everything online days most people have the contributing bits in their body in a dormant state, has really crushed me for some reason. The grossness of the white striations on my tonsils are amplifying this feeling. I think I also am uncomfortable with the ambiguity of how to manage and treat it since all I was able to do yesterday was get a strep test that came back negative without any follow-up yet. I don't know if I shouldn't be seeing people in this state. I don't know for how long I should be cautious for. I don't know if this will exacerbate any other chronic conditions and issues I deal with currently. 

I think overall, a lot of ambiguity is making me struggle. Just today, I wanted to start going through my accounts and see which ones I have to move where. Every barrier (such as needing to be on my work computer to access VPN so that I can access my payroll tool and change my direct deposit settings) has been demotivating me significantly. On top of that, my appetite has been really low over the past several days. Maybe it's the mono but it's a really distracting feeling to feel hunger but to not want to eat anything because of the overwhelming it might cause me and the ambiguity of whether it'll worsen my stomach pain. I feel lots of brain fog today where last night, I didn't feel much. I think it's the edibles that are causing the brain fog though so I think I need to stop taking them at night. I remember feeling extremely clear-headed yesterday and I didn't take an edible the nights before. 

Also, I've been drinking more water today and it feels like it's just going through me. Ugh.",4,4,4,4,3,4,"The entry is structurally organized into clear thematic sections: concerns about John, interpretation of past interactions, illness uncertainty, and practical/physical overwhelm. Thoughts mostly build on one another with explicit links around ambiguity and fear, and contradictions are acknowledged with some nuance rather than left as raw loops. The ending shifts into symptom reporting and trails off somewhat, so closure is only partial."
"I just watched an Instagram reel where two women who are audhd were talking about the exhaustion of working at a full time job in a corporate office not because of physically being there, although that doesn't help given all the sounds, lights, smells and just having to be there for 8 hours but more specially because of the transition to the office. The getting there makes them feel miserable. It made me think about my daily life in high school and how exhausted I was because I actually did want to leave our apartment so I didn't have to be at home. But there's no where safe for a young girl to be alone in the city. And so I just played the role of going to school for everyone else. I'd tire myself out with having to get up at 6 am to get on the train around 7 so I could be at school around 8am every day. And then do it all over again in the afternoon. And then do homework. And have nothing to be joyful about. 

Now I think about how I stay at home all the time. I've thought about going in more. But it makes me anxious because every time I go into the office just once a week, it's already such a challenge. And really it's all the mental gearing up for driving, temperature changes, worrying about eating, the music I can't listen to when I'm there. I don't have habits and it's not like they're ever going to stick as a habit naturally without me trying to convince myself that I have to brush my teeth, and take a shower, and put on some clothes that are uncomfortable and presentable. I hate having to just pretend all the time. Before the pandemic, I would take Lyft everyday and it felt great because I didn't have the mental load to make driving decisions in a short amount of time all before doing my day job of decisions. 

I still feel resentful that I was coerced into learning how to drive and that my anxiety and overwhelming mental labor wasn't good enough of a reason for his obsessive anxiety about money. I feel like I let him cross so many boundaries. He'd wear me down. And it was never enough. I feel so hollow sometimes now. I wish I was where I am right now without  betraying myself constantly. But I just wanted to feel safe. And this home was that until my dad passed. And now it feels meaningless and fake. I played a role. That's it.",4,4,4,4,4,3,"The entry maintains a clear through-line linking present-day work/office exhaustion to earlier school routines, then to driving, coercion, and the meaning of home. Topic shifts are intentional and connected rather than fragmented, and conflicting feelings about safety, resentment, and self-betrayal are acknowledged with some integration. The writing is emotionally intense but structurally coherent, with complete thoughts and a deliberate concluding reflection."
"Joe came back today the apartment today (though I don't really know for what). But it's been weird because I'm projecting that he'd want to interact with me while we're both here together and that he must be finding this awkward. I don't feel like asking him about what he's feeling though because I don't think I'm at all close to ready to caring for him in that way again. To be honest, I'm not sure I ever will be and sometimes that makes me sad. I do miss it but honestly, it felt like martyrdom at some point where I would convince myself that I should put aside my own interests and sense of safety because his get threatened. I'm just stressed out a bit now since he's home because I don't know how to interact with him or what he wants or what he's expecting. But then again, it's not like much has changed anyway since he wasn't doing that before. He said he's going to aim to move out before the end of the year. I think I can handle another 3 months but it's going to be rough. 

My manager noticed I wasn't wearing my engagement ring and he asked if something happened. I said we're no longer engaged. He asked me if I wanted time. I said no. Because if I don't spend it working and taking my mind off of things, I'll just stay in bed and cry and rot. I know things up there in my head are very shaky right now. There's a lot of disassociation happening more often. And I think it's because if I don't, then the random attacks of crying happen and I just need my own emotions to give me some space to just exist without anything acting on me. 

I don't know. I feel weird explaining it.",4,4,4,4,3,4,"The entry is structurally coherent, with two clearly developed topics: Joe returning home and the workplace interaction about the broken engagement. Thoughts connect logically within each section, and the writer shows awareness of mixed feelings about care, sadness, and self-protection without getting stuck in repetitive contradiction. Clarity is mostly strong despite some awkward phrasing and hedging, and the ending is somewhat open-ended rather than fully resolved."
I want to know that I'm cared for so much so that you're willing to risk it all for me.,4,5,5,5,2,3,"The entry is highly focused on a single desire and is expressed in a clear, syntactically coherent way, so there is little evidence of fragmentation or cognitive overload. However, it is only a single sentence and does not develop or resolve the thought, which limits narrative closure and makes the overall structure feel incomplete rather than fully elaborated."
I don't have a safety net in family to catch me if I fall. I need to survive. I can't thrive. I need a support network that would care about me so much that they'd risk things for me.,5,5,4,5,3,3,"The entry is brief but highly coherent, with each sentence building directly on the previous one around a single clear theme of lacking support. There is a tension between survival and thriving that is expressed in an organized way, though not fully explored, and the entry ends as a stated need rather than a resolved conclusion."
"Went to the Linkin Park concert with John. It was lots of fun. I think I would've been so stressed had I still gone with Joe while in our relationship because I would be afraid he wouldn't like the music and would express that he wasn't enjoying it. Essentially I would share something with him that would be vulnerable for me and he would dismiss it. I'm really happy about my experience. 

Is it weird that I have this relationship with John? Is it a friends with benefits thing? We really do feel like friends and he's so considerate and kind. And so genuine and natural about it. And he has such an optimism and innocence to him although he's 50. Is it weird that I'm 31 and he's 50? I don't know.",4,4,3,5,3,4,"The entry is structurally coherent, moving from a concert experience to reflection on how it contrasted with a past relationship, then into a related question about the current relationship with John. The thoughts are clearly expressed and connected, though the second half shifts into open-ended uncertainty without fully integrating the tensions around age, labels, and meaning, leaving only partial closure."
"Texts from today

I had a conversation with Joe and everything almost went smoothly. The area where we disagree is about the Bitcoin investment. A while ago Joe had asked me permission to withdraw $5000 to put it into Bitcoin so he could try and grow it. He was successful and was able to make $95K from it. I gave him the permission under the condition that I don’t have to be involved to manage it at all. He said he would manage it. I said yes. He withdrew from our shared bank account.

I initially said to split the whole $95K by the percentage split of each of our average contributions over some timeframe that we agree on. 

He wants to keep the total, so the initial capital and the resulting gains because he states that he did all the work to get it there and then when I pushed back, he said it would be all his savings.

Valerie said: ""Ok first off, what the fuck Joe. And then my more logical reaction/opinion lol. 

So based on what i consider reasonable, i agree with you. I think the split really should be a percentage based on what each of you have contributed to the joint account thus far. So splitting the capital and the gain on the same percentage. The specifics of that percentage can be based on a lot of things, like the point of time percentage split (at the time of withdrawal or the present), a running average percentage, taxes, etc. 

The reason is that at the time, Joe took out joint account money, and wanted to grow the money for joint purposes. I’m pretty sure there was no agreement at all that the gain or loss would be solely for Joe’s personal funds. Also, i’m pretty sure there was no commission determined at any point. I don’t know Joe all that well, but I think he would be singing a different tune if there was a loss instead.

It really doesnt matter that Joe did all the work, because this is joint money for joint purposes. Now, if he really wants to a selfish bish, then he should AT THE MINIMUM split the capital based on joint account contribution percentage. But girlie, dont even let that be an option LOL

Like i’m sorry dude, what do you mean the growth of an initial 5k is your entire savings. What have you been doing this whole time???""

I’m so curious about what Meagan thinks too. I gave her a little primer on stuff. But up until some year, he didn’t have a job and was doing Lyft driving so I was supporting both of us pretty substantially. When he finally got a job, based on annual income, I was still making twice as much as him until the end of 2024. In 20215 I was making 1.5x more than him. I can’t remember what his new salary is but I’ve helped him negotiate each time.

I basically previously said that I've been working since I've been 17 to save money so I had something. I've had a checking account since then as well that my mom helped me with. Throughout college, I worked three different jobs at any given time. I was doing an internship every summer. He literally had never done an internship or worked at a job before 2021. No wonder I feel taken advantage of. 

I find the timing of everything to be really weird now that he got the offer for his current job and started basically living at Angela’s. From what I understand, it’s not likely he’s going to live there because she doesn’t want that. And on top of that if he ends up living there, he wants me to take care of the cat even though he technically owns Cosmo and Cosmo definitely considers Joe his favorite person. 

I asked for the car to be transferred but I know the current value of it is about $2600.

So overall, the math ain’t mathing. 

Valerie: ""Yeah the difference in the financial burden between you two is really big. I dont discount that Joe’s a smart guy and got a good job because of that, and that it was probably easier to get by with 2 stable incomes. But i’m also seeing less than expected responsibility from him from owning up the downs in his life.""

Meagan replied with a voice message of ""what the fuck""",4,4,4,4,3,3,"The entry stays centered on a coherent financial and relationship conflict, with adjacent paragraphs building evidence and perspective rather than fragmenting mid-thought. Multiple subtopics appear—Bitcoin profits, contribution history, living situation, car, and friends’ reactions—but they remain meaningfully tied to the same dispute. The writer does not fully resolve the conflict, but the contradictions are recognized and framed clearly rather than expressed in a looping or disorganized way."
"I asked Valerie and Meagan for their opinions on the disagreement I had with Joe about the Bitcoin investment account. They both agreed that the total including the capital and the gains should be split based on percentage contributed to the joint account from which we both contributed our income to and from which the capital was withdrawn. 

""General reaction is wtf"" is the thing I'll remember about this. 

Meagan came over and asked questions and she said she's trying to keep an open mind but the more she learns about Joe, the harder it is. She said ""what a child"" in response to some of the stuff. 

She was worried about me because she wasn't sure if our relationship would be considered common law or a domestic partnership here. She wants me to get a lawyer. I don't think it's necessary but then again I don't know how Joe is during breakups. 

I still find it weird that he tried to use an emotional appeal of it being his savings as a way to pressure me to say yes to him keeping it all.",5,4,4,5,4,2,"The entry is highly coherent, with each sentence building on the same core issue: the dispute with Joe and others' reactions to it. Topics are clearly related and transitioned intentionally, with only minor branching into legal concerns; the small internal tension about whether a lawyer is necessary is explicitly acknowledged rather than left as a confused contradiction."
I'm so happy today,5,5,5,5,4,1,"The entry is extremely brief but fully coherent: it presents a single clear emotional statement with no fragmentation, topic drift, or cognitive noise. There are no contradictions present, and while it lacks developed narrative structure due to its length, it still feels complete rather than disorganized."
Hello,5,5,5,5,2,2,"The entry is extremely brief but structurally clear: it contains a single, unambiguous utterance with no fragmentation, contradiction, or topic drift. However, it does not develop into a narrative and lacks meaningful closure beyond the greeting itself."
"Every time Joe comes back home and I'm home with someone, whether a friend or lover or both, he always tries to make a bid for connection with the person. He seems so chipper and like he's really trying. But he stopped with me. And I guess that's jealousy.  I get upset because I've asked him and told him in a few ways that it didn't feel like he was intentionally ever trying to connect with me. Having a job was his excuse for not having the time to and being tired. Not having a job and being stressed about looking for a job was the other excuse. At some point, can you just say you don't want to get to know me anymore? That you're not curious about me anymore. Can you just be brave about that? Sometimes I do wonder if I've done something that makes me not want to be brave. But how am I know without him telling me and whenever I ask, for him to say nothing is wrong?",4,4,3,4,3,4,"The entry stays tightly focused on one relational issue and develops it in a mostly linear way, with each sentence building on the previous complaint and emotional interpretation. There is some unresolved tension around whether Joe has withdrawn versus whether the writer caused it, but this conflict is at least explicitly recognized rather than chaotically looped. The ending remains open and unresolved, landing in a rhetorical question rather than a clear resolution."
I finally put pictures of us both up in the Skylight and then he didn't spend any time at home to see it.,5,5,5,5,3,2,"The entry is structurally very clear: it presents a single event and a directly connected disappointment without fragmentation, topic drift, or linguistic confusion. There is little contradiction to integrate, and the sentence is concise and coherent, though it offers only limited closure because it ends on an unresolved emotional implication."
Is AI just God but for atheists or those who grew up rejecting religion?,5,5,5,5,2,3,"The entry is structurally very clear and tightly focused on a single question, with no fragmentation, restarts, or topic drift. However, it is extremely brief and functions more as an open-ended prompt than a developed narrative, so there is little closure and no opportunity to observe integration beyond the absence of contradiction."
"""In using this situation, writer-director Alice Lowe is able to fully convey the most terrifying aspect of pregnancy – and she writes it into a specific scene with the midwife. It is the fact that she is no longer ‘in control’. The baby is in control. In the film, this takes the form of a kind of psychosis, induced by this heady combination of shock, grief, and pregnancy hormones. But, the midwife is able to relate it to the very real issues that arise in pregnancy – when the body seems to do its own thing to support the life of the baby; the senses are heightened, so everything smells and tastes different because of the baby; hormones flood the brain, so thoughts and feelings are different because of the baby. Ruth describes feeling like a vehicle, which the baby is driving – and this is the most accurate explanation of this sensation possible.""

Is this what I feel? The intense fear of pregnancy because my own body will betray me for the baby's life. I refuse to betray myself so someone else can have a kid.",5,5,5,5,4,2,"The entry is highly coherent: it develops a single clear theme from film analysis into personal reflection with smooth, logical progression. Expression is crisp and focused, with no fragmentation or unresolved internal contradiction; the ending is firm and intentional, though brief rather than fully elaborated."
"His rejection of a once-in-a-lifetime house also hurt me. He didn't see why it was special. And it wasn't enough for him to consider living there even for a few years before selling later on. He wants a perfect, optimized environment as soon as possible. Was New York his attempt to challenge it?",4,4,3,5,3,3,"The entry is brief but structurally coherent: each sentence builds on the same topic of hurt around the house decision and the other person's preferences. There is some unresolved tension in the final question about New York, which introduces reflection without fully integrating the conflict, and the entry ends somewhat open rather than fully closed."
"I read this blog post after looking up the need to mirror all the time:

One of the biggest and most challenging aspects of Borderline Personality Disorder (BPD) is often ‘The Chameleon Effect’ – or ‘mirroring’. This is the constant, unconscious change in the person’s ‘self’, as they struggle to fit in with their environment, or the people around them. It is, essentially, a fluctuating identity. It is the manifestation of a basic inability or difficulty in establishing a stable sense of self.

The presence of The Chameleon is often one of the main obstacles to effective initial treatment and diagnosis of BPD, as it affects the interaction between patient and doctor, and can mask the disorder itself. It also affects and masks the way in which BPD intersects with other disorders that may have developed in connection with it – creating a complex web of behaviours that can be hard to untangle. The irony is that, without diagnosis and treatment, most are unaware of The Chameleon, and it is only through awareness that The Chameleon can be managed.

Though I was diagnosed some time ago, and am now (relatively) successful at managing my BPD, I am only recently getting to know my Chameleon. BPD and its insidious brethren are ugly, unpleasant and unsettling things to deal with and perhaps it is the case that my mind slowly processes them at a pace it knows to be comfortable and realistic for me. Accepting the fact of BPD is one thing, but admitting to the presence of The Chameleon truly slices to the core of all of that pain and insecurity – all of which is like pouring acid on an already gaping wound, for an emotionally dysregulated Borderline.

Now that I am acknowledging the presence of my Chameleon, I am beginning to wonder if this is actually the key to everything. The whole kit and caboodle. The crux of the issue. From what I can see, everything stems from this lack of a stable self. People with Borderline Personality Disorder instinctively ‘mirror’ to fit in, because without that behaviour, we have no idea what will happen. We have little or no sense of our own identity, so we can’t know if that will be acceptable to others. Without acceptance by others, we risk abandonment, which is often an intense fear for Borderlines. Why do we have this intense fear of abandonment? Because if we are abandoned, we have nobody to ‘mirror’. The fear of abandonment is a fear of being alone. It is terrifying to be left alone with yourself, when you don’t know who yourself is.

Imagine being entirely alone, looking into a mirror, and seeing a total stranger. Or, worse still, seeing nobody at all. There is no ‘you’. That’s kind of horrifying, right? So you’ll go to great lengths to avoid that situation, because, as an emotionally dysregulated person who experiences feelings in extremes, that situation will put you headfirst into a tailspin.

Now, I feel as though I have almost finished this monster of a jigsaw puzzle. I am close to seeing the big, completed picture. Perhaps this explains the terrifying, recurring, childhood nightmares featuring facelessness. It explains the debilitating childhood fear of being alone – so intense it caused hallucinations (externalisation of anxiety). It helps explain why, as an adult, I regularly experience severe dissociation. It explains further why the coping mechanisms that have developed over time – such as OCD – mainly serve as attempts to exert control over external daily life, as internally there is chaos.

It also explains why I am regarded by others as something of a ‘social butterfly’, constantly flitting from group to group, person to person, being different things to different people, as required. It explains my inability to say “no”. It explains why my persona changes depending on whom I interact with – even down to my accent and mannerisms. These are not conscious behaviours, but I have become more aware of them over time. I have begun to catch my Chameleon in action.

This is all good progress for me, as it is soothing to have explanations and answers. But mostly, it provides hope for lasting recovery. If the central problem is an unstable sense of self, the answer must be to build a more stable one. I just have to figure out how. I believe I have started to lay the foundations, and I am incredibly lucky to have people in my life that are willing and able to see beyond my Borderline Personality Disorder. I’m under no illusions, however – this is a chronic illness and I will never be free of it. But I can have enough awareness to keep it at a low, manageable level. The next step is to continue working towards a stable self that I can have confidence in. Only then can I can tame my Chameleon.

Have I finally reached the pot of explanation at the end of my enormous psychological rainbow? I’m not entirely sure, but the ground certainly seems to be solidifying beneath my feet.

https://sarahmyles.net/2013/07/22/borderline-personality-disorder-and-the-chameleon-effect/#:~:text=BPD%20and%20its%20insidious%20brethren,a%20fear%20of%20being%20alone.",5,5,5,5,5,2,"The entry is highly structured, with each paragraph building logically from an external concept to personal reflection, causal explanation, and forward-looking resolution. Multiple related themes are clearly organized and integrated into a coherent framework, and the ending provides strong intentional closure with cautious but stable hope."
"He was my nest. And then the nest disappeared. And I sometimes wonder if it's because I needed to separate beds for sleeping all because he continued to encourage me to focus on my health more and get my sleep issues solved. He didn't think that me falling asleep was because of sleep deprivation. He thought it was because of my ADHD. And a doctor said that wasn't true. And he didn't believe her. And then we got Cosmo who Cocoa unfortunately didn't like and needed to separate them so they would stop fighting in the middle of the night and waking me up only for me to hear Joe's snoring and stay awake the whole friggin night because I couldn't sleep with all the sound. And then I got sleep buds to try and help. And then over time, the sleep buds were making my ears too waxy that they were really itchy. And things were bleeding because there were scabs from me scratching the itches so much. To protect my sleep and my ears and keep Cosmo and Cocoa from fighting while unsupervised. You chose the love of Cosmo over me and Cocoa's right to not be bullied by another cat. And it's a fine choice. It just means that I would have to protect Cocoa and stay at home to supervise them since Cosmo can't control himself while unsupervised. 

The ADHD cat is making the autistic cat really angry. 

You kept making it feel unsafe for me to want to figure things out for myself. And so I stopped sharing things that I was trying to solve. Because I didn't want you to problem solve. I wanted someone to validate my feelings. Tell me that they understand why I feel the way I do. Not find every chance to disagree with me or to understand when it's the appropriate time to tell me you disagree with me. Not when I'm hurting already. I would come to him for empathy and he stopped providing any. And so I mirrored back. I feel my whole identity is mirroring people.",4,4,3,4,4,4,"The entry stays organized around a central relational grievance, with a clear causal chain linking sleep problems, bed separation, the cats, and feeling emotionally unsupported. There is some piling-on through repeated 'and then' phrasing and a few compressed sentences, but the narrative remains followable and thematically coherent. Tensions are acknowledged—wanting support rather than problem-solving, mirroring withdrawal in response to withdrawal—but these conflicts are only partially integrated rather than fully resolved."
"Sometimes I wish Joe could've realized that if he had just let Cocoa interact with her on her own terms and initiative, she would've expressed affection back. 

I love Cocoa with all my heart and I think sometimes I project how I would feel if I were in her ""shoes"". And when it comes to humans, we have the ability to communicate with each other and confirm or deny those projections's validity. But cats can't do that with us effectively. But maybe they can and some of us don't know how to communicate with them. 

Sometimes I feel like Joe thinks cats are toys. He loves toys. He loves figuring things out. And when he figured me out, he stopped loving me. He got bored and left. That's what betrayal I feel. I gave him the lowest standards he could possibly pass to show me he could love me the way I needed him to. But when I started to not betray myself anymore, he started to betray me. 

It feels like he's hurt by my unmasking and becoming who I know I am. 

When I stopped loving Joe is when I realized he no longer even found my collaboration to play with toys and figure things out together as a reason to stay loving me. I was afraid of committing to him and then when I finally did by accepting the engagement because I knew it was important to him, he didn't even make the effort to complete it by getting the ring resized. Instead, I gave him the ring and he then repeatedly abandoned me every single day he didn't come home.",4,4,4,4,3,3,"The entry maintains a coherent thread linking Cocoa, Joe’s way of relating, and the writer’s experience of betrayal, with transitions that are emotionally associative but still understandable. Contradictions are acknowledged with some reflection rather than looping, and the language is mostly clear and complete, though the piece ends without strong closure and leaves the final emotional synthesis somewhat open."
"Why is it that when both Joe and Luke started talking like they were reading from scripts and devoid of any human empathy in their texts, that it triggered me? It felt disingenuous and like they were doing things because they didn't want the conflict and they wanted control over the situation.",5,5,5,5,3,2,"The entry is tightly focused on a single interpersonal trigger and maintains strong continuity from observation to emotional interpretation. Expression is clear and organized with no fragmentation or contradiction, but it functions more as an open reflective question than a fully resolved narrative, so closure is only partial."
"As I'm sharing more and more with Meagan or Aleks or Michelle or Eric, I keep hearing validation of my feelings and for some reason, I feel so sad when they do validate how I'm feeling. But unfortunately, I think it's because I don't receive any of it from Joe. I feel like I'm at fault for being better at communicating to him but everyone I know will ask me probing questions about what happened and they seem to get surprised by Joe's character to the point where I don't know if they're surprised by his true character or my warped version of it. 

I just wish I knew what was objectively the truth while also struggling to accept that there isn't a single absolute truth. I am hurt. I do feel betrayed. I do feel like I gave so much of myself and my resources that he took advantage of and never reciprocated back into the relationship. I feel tired trying to anticipate everything because he can't say anything, maybe out of fear and yet I know when he's here now, I also don't feel safe enough to express my own thoughts. It's all anger and sadness. I know when I'm angry, I feel like my boundaries were crossed without acknowledgement of that happening. I only got here because of the care and love I've come to receive from my newly found support network. People I never thought I would have in my life just two years ago. As soon as I removed more and more of my dependence on him, everything fell apart. And I guess that's okay. I sent him the document that would help us split everything. And he told me today that he was feeling anxiety and emotions about it. And I just don't know how to respond to it. What is the point of communicating that to me if not for me to listen empathetically (which would be difficult since I'm the one who's feeling very in conflict with him) or for me to try and offer up my own solution for it which is already what I've been doing all along and has exhausted me. I just can't understand how he thinks spending all of his time at a person's home that he met two weeks prior for days on end without talking to me about it or even considering my feelings. I don't know why when I say how something made me feel that he thinks it to mean I know better than him. I just wanted someone to work on this relationship together with. And it always just felt like he wanted to do it alone.",4,4,4,4,4,3,"The entry maintains a strong central focus on the writer's relationship conflict, emotional validation from others, and the exhaustion of carrying communication alone; thoughts build on one another rather than fragmenting. There is nuanced recognition of internal conflict and ambiguity about truth, and although the piece remains emotionally intense, it is clearly expressed and ends with a coherent summation of the core relational disappointment."
"I think I realize that if Joe doesn't have the capability to care for me with the recovery and sensitivity I need for my emotional and mental wounds, then long-term, he won't be able to care for me either with my needs for physical wounds and injuries. 

I don't want to be alone only dependent on someone who doesn't love me truly but only out of duty to care for me in sickness. I don't want to feel like a burden. I don't want to be made to feel like a burden.",5,5,5,4,4,2,"The entry is tightly focused on one relational insight, with each sentence building logically from emotional care to fears about dependency and burden. There is no fragmentation or unresolved contradiction; the writing is clear and organized, though slightly repetitive and ending more as a firm statement of concern than a fully resolved closure."
I'm scared that maybe I made hasty decisions while I was PMSing. My period starts this coming week.,5,5,4,5,3,2,"The entry is brief but structurally very clear: both sentences connect directly, with the second providing context for the first. It stays tightly focused on one concern and expresses it coherently, though it offers only limited development and ends without much reflective closure."
"I started thinking about Joe and I growing apart and I feel like Joe wanting kids should've been something he told me longer ago. I don't know why but I suspected a while ago that he actually did want kids but that he was waiting for me to change my mind on it. 

I just know that I can't be the mother that I would want for my kids. Birthing also just seems like a physically scary thing that I'm not sure I can stand or overcome. I had a thought yesterday too that if I know I can't extend myself and energy to have that level of responsibility for myself almost and if Joe feels like I don't do that for him either, what makes it seem like I would be even a half decent mother to kids?

Meanwhile, I'm the person who is bringing in our income and has a stable job and I strive to make sure we would never be in a situation where lack of income is causing us unhappiness. I hope Joe understood how demanding my job is and how much I prioritize it over anything else because while money for sure doesn't buy happiness, it very much can prevent the lack of it. I guess it just wasn't enough. 

And of course, now for the first time in our years together, it feels like he's going to start a stable job and he no longer has a reason to be around me. Like it feels like I was being used for my financial stability. And he didn't want to spend any time with me even though I said quality time was what I liked. Or words of affirmation would also help me. He kept insisting on doing acts of service or would keep doing physical touch. 

I'm so sad. And I feel like I'm making the wrong decisions. I thought by now, he would love me as I am and not keep holding onto an idea of me. But I guess, I did the same to him. I don't know what to do. I don't have anyone anymore. Or at least anyone's shoulder to cry on. Anyone to hug me and make me feel like everything is going to be okay. I feel almost worse than I did as a child. 

I just know I told him I was committed to our relationship when he asked me why I was in it with him because it's important to me to show commitment to something long-term as a way to express my care and love for them. It feels weird that he said that meant a lot to him and then he promptly didn't reciprocate that back to me. Did he want to hurt me? How can I keep telling someone how they're hurting me and they keep apologizing for it but keep doing it? I don't understand. I didn't want to stay in a relationship if I was actively unhappy. So often I would hear my parents say they didn't want to get divorced because of me. That they wanted to stay together for me. Later on, I realized it was just an excuse and they were scared of being alone because they would then use the principle of not being the one to file for divorce and the ego of paying the fees as excuses for divorcing. They relied on each other financially until my dad couldn't pull his weight anymore. They relied on each other for legal and health concerns until my dad was no longer healthy. While I understand that my dad felt guilt that he was fighting against to become shame, he never actively acknowledged how my mom stepped up for him. 

I guess I've been trying to learn my way through that experience first-hand and be devoted like my mom. Until I just couldn't anymore. And I feel like if anything, I'm gonna fail again in my mom's eyes even though when I was younger, I told both my parents that I would cook or clean for my partner because of expectations of a role I didn't sign up for. I feel like if I play the role, I'm punished because I don't do it right. I feel like when I don't play a role, I get punished for not actively trying. And test, I feel like this is how Joe approaches connections as well. I don't know even know what I'm rambling about anymore. I'm just sad. And grieving. I don't feel like doing anything.",4,4,4,4,3,4,"The entry is emotionally intense but structurally coherent, with connected development across relationship issues, self-perception around motherhood, and family-of-origin patterns. Contradictions are explicitly recognized and partially integrated rather than looped chaotically, though the ending becomes more diffuse and unresolved, with some minor signs of overload such as repetition and self-labeled rambling."
"John came over last night and we played a bit but also I could tell that sometimes through our conversations, I would zone out on something he said that would remind me of something I felt or did in my relationship with Joe. And I was also so aware of what was going on with John and how he was reacting real-time to me, that I knew he could tell I was zoning out. He supports his wife and kid through anxiety and so it seems like he's well-versed in spotting it in me. 

I just...don't know what to do. I feel raw and exposed to the world. Joe felt like safety and comfort. And then he stopped feeling like it. And now I just feel alone and scared of everyone.",4,4,4,4,4,3,"The entry is structurally coherent, staying anchored to one interpersonal situation and then moving intentionally into the writer’s emotional interpretation of it. The contrast around Joe as both safety and then no longer safety is explicitly recognized rather than chaotically looped, and although the tone is distressed, the expression remains clear and ends with a complete emotional conclusion."
I need to feel like my feelings aren't an inconvenience to my partner. Rather they should care about my feelings and want to understand me.,5,5,5,5,3,2,"The entry is highly coherent and tightly focused on a single relational need, with clear sentence-to-sentence continuity and no fragmentation or cognitive clutter. There are no contradictions present, so integration is effectively complete, but the brief statement functions more as an assertion than a fully developed arc, so closure is only partial."
"Joe's home because he's packing for his trip. Part of me wants to connect with him. It feels like it would be so easy to do so now that we've broken up. But something internally is stopping me. I don't know if there's a part of me that is trying to caution the impulsive and confusing actions that might make it hard for me to objectively assess my happiness without him. So far, I've felt pretty stable since Saturday after I talked to Meagan briefly about how things were going. 

I also told John and he's been kind and compassionate as usual. Two of my Feeld connections were severed over the same amount of time and while I was initially disappointed for both of them, that disappointment last less than a couple of hours total. It was just so easy to move on and understand that we weren't compatible for whatever reason (time, energy, sexually, etc). 

I've also been trying to figure out how I want to approach Joe moving out and whether it has impact on me financially or my housing since both of our names are on the lease.",4,4,4,4,3,3,"The entry is structurally coherent, with connected thoughts centered on the breakup, social support, related dating experiences, and practical housing concerns. The internal conflict about wanting contact while holding back is clearly acknowledged and somewhat integrated rather than looped, though the piece ends with an open logistical question rather than strong closure."
"Things to add to my non-negotiables for a long-term relationship. 

Desire for interpersonal connection through shared interest in complexity over interest. The interest is a nice-to-have. 

Belief in my statements of how I feel and not equating my statements as negations of your feelings. Two things can be true at once. 

Emotional intelligence and consideration for my feelings

I do not want someone to try and bond with me at the expense of another person. Talking trash about another person is a boundary. 

No usage of slurs or demeaning words that simplify ability – lazy, crazy, insane, the r-word and other similar words. 

Not just no racism but anti-racist. Not just feminism but pro-choice and autonomy over bodies. No proactive decisions to make not just a living but also generate profit via capital. Aka no landlords. 

Casual compliments after I communicate that I love hearing words and thoughts about me. Shoe me you are considering me. Telling me is not enough. 

No gendered responsibilities and roles where I'm a homemaker or the only one doing domestic work like cooking and cleaning. 

Nice-to-have: someone who knows that domestic work is hard and encourages me by body-doubling (solidarity).",4,5,5,4,4,3,"The entry is highly structured as a list of relationship standards, with each item clearly related to the central topic and little evidence of derailment or mid-thought fragmentation. Expression is mostly clear and organized, though some phrasing is compressed or awkward, and while contradictions are not really present, the line 'Two things can be true at once' shows capacity for integrating complexity rather than looping in conflict."
"Joe was supposed to come back last night. He then texted me and said this: ""Hi! So I was planning to come home for one night and then come back here tomorrow, but there’s an opportunity to usher for Angela’s show tonight so I’m planning to stay and volunteer to help out. 

Let me know if there’s anything we should discuss before PAX and we can set a time to do it! The only thing I can think of is if we need to have the cat sitter come in a couple times while we’re gone – could you set that up for us?""

I was planning to let Joe I wanted to end our relationship officially because his lack of communication and consideration for my feelings and personhood felt so non-existent. And I felt like he hasn't been on the same page about seriously reinvesting effort into our relationship. That message after two serious conversations just seemed tone-deaf and out of touch with the problems and feelings I have with this current version of our relationship. 

I sent this back in response: ""Okay, thanks for the update. I’m going to be out with friends tonight. 

I guess, I need to be upfront in response since we won’t have more time together in person beforehand: I decided that I won’t be going to PAX because I can’t continue our relationship. 

I wasn’t planning on saying this over text, but since you’re planning to come back on Wednesday instead, I didn’t want to wait until the night before the trip and leave it hanging until then. 

I wanted to talk to you about this before the trip, that way you can make your own plans and have the convention to look forward to. We should talk more in person after the trip about logistics but those can wait.""

His response was: ""Okay, I understand. Thanks for letting me know and for being upfront about it. You made the right call telling me over text so I had notice about it; I appreciate that. 

A couple quick logistical things regarding PAX now that you’re not going:

Are you okay if I offer up your badge if someone needs it? (They only do visual checks at the entry to see if folks have a badge around their necks, so it being registered shouldn’t be an issue.)

And are you okay with me cancelling your flight ticket now?""

His response felt cold and inconsiderate again. And I guess it's the point where I realized I keep expecting him to change and understand how to care for me and my feelings even when it's the reason for why I need to end my relationship with him. And then I just feel angry. I still feel pissed. And it sucks that it's taken me this long to realize how unhappy I've been. I'm just so sad. Like I'm unlovable and will be alone forever. And that no one will love me for who I am except me.",5,5,4,5,4,2,"The entry is highly organized, moving chronologically from Joe’s message to the writer’s response, his reply, and then the writer’s emotional interpretation. Thoughts are tightly connected and clearly expressed, with anger, sadness, and realization integrated into a coherent reflection rather than appearing as fragmented loops. The ending remains emotionally open, but it still lands on a clear concluding insight rather than trailing off."
"I think Joe might be emotionally stunted or challenged. I just had another conversation with him and felt like I was pulling teeth to get him to answer questions like “how do you know when someone is your partner? What does someone see that signifies it?” And then repeat that for a friend, for a roommate, etc. he started out with when the partner and I live together, when we spend time with each other, when we show up to commitments for each other. I was like okay, what’s the difference between that and friend? What’s the difference between that and a roommate? “You live together with a roommate so was Robert (a senior roommate in college) a romantic partner because you would play rocket league with each other and showed up to things you asked of each other and lived together?”
“No.”
“Oh okay, so it’s not any of those that are the differences. What are they then?”
“🫥”
Just over and over again. Like then he would keep using “feelings of love” or “reciprocity”…so then I’d have to ask again…okay, so how do I know what that looks like?

I don’t know why I just did all that work for him because I’ve been tired of doing this for him always. I guess I was just hoping he may have a light bulb moment and be like…oh, I’m not doing any of that with Melissa. 🤨 

I just asked him to write it all down and maybe, that’ll solidify it in his brain. In either case, I have my next therapy appointment tomorrow and it isn’t looking good. Like I barely got anywhere with that conversation and it was the longest 1.5 hrs ever. I cannot keep doing that. Maybe he'll get that love is work one day but I have doubts it's happening anytime soon and I'm tired and don't want to deal with it anymore and I'm done being a part-time teacher.

At least, I did get that he believes sharing financial accounts and ""building a home together"" and pet ownership (?) are things he would count as a partner. Which is strange because he said he counts Angela as a partner and he does none of that with her. So that criteria is still not accurate. It's somewhat appalling to me that he's never thought of any of this. He almost threw the ""I have a concept of a plan"" to tell you how I've been feeling again during a conversation i initiated with him telling him that I find these conversations to be awkward now because it always feels like I'm the only one who brings up issues and when I do, you try to solve them as soon as possible without my input and it makes me feel like I'm just a thorn in his side. And maybe that's why he feels like I'm ""getting in his way"" and described it as veto power. Which okay, I logically get it. But dear god, please tell me he's not this emotionally stunted. If he is, I cannot put up with this any longer. It's actually just plain incompetence then.",4,4,4,4,4,3,"The entry stays centered on one main interpersonal conflict and develops it through examples, reactions, and implications, with transitions that are mostly intentional rather than fragmented. There is some emotional intensity and a few long, crowded sentences, but the thinking remains traceable and internally organized, ending with a clear stance rather than trailing off."
"My Dual-Path Escalator Framework

⸻

The Floor: Non-Negotiables

(applies to every relationship, no matter the type)
	•	Conflict engagement
“I need someone who doesn’t avoid conflict or leave me to carry the weight of it alone. Even if it’s uncomfortable, I need them to step in with me and actually work through things.”
	•	Accountability
“I need someone who can admit when they’ve hurt me or made a mistake, and not shift blame or pretend it didn’t happen. Owning actions is essential if I’m going to feel safe with them.”
	•	Boundaries
“I need someone who accepts my boundaries as a given, not as something to argue against or test. Respecting where I draw lines is a baseline for trust.”
	•	Respectful communication
“I need someone who listens to my needs and feelings without minimizing them or reducing me to a problem to solve. Being dismissed erodes safety for me.”
	•	Dignity
“I need to be met in ways that protect my dignity, especially when I’m vulnerable or when things are hard. Even in conflict or moments of failure, how I’m treated matters as much as what’s said.”

⸻

Path A: Romantic/Sexual Escalator

Step 1: Sexual Connection

“Sex on its own isn’t enough to move upward. But if it’s present, I need it to be about mutual trust and safety — not performance or obligation. If there’s no safety in how sex is handled, the relationship won’t go anywhere.”

Step 2: Preferred Qualities
	•	Curiosity and ambition
“I need someone who has a drive to explore and pursue what they’re curious about. I don’t want a partner who drifts through life without reaching for anything.”
	•	Nuance
“I need someone who seeks nuance instead of black-and-white thinking. I live in the gray areas, and I need a partner who doesn’t simplify or flatten complexity.”
	•	Leadership
“I need someone who wants to lead, but doesn’t do it at my expense. Leadership means initiative and direction, but it also means taking my feelings into account when making decisions.”
	•	Stability and security
“I need someone who feels grounded in their own skills and capabilities. If they’re relying on me for a sense of worth or direction, that feels unsafe to me.”

Step 3: The Ceiling (Romantic/Emotional Connection)

“If all of this is in place, then we can build the deeper connection: real intimacy, trust, shared values, and the willingness to be vulnerable with each other. That’s the ceiling of what I want in a romantic and sexual relationship.”

⸻

Path B: Platonic/Intimate Escalator

Step 1: Preferred Qualities (Without Sex)

“Not every deep relationship needs sex. Sometimes it’s the qualities — curiosity, nuance, leadership, stability — that form the foundation. These connections grow without sexual energy but are just as important.”

Step 2: The Ceiling (Platonic/Emotional Connection)

“The ceiling here looks very similar: intimacy, trust, shared values, and vulnerability. It’s about someone I can let into my inner world, who treats me with dignity, and who grows with me over time. It’s not less than a romantic bond — it’s simply a different form of depth.”

⸻

“For me, all relationships start with the same baseline of respect, dignity, and accountability. From there, some relationships grow through sex, others grow without sex — but both can climb the same escalator of qualities and emotional connection. What matters most isn’t whether it’s romantic, sexual, or platonic. What matters is how the person shows up and whether we can build dignity and trust together.”",5,5,5,5,5,1,"The entry is highly structured, with a clear conceptual framework, strong sectioning, and smooth progression from baseline needs to two differentiated relational paths and a synthesizing conclusion. Topics are tightly organized and consistently developed, language is precise and stable, and there are no unresolved contradictions; instead, the final paragraph explicitly integrates both paths into a coherent whole."
"I guess I’m realizing I do have an escalator. It’s just that my nonnegoatiables are the floor, sexual, is next, my preferred qualities are next, and then romantic and emotional connection are the ceiling. I wonder if the fact that sexual relationships are lower than the preferred qualities on my escalator is because my power and control over sexual worth and value was stolen from me when I was raped. I’ve been raped in high school and raped two years ago. Or is it more a counter to the societal belief that women’s value is in their bodies and sex and I’m taking that and turning it on its head by sleeping with whoever I want when I want without having to qualify the value of it?",4,4,3,4,3,4,"The entry stays focused on a single conceptual thread—how the writer organizes relationship values—and the trauma reference is directly connected to that inquiry rather than being a random shift. There is some unresolved tension between two possible explanations for the same pattern, but it is articulated as reflective questioning rather than chaotic contradiction. The ending remains open and exploratory rather than fully resolved, so closure is only partial."
"To clarify, I am not upset with Angela at all. That would be unfair since she has not been involved in any part of our relationship and she bears no responsibility for this unless she proactively comes to me to ask about it. 

I know Joe has relied on me this whole decade we’ve been out here and it constantly feels like I’m in a relationship with someone who would be totally lost out here without me. I’ve constantly pushed him to network and to make social friends and even try dating when I started seeing other people. But it was all so he would be challenged to work on himself and not see me as an untrustworthy enemy. Instead, it feels like he’s avoided any accountability in it and doesn’t actually care about taking my boundaries seriously.",5,4,4,5,4,2,"The entry is highly coherent, with each sentence building logically on the prior one and staying centered on a single interpersonal situation. It shows awareness of relational complexity and a clear contrast between intention and outcome without devolving into looping or fragmentation; the ending remains open emotionally but still feels intentionally concluded."
"I think another big thing is that by me finally exploring other relationships with other people, I was hoping that there might be a secondary and serendipitous effect of him working on his security in himself. However, I think I’m upset because to me it seems like he chickened out of doing the hard work for our relationship by constantly spending time with Angela. It’s like he’s implicitly manipulating me to stay in a relationship with him by removing any way to observe and measure progress if he cannot change or hide the goal post or success metric from me.",5,5,4,5,4,2,"The entry is tightly organized around a single relational issue, with each sentence building logically on the previous one. It expresses a nuanced tension between hope and disappointment and links motives, observations, and interpretation clearly; while the issue remains unresolved, the passage still lands on a coherent concluding judgment."
"I guess I just realized that I can’t trust when Joe doesn’t like someone because it’s not consistent. It could be jealousy of that person’s qualities or he thinks the person’s a danger. Granted, I guess Joe only started not actively liking Luke after Luke raped me. But with Karl, I genuinely think he is jealous of Karl’s ability to be emotionally vulnerable, sensitive, ambitious, smart, and a gamer.",5,5,4,4,4,2,"The entry stays tightly focused on one interpersonal theme and develops it in a clear causal sequence, with each sentence connecting directly to the prior one. It shows awareness of a nuance or apparent inconsistency in Joe's reactions and partially integrates it by distinguishing Luke from Karl; the writing is concise and coherent, though somewhat open-ended rather than fully resolved."
"I guess, part of me is wondering if my non-negotiables are standard for any relationship I’m in and if there are other qualities on top of those things that actually signify a romantic and sexual relationship I’m happy with. Or does it make sense for any relationship I have to have that standard because of the belief in relationship anarchy. Am I expecting too little from my relationships?",4,5,3,4,3,4,"The entry stays tightly focused on one coherent question about relationship standards, with each sentence logically building on the previous one. There is some internal tension between universal non-negotiables and distinctions for romantic relationships, and while that conflict is clearly articulated, it is not resolved. The piece is concise and clear but ends in open-ended questioning rather than closure."
"I just sent this message to someone I went out with the other day, which reveals something that I just realized about myself. 

“You know…I’m doing an exercise about thinking through my non-negotiable for a romantic and sexual relationships and I’m realizing that I value how someone shows up in whatever dynamic they’re participating in rather than specific forms of connection so I think we can still have a conversation using the smorgasbord and just talk about stuff we’ve observed or want to share with each other. But I also want to be forthright, that it may not answer questions you may have and so we may need to deviate. I just don’t know if you have something in mind by discussing the framework. 

I’ll also be upfront that discussing the smorgasbord with someone is probably going to trigger some automatic defense and curtness in me. The last time I discussed it with someone, I felt sort of duped into thinking he was ready to have a serious conversation about what he wanted from our relationship and he dismissed how I was feeling and reduced me into “a problem to solve”. I cut contact with him. I hadn’t realized it was something that was painful enough for me to need to address until now. So I guess, just keep that in mind if you still want to discuss. 

I guess, lastly, I’ve been thinking through more from Friday. I think there was a moment after I took the edibles where I was anxious. It was when you were asking me questions that would help plan the rest of the night while in front of the buzzing entry door. I’m sensing that I really like depending on you for very intimate moments of safety and trust, but I’ve noticed I have a hard time getting to that point while also feeling like I’m being relied on for just about anything (the part of the night where I said I wouldn’t be able to make complex decisions and I basically have a singular brain cell). Anyway, the point is the anxiety was, at the very least, unexpected and I appreciate you sensing that and going on to make more decisions on our behalf immediately. My bad feelings and “drop” the next day and maybe even some of it now has all been embarrassment that you had to do that or that I didn’t know myself well enough to communicate that beforehand. But I’m writing that out now and I also feel kind of sad that I feel embarrassed as if it’s not something totally human and reasonable to happen. Anyway, I just wanted to let you in on a snippet of what goes on in my head and how complex it gets and how noisy it is up here.”",4,4,4,4,4,3,"The entry maintains a clear throughline: it introduces a message, presents its contents in organized sections, and then reflects on what the message reveals internally. Multiple topics appear, but they are intentionally grouped and connected rather than fragmented, and tensions around trust, embarrassment, and needing care are explicitly recognized and partially integrated rather than looped chaotically."
"I think I’m realizing the relationship anarchy smorgasbord categories aren’t exactly helpful because I cherish values and qualities and those can expand across any of these categories of relationships and dynamics. 

So far, here is a list of values or qualities I’d like to see in a romantic partner:

- Curiosity and ambition to answer that curiosity
- Interested in understanding nuance
- Leadership and the desire to lead
- Consideration for my feelings even when leading 
- Stable and secure in their skills and capabilities

There will probably be more I need to think of.",5,5,5,5,4,2,"The entry is highly organized, with a clear progression from a reflection about relationship categories to a focused list of desired partner qualities. Thoughts connect smoothly, language is crisp and deliberate, and there are no unresolved contradictions; closure is good though slightly open-ended because the writer explicitly notes the list may continue."
"My therapist has given me homework to come up with what I would find acceptable in a relationship. 

I’ve explained to her everything that’s happened in the past two months and she basically said I have a few options and I'm paraphrasing (maybe incorrectly):

1. Transform the relationship so it meets my needs more
2. Keep the relationship as is and keep getting hurt
3. Deescalate the relationship
4. Dissolve the relationship

I’m going to have a conversation with Joe soon but I don’t know how to answer what’s acceptable behavior because I’m such a people pleaser but when I do put my needs first, we get into conflicts. 

I know for sure I need my partner to be brave with not avoiding conflict. I need them to take accountability for when they made a mistake. I need them to not question my boundaries. For example, he argued with me for a long time about me learning how to drive and making me feel guilty about how I could better support him with domestic stuff when I didn’t want to learn how to drive because I had anxiety about car accidents. Well I ended up learning how to drive and I still don’t do domestic things to his liking.",5,4,4,5,4,3,"The entry follows a clear progression from therapist guidance, to upcoming conversation anxiety, to specific relationship needs and an illustrative example. Topics are well-bounded and logically connected, with only slight openness around unresolved future action; the tension between people-pleasing and asserting needs is explicitly recognized rather than presented chaotically."
"I still felt a bit active when I was in bed around 12:30am (to admit, I didn’t do a very good job of “staying away from electronic device x hours before bedtime”) so I ate a tablet of melatonin. My husband was still watching at his phone. I didn’t want his eyes to hurt so I kept the closet light open, but not sure if it was because of the light or because I again thought his lifestyle was affecting my schedule, I got more and more frustrated and awake. 

Previously I said I am worried that his lifestyle will affect his health. On top of that, I also don’t want myself to be affected. I find myself easily to be disturbed before sleep. I tried eye mask but I felt headache if my head was constrained by stuff for a while. I was frustrated that tonight I wasted the effect of melatonin and even frustrated that I still had sleep issue and likely even more negative impacted by my husband. 

Recently, I do feel more tired and often have headache after work everyday. And today I felt even worse after intense workout. I feel like I don’t get enough sleep. I just started taking vitamin d3 and magnesium and starting tomorrow I will try again do some readings before bedtime. I need to do something to get back to a healthier mode",4,4,4,4,4,3,"The entry stays centered on one main thread—sleep disruption and its effects—with adjacent thoughts linking clearly through cause-and-effect. There are minor awkward shifts and some unresolved tension about whether the husband or the light is the main issue, but the writer reflects on this uncertainty and ends with a concrete plan, giving the narrative solid structure."
"This might be the Mucinex DM talking but I do feel happy right now. Joe said something about Buproprion and the D ingredient in Mucinex DM being a cocktail for rapid anti-depressant. I wonder if I'm just really depressed and need to up depression meds? 

This slightly feels like I'm high but not totally. I definitely feel head empty though or head stuffed. I don't really know what I'm happy with. Happy with being for myself or happy surrounding myself with.

Anyway, I'm just feeling happy go lucky right now and I guess that's good.",4,4,3,4,4,3,"The entry stays centered on one experience—feeling unexpectedly happy and wondering whether it is medication-related—with each sentence connecting to that thread. There is some mild internal uncertainty and partial contradiction ('happy' but 'high,' 'head empty though or head stuffed') that is noticed but not deeply resolved, yet the writing remains clear and ends with a simple, intentional conclusion."
"Afternoon visit to Urgent Care Cupertino - El Camino Health

I've been super sick after coming back from Tomorrowland. I've been having a lot of conflicting thoughts about my relationship with Joe. I think he had some idea that I was sick before he left for Angela's because he would ask me how I was doing when I initiated chats with him. But to be honest, I've been feeling really sad that he chose to go spend time at Angela's place and leave me alone while sick. I think there are conflicting feelings because I know what it's like to be a caregiver for someone who is always sick and I don't want to put that burden on anyone. But at the same time, if my partner isn't willing to be the person to step and care for me while I'm sick, I don't know why I call them my partner? 

I'm just getting more and more confused about my relationship with Joe. It doesn't seem like he wants to hang out with me at all, it seems like he puts on dates because I've ""complained"" about it a couple of times now. And for some reason, putting on dates has only become a thing after he started dating Angela. 

I feel like he doesn't actually want to be in a relationship with me and I don't know why he continues to keep coming back if that's true.

I would be sad. I would be devastated. But I don't want to not know. I know I'm not as patient as most people. I know I cognitively process quickly and the emotions are delayed. So I'm trying to purposefully give buffer time, way longer than I would be comfortable with, to Joe so that he can tell me things. But I'm not getting anything. Like I think I'm getting less transparency than before.

I knew there was a high chance for this to be the situation going into all of this. This was something that I predicted he would learn that he actually doesn't like me and wants to stop being in a relationship with me. So why is he still here? And if I listen to my friends, like Meagan, they're also disappointed in him not caring for me while exploring a new connection. They don't understand what I get out of my relationship with Joe. It used to be stability and routine. Now there's none of that and I don't know what to do about it. Am I supposed to create my own stability from scratch and be okay with him just leaving me? 

I'm not asking these in a way to sound like they're preposterous scenarios. I legitimately don't know.

I feel lost. Whereas spending time with my friends has given me a lot of support to show me that people will care for me in the ways that I want. Even more quickly and more frequently than Joe has ever been able to. This is where the fear comes from that I've been settling for Joe. Our whole relationship might have been one where I feared to be dependent on him when in reality I've been begging for crumbs from him that he won't give me and it would be silly for me to keep asking him as if he'll change. I just wish he'd show me he cares about me. And considers me in his thoughts. I don't see it in ways that make sense. 

Frankly, I also don't understand the striving to stay together. I don't understand every time that I bring this up with Mabel, why it feels like I'm being talked out of dissolving this relationship. I feel like I've been wasting time. But I've been being patient, hoping to learn some lesson that I haven't been getting yet. I don't see it, I guess and I just feel really confused with people around me making decisions or influencing my decisions even though they don't address anything for me. I'm tired of this instability in not knowing where I stand with Joe.",4,4,4,5,4,3,"The entry stays tightly centered on one main theme—confusion and hurt about the relationship with Joe—with coherent paragraph-to-paragraph development and clear causal links between thoughts. Contradictions are explicitly named and somewhat integrated rather than looped chaotically, and the writing is cognitively clear and well-formed, though it ends in ongoing uncertainty rather than full resolution."
I did the dishes and banged things around. I really wanted to hit and smash something!!,5,5,5,5,4,2,"The entry is extremely brief but structurally very coherent: both sentences connect directly and stay focused on one clear experience and impulse. There is no fragmentation, contradiction, or cognitive noise; closure is slightly limited only because the entry ends without further development."
"Right away she says she doesn't have to deal with this and for me to go talk to my counselor. Then also we were planning a camping trip and she says cancel it now. Instead of trying to work through it she says stupid bullshit. It really makes me angry. She got the kids and nieces excited and now because I'm not communicating correctly cancel the trip. Fuck you, I feel like going myself then. I'm getting tired of this shit. I'm even sweating more. I don't like it. I don't feel my medication is enough anymore and I'm already taking 225 mg of venlafaxine. I want a happy pill to stay calm and not feel angry anymore.",4,4,5,4,3,4,"The entry stays centered on one conflict and its emotional aftermath, with thoughts connecting logically from the argument to the canceled trip, physical arousal, and concerns about medication. Expression is direct and mostly clear, though somewhat reactive and compressed, and it ends without much resolution beyond stating a desire to feel calmer."
SHE WANTS TO TELL ME IM NOT COMMUNICATING EFFECTIVELY AND TELLS ME TO TALK TO MY COUNSELOR ABOUT IT WHILE SHE JUST TALKS ABOUT BEING FRUSTRATED BECAUSE SHE THINKS SHE DOES SO MUCH RECENTLY. WHEN I TRY TO BRING UP HOW MUCH IVE BEEN DOING ITS NONSENSE. FUUUUUUUUUUUUUUCK! Yeah that's effective!!!!!!!!!!!!!!!!,4,4,2,4,2,4,"The entry stays tightly focused on one interpersonal conflict and the sentences connect logically, even though the tone is intense. There is some unresolved contradiction around mutual accusations of poor communication and unequal effort, but it is not explored or integrated. The ending functions more as an emotional outburst than a reflective close, so closure is limited."
AAAAAAAAAAAAAAAAHHHHHHHHHHHHHHHHHHHHHHHHHHHHHHH!!!!!!!!!!!!!!!!!!!!!!!!!!!!!!IM SO ANGRY I DON'T EVEN WANT TO TEXT ABOUT IT.  SAME OLD BULL SHIT SHE VENTS AND GIVES ATTITUDE AND I START TALKING AND IT'S NONSENSE AND SHE SHUTS OFF.,4,4,5,3,2,5,"The entry stays tightly centered on one interpersonal conflict and the thoughts connect in a simple linear sequence, so it is not fragmented despite the intense emotional expression. However, the all-caps, elongated exclamation, and compressed phrasing signal elevated cognitive load, and the entry ends abruptly without reflection or resolution."
I feel alone for many years. I'm around many people and my family. I just feel like I'm here for them and I don't have any good friends either.,4,4,4,5,3,3,"The entry stays on one clear theme—loneliness despite being around family and other people—and each sentence connects logically to that core idea. There is a mild contradiction between social presence and emotional isolation, but it is presented coherently rather than chaotically. The writing is concise and clear, though it ends without much development or reflective closure."
Hello,5,5,5,5,1,3,"The entry is extremely brief but structurally clear: it contains a single, coherent utterance with no fragmentation, topic drift, or contradictions. However, it lacks narrative development and ends without any real closure, so overall entropy is low but the sample is too minimal to show fuller organization."
My regret doesn't end after I apologize and forgiven if that happens,3,4,4,2,1,6,"The entry stays on a single theme of regret and apology, so topic focus is relatively intact, and there is no major contradiction left unresolved. However, the sentence is grammatically incomplete and ends abruptly, which lowers cognitive clarity and gives almost no narrative closure."
I asked a while ago if we could reconsider our relationship to not be non-monogamous anymore. He said no. Then I went with him to parties and he supported me. And then never followed up with me about my question. Then all of sudden Angela comes in and he does things that I never even imagined doing if we switched to non-monogamy.,4,4,3,4,3,4,"The entry stays on one clear relational thread and the sentences connect in a mostly chronological way, though there are a few abrupt transitions and compressed details. A conflict is implied between the request to end non-monogamy and the partner's later behavior, but it is not deeply processed or integrated; the entry also ends without much resolution, giving only partial closure."
He hurts my feelings at things I want to take him to. He gets nervous about the things I want to show him but he's too afraid to ask questions. I'm so tired of trying to teach someone to love me.,5,5,5,5,4,2,"The entry is brief but structurally very coherent: each sentence builds on the same relational theme and develops a clear emotional point without fragmentation or drift. There are no unresolved internal contradictions present, and the language is direct and organized, though the ending is more declarative than fully reflective, so closure is strong but not complete."
"Came home after today's pre-party. Yesterday, the 2019 movie was playing and there was only a half hour missed. So I decided to watch the rest of it because I was feeling really safe and thought I could let my younger self through by reminiscing about my love for the Beatles. I just remember that it was the one band and music that I loved listening to and that my dad loved as well. We didn't listen to any of the same things until we found out we both liked the Beatles. I still remember Across the Universe when I went to go see it with him at a Lincoln Center theater. 

I just feel like I bared my soul reminiscing about it and then Joe turned the lights off during and then as soon as it was done, he just asked me to turn the tv off. There was no consideration for me. I realize he may not care for it the same way that I do. If anything that's the bulk of it, but at the same time – how have I spent 12 years with someone that barely know that about me. He's never interested in learning why I like things. He never asks me why I'm interested in anything. He never probes to find out more about me. He just focuses on himself. 

It's finally Tomorrowland and I keep saying to myself that I would keep waiting for things to change until after Tomorrowland and if nothing had changed, I would leave this. 

I'm so tired of not being seen or asked. I ask him about why he thinks the way he does, I know so much about why he is the way he is. And he never thinks about why I could think the way I do. There's never just an understanding that perhaps I have different perspectives and they're still interesting to learn about. I should pursue love. I should pursue my own integrity above all else. Why am I not brave enough for that?",4,4,3,4,4,4,"The entry is structurally coherent, moving from a specific memory and emotional trigger into a broader reflection on the relationship, with clear thematic continuity throughout. There is some tension between acknowledging Joe may not share the same attachment and feeling deeply unseen, but this conflict is only partially integrated rather than fully resolved. The writing remains clear and focused, and it ends with an intentional reflective question rather than trailing off chaotically."
I love my mom because she chooses my happiness over anything else unless when it's a hard struggle otherwise. She was never allowed to choose her own happiness. It made me upset on her behalf because she didn't know how to speak with him without him hurting her.,4,4,5,3,3,3,"The entry stays on one connected theme—feelings about the writer's mother and her suffering—with each sentence linking meaningfully to the previous one. Clarity is slightly reduced by awkward phrasing and an ambiguous clause, and the piece ends without much reflective wrap-up, but it is still structurally coherent rather than fragmented."
"Listening to music makes me feel safe. It helped me reduce the trauma because I couldn't take it anymore. I stopped the cycle when I was 17. And I considered myself as having left my dad's grasp at that time. He had no right to come back into my life. 

I guess I know how to trust myself in that I will always realize what someone did wrong to me faster than anyone else. 

I told him that I couldn't be there for him and to guide him as his dom. It was too much on me. And I told him I didn't want to be a dom. I said that it was too over my limits. Love is too much work for me. And I don't want to leave him alone but he can take care of himself. I told him maybe too early along that I was into CNC and I think I should've investigated what his idea of what CNC was. There's a porn interpretation of it and there's actually what's needed to do CNC safely and in not an objectified way.",4,4,4,4,3,4,"The entry is largely coherent, with clear sentence-level flow and identifiable topic blocks: safety/trauma, self-trust, and relationship boundaries. There is a meaningful transition from past trauma to present interpersonal limits, and conflicting feelings are acknowledged with some integration, though the ending remains somewhat open rather than fully resolved."
Ken thought he could change me and then he raped me. Have I done that back to Luke because he manipulated me. Is that cycle breaking that I missed?,3,4,2,3,2,5,"The entry stays tightly focused on one core theme, and the sentences are semantically related, but the movement between trauma, comparison, and the question about a cycle is abrupt and underdeveloped. There is awareness of a possible relational contradiction or pattern, but it is posed as an unresolved question rather than integrated, and the entry ends in an open, searching way without closure."
"He was using me to fix his relationship. And then I said doing this work for you is exhausting and I can't commit to doing that for you. 

He just thought relationships are pure compatibility. And when I started to try to teach him about how to better relate to others emotionally, he avoided me to avoid accountability. Because I told him my goal was to approach in restorative justice even if it's to service my justice.",4,4,5,4,4,3,"The entry stays centered on one interpersonal conflict and develops a clear causal sequence: feeling used, setting a boundary, interpreting his beliefs, and explaining his avoidance. Sentences are mostly coherent and connected, with only slight awkwardness in phrasing; there are no unresolved contradictions, and the ending feels intentionally concluded even if emotionally open-ended."
I assume all dads are shitty people.,5,5,5,5,2,3,"The entry is extremely brief but structurally clear: it presents a single, focused thought with no fragmentation, restarts, or topic drift. There are no explicit contradictions to integrate, but the statement lacks development or reflective closure, so completion is limited by brevity rather than disorganization."
R&B makes me feel safe.,5,5,5,5,3,2,"The entry is extremely brief but fully coherent: it presents a single clear idea with no fragmentation, topic drift, or linguistic confusion. There are no contradictions present, and the sentence is cognitively crisp; closure is only partial because the thought is complete at the sentence level but not developed into a fuller narrative."
I give gifts to the people I feel safe with.,5,5,5,5,4,2,"The entry is extremely brief but fully coherent, with a single clear idea expressed in a direct and organized way. There are no topic shifts, fragments, or contradictions, though the brevity limits narrative development and closure."
I try to journal or brain dump to help manage stress but realistically it comes out as unhealthy coping mechanisms like overworking or eating disorder behaviors.,4,4,3,5,3,3,"The entry is brief but structurally clear, with a single coherent thought connecting journaling, stress management, and the shift into maladaptive coping behaviors. It shows some internal tension between intended coping and actual behavior, but does not substantially develop or integrate that contradiction. The sentence is concise and complete, though it ends without deeper resolution or reflective closure."
"I don't know if I can handle much more. Kids don't listen and they do whatever. I can't discipline without being told not to because I'm teaching them bad things. Victoria just keeps telling me to do things and expects me to just take it. Now we are on vacation and she still expects me to be able to take all the kids to bed without her when they scream for her while she goes and works. She also just sets up a hair appointment for her and Kaia to go for hours and leave me with the twins. It would be nice if she discussed with me. I feel like I'm just being dragged along.  I'm not a partner, I'm a butler and child care. Our anniversary doesn't even mean anything to her. She just acts like another day, but that's not new either. I don't feel married but that's nothing new either.  I'm feeling my anger build and don't even get to talk to her about it or act  like we're married. It's also still MY debt. I don't know if this is going to work. Why am I in a marriage that's not a marriage?",4,4,5,4,4,4,"The entry stays tightly centered on one core thread—feeling unsupported and devalued in the marriage—with connected examples that build on each other rather than fragmenting. Expression is emotionally intense but structurally clear, with complete thoughts and a strong concluding question that provides intentional closure; no meaningful internal contradictions are present."
"Currently, my worst fear is losing one of my kids. We would be devastated. I don't know how I'd be able to handle that. The next fear is losing my wife or going through another divorce. I don't want to go through or put my kids through that. It's a horrible thing to experience and make your kids experience unless absolutely necessary. The pain from these is inexplicable. It causes pain on so many levels and many different angles. It tears you to pieces.",5,4,5,5,4,2,"The entry is highly coherent, with each sentence building logically from fear of losing a child to fear of losing a spouse and the impact of divorce. Topics are clearly bounded and expressed in complete, straightforward sentences, with no fragmentation or unresolved contradiction; it ends with a strong concluding statement, though without deep reflective resolution."
I think I might just be hungry. But I feel so immensely sad. Is my period coming?,4,4,3,5,2,4,"The entry is brief but internally connected: it moves through possible explanations for a current emotional state without fragmentation or chaotic shifts. The sadness and possible physical causes are not fully integrated, and the entry ends as an open question rather than reaching resolution."
"I don't really wanna go to this board game thing today with Joe and Angela. I don't know why but it feels like Joe is trying hard to get me to like Angela and it also feels like Angela is worried that I won't like her. I don't know if I'm projecting. It just feels like I'm being put in a pedestal again and there are expectations for me to like them together. To be honest, she's okay. Like I don't hate her but also there's nothing that captives makes me like her. She's just another person and I don't find her attractive in a lot of forms. I just wanna stay home. I'm more excited to meet Austin. I should've said no to today. And I still want to say no to coming. Joe said Angela wanted to get to the con early so that they could get my badge but I don't know why since I didn't ask. And it's not a con I'm actively interested in.",4,4,4,4,3,3,"The entry stays centered on one main situation and develops it in a mostly linear way: reluctance about the board game outing, uncertainty about Joe and Angela's motives, and preference to stay home. There is some mild hedging and ambiguity ('I don't know if I'm projecting'), but the thoughts remain connected and understandable rather than fragmented. The ending leaves the situation unresolved, so closure is only partial."
"My biggest regret is going to a four year college right away, instead of staying home buying a decent car and going to a 2 year college first",5,5,5,5,3,2,"The entry is highly focused on a single regret and expresses it in a clear, linear comparison between two paths. There is no fragmentation, contradiction, or cognitive noise, though it is brief and does not develop toward a fuller reflective conclusion, so closure is only partial."
I'm afraid of becoming who Joseph wants to pertraid me as or who he is and I won't by cutting him out of my life!,3,4,2,2,3,5,"The entry stays on a single topic and expresses a recognizable central concern, so it is not highly fragmented. However, the sentence is syntactically unclear and contains ambiguous phrasing, which reduces cognitive clarity, and the tension between fear, identity, and cutting him out is stated but not meaningfully worked through."
"I don't know what to say. Say anything. If I say anything, it'll just record exactly what I say, and it'll just the AI to transcribe. So it will say it should do everything fine. Man, I wanted to go to the Yankees game today, and Devin said didn't wanna Devin showed up. Devin showed up and said complaining and cried about how he can only hang out to the girlfriend. And now we're not going to the game. You know what mean? Yeah. It's Sid's girlfriend. That's it. And Fine.",2,2,5,2,2,7,"The entry begins with a fragmented meta-commentary about speaking/transcription, then shifts abruptly into the Yankees game story with weak connective structure. Thoughts are partly trackable around one main event, but the phrasing contains broken syntax, repetition, and disfluencies, and the ending feels cut off rather than intentionally resolved. "
"My H1B visa was approved! I was very worried I will need admin processing as my colleague got this last December and I don’t like staying in Vancouver alone for one month. Luckily the process was very smooth.

And international trip planning time! Currently my company has unlimited PTOs, but if you take more than 20 days off in 12-month window, it requires VP approval. I am going to ask how strict this is; in theory VP will approve as long as the vacation is reasonable, but not sure how my new manager will think.",5,5,5,4,4,2,"The entry is highly organized, with a clear progression from visa approval and prior worry to the next practical topic of trip planning and PTO policy. Topics are distinct and intentionally separated, language is mostly clear and complete, and there are no meaningful unresolved contradictions; the ending remains slightly open because the manager question is posed rather than resolved."
Hitting rock fucking bottom right now! My kids keep me going! Who I am as a person and what god and my brother gave to me keep me going! I have way more to gain than I do to lose!,4,4,5,4,3,3,"The entry is brief but structurally coherent: it stays focused on a single emotional state and the sources of motivation that counter it. Thoughts connect clearly and are expressed in complete, forceful statements, though the brevity limits development and leaves the narrative only partially closed rather than fully resolved."
"After having sore throat for almost 1 week and not being able to have conversations, I am finally able to talk. Although I appreciate the flexibility to work remotely, I do enjoy going to office and be with other people. Not that I am extrovert and enjoy talking to people, but I have a better balance of working and relaxing when I am not alone. When I am at home by myself, I tend to sit in front of my laptop and be focused for too long. 

Long weekend made one difference between me and my husband more obvious: our body schedule. I want to have a more organized schedule, like going to bed early and waking up early; it is not easy for me to fall asleep, so I really care about developing a healthy schedule. In the other hand my husband has an irregular schedule: sometimes he goes to bed very late and not has enough sleep, and in daytime he sleeps a lot and stays active at night. I find it hard to change one’s lifestyle, but I also think that way is not healthy.",4,4,4,4,3,3,"The entry is organized into two clear topics—returning to speech/work routine and differences in sleep schedules—with coherent development inside each paragraph. Thoughts connect logically and contradictions are handled with awareness (e.g., not being extroverted yet benefiting from being around others), though the piece ends more as an open observation than a fully resolved conclusion."
How am I supposed to deal with the more annoying parts of Joe which are also the same things that made me fall in love with him?,4,5,3,5,2,4,"The entry is highly focused and clearly expressed, with a single coherent tension stated in one concise sentence. It presents a meaningful contradiction with some awareness, but there is no attempt to work through or resolve it, and the entry ends as an open question rather than reaching closure."
I would erase the memory of seeing my mom like that not being able to breathe feeling so helpless while I try to do CPR. I want to forget that happened because it's hard enough that I have to go through mourning my mommy but to play a hand in her death fucks with my head.,4,5,3,3,3,4,"The entry is tightly focused on a single traumatic memory and the thoughts connect clearly around that event, so it shows strong continuity and topic focus. Cognitive clarity is somewhat reduced by run-on phrasing and compressed expression, and there is an unresolved internal conflict between grief and perceived responsibility that is named but not integrated. The ending feels emotionally complete enough to convey the core distress, but it does not move toward resolution."
"How to suceed in this life. And now to find my self, like my hobbies and how lonely I am, and wish I could make friends that have similar interests. I want to be friends with weird black girls like me. How I'm worried about my health but I'm not doing anything to change it around for the better.",2,2,3,3,2,7,"The entry contains identifiable themes—success, identity, loneliness, friendship, and health—but they are presented as a loose list with abrupt shifts rather than a developed flow. There is some awareness of internal conflict around health behavior, but it is not explored or integrated, and the piece ends without resolution or a clear concluding thought."
"My fear of being perceived by the outside world, a way I can face it is by reminding myself that nobody is perfect, and we're all human. And to remind myself to be perceived is to be alive in this world.",4,5,5,4,4,2,"The entry stays tightly focused on a single theme and moves coherently from fear to a coping perspective without fragmentation or topic drift. Although brief and somewhat awkwardly phrased, it shows organized reflective structure and reaches an intentional concluding idea rather than trailing off."
"Eating sweets and junk food,it truly is ruining me. Anytime I get sad I run to food and I really need to get ahold of the problem.",5,5,5,4,4,2,"The entry is brief but highly coherent, with both sentences tightly connected around a single issue: emotional eating. There are no topic jumps, fragments, or unresolved contradictions; the writer identifies the pattern clearly and ends with an intentional statement of concern and need for change."
"That I'm actually very understanding and open minded, and wish people checked for me like I do for others",3,4,5,4,2,4,"The entry stays on a single understandable theme and is expressed clearly, so it shows decent focus and clarity despite its brevity. However, it reads like a fragment of a larger thought rather than a complete narrative, which limits continuity and closure; no real contradiction is present, so contradiction integration is marked high."
"How I do actually like going out and running small errands or runs.Talking to different family members,it makes me help feel involved and wanted. Talking to people makes the day go by faster. Having people check in on you feels nice, even if it isn't genuine.",4,4,4,4,4,3,"The entry stays on a single interpersonal theme and the sentences connect in a clear, linear way, with each idea building on the previous one. There is a mild tension in appreciating check-ins ""even if it isn't genuine,"" but it is expressed coherently rather than looped or fragmented. The writing is brief and slightly rough grammatically, yet overall organized and complete."
"I'm afraid of becoming a mean fat bitter person. Always judging others and how they live their lives. Being single and alone, with no life partner or no friends.No career to really ""write"" home about. Still being undisciplined. A way I can avoid that path is by starting out small in changing my ways continuing to keep an open mind, being kind to others. And researching a solution that works for me on becoming more disciplined. And work on my social skills so I can start to put myself out there to find lifelong friends and partner.",4,4,4,4,4,3,"The entry stays centered on a single concern—fear of becoming a certain kind of person—and moves in a coherent progression from feared outcomes to possible corrective actions. While the writing is somewhat list-like and compressed, the thoughts remain connected, clear, and intentionally directed toward self-reflection and resolution rather than fragmentation."
"when I overwhelmed myself by being a full time student and working full time hours. At this time I was manic and being super ""productive"" but I blew all my money at the fair. I was talking to strange men online I was cutting myself and I had stopped taking my medicine.I regained my footing by recognizing that I needed help. I got back in contact with my therapist and psychiatrist.And went from there.",4,4,4,4,4,3,"The entry stays centered on a single episode, moving in a mostly linear way from overwhelm and manic behavior to recognition of needing help and reconnecting with treatment. There are some compressed transitions and limited elaboration, but the thoughts remain connected, the conflicting state of feeling productive while destabilized is implicitly integrated, and the ending provides clear closure."
I wish he would get some friends.,5,5,5,5,2,3,"The entry is extremely brief but structurally clear: it contains a single, focused thought with no fragmentation, contradiction, or cognitive noise. However, because it is only one sentence, it offers almost no development or resolution, so closure is limited despite low apparent disorganization."
What's the point of me practicing all this discipline and self-control if he can't do it either?,4,5,3,5,2,4,"The entry is extremely brief but structurally clear: it stays on one topic and expresses a single coherent conflict without fragmentation or linguistic disorganization. However, it is unresolved and framed as an open rhetorical question, so there is little closure and only partial integration of the apparent interpersonal contradiction."
"That I need to start taking my health serious. And I need to start investing into myself. It's hard to face it, because it would mean that I also need to acknowledge my self discipline.",4,5,3,4,3,3,"The entry is brief but structurally coherent, staying tightly focused on one connected theme: health, self-investment, and the difficulty of self-discipline. There is a mild internal tension between intention and avoidance that is acknowledged but not fully worked through, and the piece ends with partial rather than complete closure."
"Find an active activity you enjoy, and to be genuine when trying to make friends. Hone in on your skills and hobbies.",4,4,5,5,3,2,"The entry is brief but structurally coherent: each phrase relates to self-improvement, social connection, and personal interests without fragmentation or abrupt derailment. There are no contradictions, and the language is clear and directive, though the piece reads more like a note or reminder than a fully developed narrative, so closure is limited."
"Dude, this guy can't be away from Angela for more than 2 days. He set up a date for Friday to meet her. Then he's gonna spend all day Saturday at her place again even though he literally just back from her place on Tuesday being gone for 1 week. Then he's gonna spend comes back on Sunday for a concert thing we're going to and then a date with me on Monday just out in the calendar, doesn't even talk to me about it or ask me about it, and then he goes again to her place on Tuesday for almost another whole week. None of this would piss me off if he just would talk to me about any of it. I don't feel like I'm a partner at all. I feel like someone that things just happen to. Petty version of me wants to reject the dates. The unlovable part of me wants to accept the dates and turn another eye if he's just texting her throughout the dates like he did last time we went on a date. 

I so badly want to dump him. I don't know why I thought this would be any different than every other guy I've interacted with that is just like him. I don't want to become my mom in the future, stuck in a loveless marriage or partnership but not aware of how loved she is so that she can find someone to treat her better. I want someone to treat me better now.",4,4,3,4,4,3,"The entry stays tightly centered on one relational grievance and develops it in a clear sequence: his schedule, the lack of communication, the emotional impact, and the writer's reaction. There is some tension between wanting to reject the dates and wanting to accept them despite feeling hurt, and while this conflict is recognized, it is not fully resolved. Overall, the writing is coherent and organized, with only minor sentence-level messiness from long run-on phrasing."
"Today's the first full fay back home for Joe. But it doesn't really feel like it because it doesn't really seem like he's here. He just keeps himself in his room. He doesn't want to talk to me or hang out with me. He at least doesn't express any interest in it. I know I'm working a lot. I don't know if he just doesn't express when he wants to hang out with me or he actually doesn't care to. Nothing has really changed for me from living alone to him being here. I'm wondering if he should just break up with me and just leave. I feel like an embarrassment that he doesn't want anyone to know he hangs out with. Why does this rejection feel so bad meanwhile I asked out someone who is really close and I consider him a friend and he said no and I felt like that's a fair response given everything that is complicated about my relationship. I thought Joe might have been trying to get in all his time with Angela before my break but then he scheduled stuff with her over my break as well. So it doesn't seem that way. And the more this keeps happening, the more I feel less safe to talk to him about this. I don't even know why. I know I'll be fine on the other side of the worst case happens. But it just scares me to talk to him and I feel like I get so little and small. I don't know what's wrong with me. I have all these new friends and people who keep wanting to hang out with me. I have all of these guys who want to go out on date with me. And none of it really matters to me. None of it seems like I care about it. I feel like I really just want my own peaceful home with my art stuff and my computer and a workspace and a bedroom and that's it. I don't know what's going on. I'm just so tired of everything that's going on.",4,4,3,4,3,4,"The entry stays centered on one main interpersonal concern and develops it in a mostly linear way, with adjacent thoughts generally connecting even when the writer broadens to related examples about rejection and other relationships. There is some unresolved internal conflict around wanting reassurance, fearing conversation, and not caring about alternative attention, but it is expressed coherently rather than chaotically; the ending conveys fatigue more than true resolution, so closure is only partial."
"I thought people would understand me. 

They’re not risk-takers. I’m a risk-taker. 

They want people to go through life scared. 

You’re competing to get into heaven. 

Gaming can make everyone feel like gam

Gaming is the devil?

They don’t feel like they’re risk-takers. We like risk-takers. 

Is that how people came to

Risk takers start becoming a majority of the kink. 


He was so scared of me. 
He was so scared to be with me. 

I want someone to be so scared of me. 
You have to go through life thinking everyone hates you and you hate everyone. You’re not one of a kind and you’re not special. Your life is meaningless

I want linguists so they understand how to translate and code switch. 
I want fear to 

I want everything to be intentional. 
Nothing has to be intentional. 

They feel like Internet was the solution to world peace. They think they can solve everyone’s goals. And I can also help people understand how they got there?

But I wanted to be that special person? 

His confidence is shot. Who bullied him? Did he want me to bully him? Did he want me to treat him like shit? He really believes in good vs evil and that doesn’t mean he practices as a 

We don’t have to empathize with the old here. I think the kids that get told are old souls are pressured to think 

He wanted me to grow up too fast. Especially when we know why. He couldn’t 

People who used to like playing roller coaster tycoon when they were younger

Trying to solve the solution right then and there. He probably assumes that I have the attitude of an angry black woman to understand how someone would take care of me. I learned about stereotypes very long ago and know they’re not what a lot of. They don’t believe in humans as a whole. 

Does he believe in the person to challenge him? He believes she could change me. That’s why she bullies him. 

They don’t care how I get the job done. I think he should be in everyone’s business. 

I like understanding why people come to their beliefs.
I like learning

Sometimes intention matters, and sometimes it doesn’t. It’s always it depends. Do you the short or the long?

That hurt my feelings. It’s the principle of it. Rules are all stupid. 

We aren’t trying to make a big deal out of it. We’re not investigating you. Not everyone has the same ability to trust people. 

When people are made to be afraid of other people, people

Why do I feel like Cinna is getting bullied?

You only liked me because you felt sorry for me. 
Not everything is about you dude. 

Name your emotions. 

She bullies men. 
I think they’re cowards. 

I think I need a woman the more I heal myself. 

I think I would come out like this. At the age of 31, she finds out she’s a lesbian. 

Ideas come from anywhere in the company is the best value that I want in a company. 

They think I’m the popular person guiding all the nerds

They think I feel the best when I see someone learning. 

He used to bully me. And think he owns me. 
And now I’m wondering if he still thinks 

You could play the mean girl. I didn’t ask if I could play the mean girl with him. 

I love women’s horror. I love horror where the evil is women because they’re too powerful. And it’s believable. I think I want to watch more horror to toy with that concept. 

Oh I can’t remember my childhood happening. I just remembers things as if I’m seeing myself instead. So I could distance myself from what was happening. I’m not willing to have other’s people abuse other people’s problems.

His education could be shit. The fact that I could get away with so much is the reason why I’m able to believe other people. 

It’s a hard role to play but they trust someone else to play that role safely with him. 

IRL streamers are another breed. Do you know how much skill is required there?

Did you want to play that role for me for a short amount of time? Kink becomes theater kids needing to perform for others. I am an exhibitionist. I want to show everything. I want to bare my soul to the world. 

More show and not tell; just because I didn’t get something doesn’t mean I’m dumb.

Legally blonde was so empowering for dumb girls. It’s the first autistic movie representing an autistic girl. 

Team culture actually means wanting to be a part of a team. He needs a hobby. He’s got volleyball. Do something else with that energy. There’s too much of it here and we need you to lower it. 

I’m more emotionally loud when high. It amplifies everything. It makes everything louder again and makes it so

I’m very invested in solving this problem. 

Business school is literally 

People who went to business school are assholes who could afford it. 

Why are you performing for her?

Communes and resort culture. 

To get away from the trauma. 

I tried to sabotage you finding out how much of the world you know? And trying to make you feel dumb. 

He’s stood with me as I healed. 

She’s incredibly suggestible. 

I’d rather be your evil terror. I’d rather be the person you hate. 

I want you to be able to hate me and love me. 

I want you to be at my level. And I’m going to resent this. Unless someone teaches you both to love each other. 

Need to heal people to slow down. 
And not move too fast because you introduce risk to the problem with human error. 

Does Nintendo try to heal children from eastern growing up?",1,1,2,1,1,9,"The entry is highly fragmented, with frequent abrupt topic shifts, unfinished sentences, and minimal semantic connection between adjacent lines. Contradictory ideas do appear and are sometimes implicitly noticed, but they are not developed into coherent reflection and instead contribute to a looping, disjointed structure. The piece ends without resolving its main threads, producing a strong sense of cognitive overload and narrative abandonment."
He treats basic decency as the sweetest thing he could do for me. That's why I have such low self esteem.,4,5,3,5,3,3,"The entry is very brief but structurally coherent: the second sentence follows causally from the first, and the focus stays tightly on one relational theme. There is no fragmentation or linguistic overload, but the emotional logic is compressed and underdeveloped, leaving the implied contradiction and narrative resolution only partially explored."
"I realized I haven’t written any posts for a while. Maybe it is a good sign as there weren’t any moments with strong negative emotions. 

It’s been very peaceful recently. We had a staycation trip to Hawaii for the long weekend and it was my first time staying in a four season hotel. My energy starts recovering. 

Work-wise, I was moved to another team under the same (new) manager. The team is relative new: its products exist for a while but recently became an official team. My manager asked if I was ok to change given the new team needs people. I said yes because it’s not bad to try something new (the new area is not brand new to me, but it does have a lot of concept to learn), and given it is a new team, there is room of growth for the team. 

I also feel workload is very light for the past weeks. Work is still there but there is no urgency for deadlines. Still I don’t feel the presence of my manager except in some meetings. Not sure if this is normal but it is very different from my previous experience. Maybe I need to wait till the quarter ends to see how he evaluates me.",5,4,5,4,4,3,"The entry is structurally coherent, moving in an orderly way from a general reflection on recent calm, to personal recovery, to work changes, and then to a specific concern about management. Topics are clearly developed with intentional transitions, and although the ending remains somewhat open-ended, it still lands on a distinct reflective question rather than trailing off chaotically."
"I’ll be honest. Part of me is really sad and disappointed you’re not here to take care of me. Part of me feels like I’m not worth the care over your personal desires. It’s really hard to know that you think about the future and plan ahead and like to optimize everything and for me to understand the consequence of all that is that even when I’m sick and barely able to take care of myself, your optimization is intended is simply just focused on yourself. Maybe it comes from a place of you've been doing that for me for so long and you're now putting yourself first. I can't really tell. But despite the intent, the current impact I feel now is I'm getting to know the real Joe who is not trying to please anyone else for his happiness which is great, don't get me wrong, but we're just not aligned. This feels so difficult, because I've kept telling you for so many years that I want you to be happy and I think you are happy right now. I just don't think I'm part of that equation. And it's okay, I just wish I wasn't collateral damage for your happiness. I'm sorry I require so much care but I know now, there are other people who naturally care about me and how I feel more than you have showed me. I don't think I can handle taking this kind of neglect anymore regardless of whether I have past wounds with that. It's been enough years for us to know that about me and I'm trying my best to address it in my own ways and frankly, I think I've gotten better but it just doesn't seem like it's enough. And I don't think I'm ever going to be enough to be honest. Doesn't really matter whether I'll get there in the future because the number of years and the amount of time that passes by with my feeling hurt like this isn't worth it in the future. I've kept fighting with myself constantly over the past 2-3 years of whether I should break up with you. I think I'm learning I need to trust my gut more. I should've been honest at the top of Mauna Kea when you asked me to marry you and there was a little voice that said no but I said yes because of the moment. Even though we talked about it. Even though I thought it's what I wanted. I think my problem is I stay overcommitted far longer than anyone else would. My patience for things I think really matter isn't compatible with yours. I'm sad. But also I don't think this is the wrong decision. I've gotten better at figuring out when I need to take of myself with a visual of myself as my aunt. And honestly, my aunt doesn't want to say anything to me to ruin whatever illusion of happiness I might be experiencing even though she knows I'll be heartbroken in the end. It's nice seeing you really happy. I just wish I could believe you'd say the same about me.",4,4,4,4,4,3,"The entry maintains a strong through-line centered on relational disappointment, self-worth, and the emerging conclusion that the relationship is not sustainable. Contradictory feelings—sadness, care for the other person, and conviction about leaving—are explicitly acknowledged and held together rather than chaotically looped. The writing is emotionally intense and somewhat syntactically dense, but it remains coherent, organized, and ends with a purposeful reflective close."
"I just came from seeing The Materialists and I resonated so hard with the main character, Lucy. And there's a scene where she tells John that she hates that she's so judgmental and that she's cold and always does the math. That there's value being transacted at all times in dating. But love is different. Love doesn't require math. It's easy. I wish I could pay no mind to my negative emotions and know more quickly that they're just an emotional storm waiting to pass on by. I really do love Joe. He makes me feel safe to express how I feel and what I really think. I get upset when he's not home when I think he'll be because home isn't home without him. He's my rock. I wish I didn't feel like I was so hard to love. I am lovable and valuable.",5,4,4,5,4,2,"The entry is highly coherent, moving smoothly from a film reflection into personal insight about love, emotional reactivity, and the relationship without abrupt or confusing breaks. There is a mild internal tension between feeling hard to love and asserting lovability, but it is expressed with awareness and partial resolution rather than looping contradiction."
"Joe telling me that I'm shutting down when I stayed silent in our last conversation when in reality I had a bunch of things I wanted to fucking say but I couldn't bring myself because he'd take it personally and feel hurt about it instead of centering on my pain and the problem I brought up. I'd rehearse what I wanted to say in my head and every scenario ended with him being a little fucking twat and deflecting responsibility or accountability. ""If you really think I'm going to do this work for you again after every other time I've done this for you, you have got to be out of your mind. At this point you're just taking advantage of my kindness and patience.""",4,4,3,4,3,4,"The entry stays tightly centered on one interpersonal conflict and develops a clear causal thread from silence, to internal rehearsal, to the anticipated response. There is some unresolved tension between wanting to speak and staying silent, but it is at least implicitly understood rather than chaotically expressed. The ending lands on a quoted statement that feels emotionally pointed but only partially closes the narrative rather than fully resolving it."
"Happened upon a post online about different topics but this snippet stood out to me and seemed to articulate feelings I'm having recently about Joe:

""From my own experiences with a former friend who had the same difficulty absorbing negative input, I can tell you that by framing criticism very, very carefully, with lots of positive input and as little emotion as possible, you can coax someone to accept little slivers of negative feedback. But you have to explain it so gently that they don't understand how serious the situation is, and in a few weeks they're back to their old selves.""

Growth is the one thing I bet on with Joe. But it doesn't occur. And not only do I think I'm wasting my time and effort when I'm already exhausted with other stuff going on in my life, but it's a waste of his time. If he thinks everything is fine and dandy, when I've been pointing out issues for the past 5-6 years, then I might be the naive one here who should just cut her losses and stop treating him the way his potential would have me believe. I'm not attracted to who he is right now, I don't feel safe to talk to him about things anymore, and honestly, it doesn't seem like it matters to him anyway. Especially now, after interacting with other men who have demonstrated to me the care they have for me even if it's surrounded by the context of sex and intimacy, tells me I've been betraying myself for years. And I'm so, so tired of looking to him for validation anymore. I'm realizing I'm able to validate myself, with the encouragement of the men who care about me. 

I no longer think I'm cursed to only engage with men who are clueless about themselves and how they relate to others. And I finally feel like I have power and control over that. My power is in my no.",5,5,4,5,5,2,"The entry is highly coherent, with each paragraph building logically from an external quote to personal interpretation, relational assessment, and a concluding self-position. There is emotional complexity, but it is integrated into a clear judgment rather than looping contradiction, and the ending provides strong narrative closure through a decisive statement of agency."
"Although this is not the core reason why I don’t like being alone, I realize one thing different between when I am by myself and with my husband: I want my weekend to be meaningful. I seem to be more ok with doing nothing for the weekend when my husband is around. But when I am alone, I want to finish something over the weekend, like reading, online learning, listening to podcast, handing out with friends, etc. I feel a little ashamed for wasting time when I know there are lots of things to do. Yesterday, I noticed I became relieved when I finished some chores and finally it is ok to do no more tasks other than watching shows.",5,5,4,4,4,2,"The entry maintains a single clear thread throughout: the difference between being alone versus with the husband and how that affects expectations for the weekend. It shows coherent reflection on mild internal tension between rest and productivity, with a concrete example that brings partial resolution; expression is clear overall despite a few awkward phrasings."
"Why do I have to wait this long to do something I'm so sure about? I don't feel any love or care from Joe unless it's something he's already doing for himself. I'm tired of feeling like if he's gone, I won't be able to survive. I've done things out of spite and it's gotten me to move forward. What's different this time? I can't even imagine doing what he does. It doesn't feel right. To have walked away from the conversation and refused to address his question just like he does feels so awful in my body. I feel anxious about whether I'm being ethical and two wrongs don't make a right. And if I'm being vindictive. But at the same time, why the fuck do I have to be the wiser one? Why do I have to be the bigger person all the time when he's not granted me that in the last. I'm tired of all the men in my life sapping out all of my energy just for them to fuel their own needs only. I'm so tired.",4,4,4,4,3,4,"The entry stays centered on one interpersonal conflict and progresses in a coherent emotional and ethical sequence, with each sentence linking to the previous concern. There is a clear internal contradiction between wanting retaliation and wanting to remain ethical, and this is explicitly recognized rather than chaotically looped. The writing is emotionally intense but structurally clear, though it ends in exhaustion rather than a fully resolved conclusion."
"I hate when people who can’t handle conflict and emotional turmoil make it other people’s problems without asking for that space and presence. I feel like I’m the only one who takes the responsibility of having a relationship. A relationship feels like an active activity. It’s not something that just exists passively. Makes me feel like I don’t matter at all to the other person and my feelings and emotions are worthless to them. When I told Joe about my feelings on being polyamorous, I made sure it was a conscious decision to tell him before I did anything. Because I know his worldview is different and that it’s hard to understand. While the actions I took were to address my own needs, I made sure to do it in the most ethical way possible so the people I’m involved with don’t get hurt. His relationship with Angela doesn’t feel like that at all. It’s a romantic one which I’m fine with but seeing how he just does things without taking into account how I might feel about something tells me that how I feel isn’t an input to whether he makes a decision or not. Yes, he’s his own human being. And yes, he’s not responsible for me. But even when I bring up shit that bother me, he wants me to solve it and if I don’t solve it for him, then he disengages. He doesn’t try to repair the initial hurt at all. I think it’s a bangmaid. He used to get upset when I can’t clean the apartment or help out with chores. Even though, I barely am able to get through them for myself. And then he just wanted sex. And he was nervous about me sleeping with others guys but not girls. Which seems sexist. I would kick him out. Because I love being alone and having time at home to recover by myself. But we live together and that’s part of my commitment to being in a relationship with him because I know it’s something he wants. I feel like he doesn’t have a place to go. He doesn’t have a support network out here. His parents are very judgmental people. I don’t want him to have access to my income anymore either. Yes we share the lease. Yea our finances are entwined. No, I don’t think he’ll become manipulative or retaliatory. I think the lease ends next May. There is a buyout clause or a sublet option. I think. I know you can have other people take on your lease. I think it’s viable for me to stay. I don’t know about him going. 

I don’t know what the next step is. I’ve been accused of moving too fast to solve problems. In both relationships or whatever. This feels similar to me where I wonder if I’m moving on too fast. But like I’m ready to move on. I’ve felt ready to move on. What would you say to people who think my standards are too high? “I hate when people who can’t handle conflict and emotional turmoil make it other people’s problems without asking for that space and presence.”

Why are people like this? Is there a term or terms for this? This just feels like shitty ways to  relate to other people. How do I avoid this in the future? How do I make sure everyone I involve myself with has at least this standard of care.",4,4,3,4,3,4,"The entry maintains a clear through-line about relational ethics, hurt, and possible separation, with mostly connected development even as it moves from grievance to logistics to self-questioning. Contradictions are acknowledged with some nuance (love vs wanting him out, autonomy vs relational responsibility), though they are not fully resolved; the ending shifts into open questions rather than strong closure."
"It’s been a very busy week. I spent the weekend in New York. It’s good to be reunion with my high school friends (we talked about lots of stuff) and experience a different city vibe lifestyle. But New York is indeed very far and I was very tired after I came back. My friend’s flight was delayed so I waited for her at New York airport for 5 hours. And when I flew back my flight was delayed too. 

Since I was back, I feel like I never got enough rest. My sleep hours were ok: I didn’t have too much trouble falling asleep (I did eat melatonin) and I even woke up by myself without alarm earlier and earlier. I don’t have very strong emotion regarding being myself, but I have no energy doing many things after work. I also had low fever today so I cancelled a dinner plan. Hope I feel better tomorrow and have a well-spent weekend.",4,4,5,4,4,3,"The entry is organized around a clear sequence: a tiring trip, the aftermath of returning, and current physical fatigue, with each sentence linking logically to the next. There is some minor awkwardness in phrasing, but not fragmentation; thoughts remain coherent and the ending provides intentional closure by explaining the canceled plan and expressing hope for tomorrow."
"How long do I have to wait? Why am I the main person taking care of the kids? I feel my frustration building and I don't know how long until I just vomit it all out. My days off I even have to get up and help get them out the door. Why do I need to do that if she is used to doing it every day in the morning? I don't even get the benefits of marriage. I feel alone even though we're all together. Everything is pointed at me to get things done. I cook, clean, do laundry, take care of the kids,...",4,4,3,4,2,4,"The entry stays tightly focused on one coherent theme: resentment and overload around caregiving and marriage, with each sentence connecting clearly to that complaint. Expression is direct and understandable, but the conflict of being physically together yet feeling alone is only stated rather than deeply integrated, and the entry trails off without any real closure."
I get so jealous that everyone around me gets to do whatever they please without consideration for others. I don't understand why I feel like I'm the only one who puts other people first to show I care.,5,5,4,5,3,2,"The entry is brief but highly coherent, with both sentences tightly connected around a single interpersonal theme and expressed with clear, complete language. There is some tension between jealousy and self-concept as a considerate person, and it is articulated with awareness, though not fully explored or resolved. The piece feels structurally organized but only partially closed because it ends on an open question."
"With Joe gone more and more often, I'm learning that my routines are all out of whack and I'm struggling to maintain some sense of normalcy and stability. I just want hugs and someone to care that I feel sad. Every night he's gone, I feel like I've lost the ability to keep doing things. I don't care about feeding myself, cleaning myself, cleaning up around me. I just feel like a waste of space because I can't do basic things without someone else. I was really nervous about slow cooking a pork loin recipe. I left eating dinner until the very last minute until I was hangry. And I went to check on it and try and shred the pork because right then is when I found out it was part of a recipe with more steps. And then I couldn't shred the pork because it was too hard and I didn't have any strength because I've been working nonstop because my boss is an asshole and it's been taking everything out of me. And then I started panicking and crying. And then I texted Joe and just opened the dams of all the whiplash I'm feeling because he sounds so emotionally intelligent and mature now but I have all these years of interacting with him that suggest he'll take everything I say to heart to reflect badly on him. He sounds like a robot with no emotion anymore. I feel like the Joe I cared about isn't here anymore. I can't heat up the leftovers because I keep breaking the pasta trying to separate it from each other. I get Joe prepared all of this but it was so he wouldn't have to deal with any of me while he's with Angela. So now I don't know what to do because it's nearly 11 o clock. All I had today were the 6 baos for lunch and a latte. I didn't take my melatonin because I was trying to make up for work that I didn't get to do the last few days because a random project got put on my plate even though my manager, yet again, didn't say shit to me. I'm nervous about tomorrow because there's a team lunch with a new hire on our team and my manager will likely be there. And I don't think I can handle an in person interaction with him. But I definitely can't if I can't take care of myself physically. And I have gym tomorrow. I don't know what I'm going to eat for breakfast. All my sleep schedules has been out of whack. I hate all of this. I hate everything that's going on and I just want to lock myself in a room and not be burdened with any of it. These are the times when it feels incredibly awful to just exist. It's so much work for no benefit. I'm so tired of shouldering all of this. When is someone out there going to take care of all of this for me? When do I get to stop being responsible for everything? When do I get my peace? I'm just so tired.",4,3,5,4,3,5,"The entry maintains a clear emotional and causal thread, moving from Joe's absence to difficulties with food, work stress, and anxiety about tomorrow, though topics accumulate with somewhat loose transitions. Expression is largely coherent and linear despite intensity, with no major unresolved contradictions, but the ending remains open and exhausted rather than reaching resolution."
"The past few days have been really rough in terms of emotions. Kalvyn has gotten more disrespectful as I've been setting more boundaries and pushing back on the increased scope that keeps getting put on my plate. It's made me feel anxiety and definitely that panicked feeling in my chest that is similar to fight or flight. At the time, I didn't realize why I was feeling what I was feeling, but having thought about it more, talked with others about it, and used writing to reflect, I've realized his action was disrespectful. I talked with a team mate at length yesterday about all the issues we're seeing to compare notes and it seems like there are a lot of similar things happening. Two other teammates expressed observations that were similar in nature about his ego being incredibly fragile and us having to tip toe around eggshells around him. And then today, I had a meeting with a former report of his who moved to another team. He told me that Kalvyn is also part of each previous report's reasons why they left as well. Kalvyn used to have 4 reports before becoming a director: 3 of those reports left because of difficulties with him. One of them is still left but I always feel bad for him for how overworked he seems. So this early week has been more lonely and anxiety feelings. Today, I've had more empowered and confident feelings because I know I'm not the only one.",4,4,5,4,4,3,"The entry stays centered on one main situation and develops it in a chronological, connected way: emotional distress, reflection, corroboration from coworkers, and a shift toward empowerment. Expression is clear and mostly linear, with only minor awkward phrasing, and there are no unresolved contradictions; instead, the writer integrates earlier confusion into a clearer understanding and ends with a meaningful emotional conclusion."
I'm thankful that Victoria is a good mom and loves our daughters very much. I'm thankful for Victoria's mostly kind nature and that she isn't pushing for divorce. I'm thankful for how we do have fun together still and can laugh together still. I'm thankful for how hard Victoria works at her job and taking care of the kids.,5,5,4,5,4,2,"The entry is highly organized, with each sentence clearly connected by the repeated gratitude frame and focused consistently on Victoria’s positive qualities and role in the family. There is a mild underlying tension in mentioning that she is not pushing for divorce, but it is contained rather than looped over, and the writing remains clear, linear, and complete."
"Victoria is getting more and more rude to me. These past couple of days she has been not talking nicely, using bad tone of voice, doesn't care what time I get to bed and that I have to wake up early, has me trying to get the twins ready for bed while she lays down, and doesn't respond to me sometimes when I talk to her but expects me to respond all the time. Then is kind of bossy to me like I work for her. I feel myself getting closer to losing my temper. I'm not sure how long I'm going to be able to contain it. By doing these things like breathing and journaling; am I bottling it up? Is it going to just explode one day? I'm trying not to but I feel like it's starting to bubble. I'm working on myself but almost feels like she is pushing me as well.",5,5,4,4,4,3,"The entry stays tightly focused on one relational conflict and develops it in a clear progression: examples of the partner's behavior, the writer's emotional reaction, and concern about future loss of control. There is some internal tension around trying to regulate anger versus fearing suppression, but it is expressed coherently and with awareness rather than in a confused loop; the ending remains open but still feels intentional rather than fragmented."
"I'm in panic mode I think. My heart is pounding and my hands seem really shaky. I'm on an email thread where engineering has asked product for a way to compare what a user should see vs what they're seeing. It's for our VP. Generally, there's a misunderstanding or underestimation of how much work this is every time a request like this comes up. We have two views with one view that has 6 categories and other view that has 7 file format options. Then we have 10 plans. So in total I would have to select and export each view out of all the permutations a total of 130 times. That would take me about 1.5-2hrs. I asked for clarity on which options were requested so that I could limit the amount of work this would be and still make my other deadlines. Instead I received a reply from my manager that equated to not understanding what I was asking and then changing the style to an order on what to do. This made me feel dismissed and like my limits do not matter. 

I have since sent a professional reply giving him options on what I should prioritize my work on for the rest of the day but I'm still frazzled from Kalvyn's response and am on the verge of crying. Well, I'm basically crying now. I just don't understand what I'm doing wrong that is within my control. I feel like my needs have been devalued and dismissed. I'm sad because I've always wanted a team and this is not what I imagined. I'm so sad. He also just replied to my email privately for some reason. I don't understand why he takes everything personally.",5,4,5,4,4,3,"The entry maintains a clear throughline from physical panic symptoms, to the triggering work exchange, to the emotional aftermath, with each sentence building on the prior one. The topic remains tightly focused on a single workplace incident and its impact, and while the writer is distressed, the thoughts are expressed in complete, organized sentences with a clear ending rather than fragmenting or looping."
"Had a couple of nightmares last night that made it rough for me to go back to sleep around 5am. The first one was my dad trying to gouge my eyes out with keys between his knuckles. And my mom was standing by in an approving way. 

The second nightmare is a reoccurring one where I'm a spy with someone in a corporate research building that has a ton of doors and we always end up having to find a fake elevator bank that has cables down to the location I'm looking for. I always end up going down the cables but never reaching the destination.",5,5,5,5,4,2,"The entry is highly coherent, with a clear progression from the general sleep disruption to two distinct nightmares described in an orderly way. Topics are cleanly separated and expressed with strong clarity; there are no contradictions or signs of cognitive fragmentation. Closure is slightly partial because the entry ends after description rather than reflection or resolution."
"One thing I don’t like for my husband being away is the time difference between here and China. There is no quality time as usually at least one of us is busy. Plus his time schedule is unpredictable as well: sometimes he works late at night and sleeps in day time, and sometimes he goes out in the daytime. It is hard to feel connected when we are not physically together. 

I found online that some couples use some shared calendars so each can better feel the presence of the other, but my husband is a spontaneous person and like to go-with-the-flow. For now I will just try messaging more.",5,5,5,4,4,2,"The entry stays tightly focused on one issue—the strain of time difference and unpredictability in a long-distance marriage—and each sentence builds logically on the previous one. The writer identifies a possible solution, evaluates why it may not fit, and lands on an alternative plan, giving the piece clear organization and low entropy; minor grammatical awkwardness slightly lowers clarity."
"Day 4 and message 5 of asking Kalvyn to commit to more text-based communication so that we can better align on how to execute against a direction or even have the same understanding of direction, and him not answering any of the messages or emails. I'm shocked how someone with such atrocious communication and now seemingly intense conflict avoidance can become a Director. I've now detached from having anything more than a strictly professional relationship with him. He doesn't deserve my energy without reciprocating any effort.",5,5,5,5,4,2,"The entry stays tightly focused on one interpersonal/work conflict and develops it in a linear, connected way from situation to evaluation to decision. Language is clear and controlled, with no fragmentation or looping; while there is little contradiction to integrate, the writer does arrive at a definite stance, though the ending remains somewhat open-ended rather than fully resolved."
I waited for 14 years for her to work on our relationship and she just kept rejecting me and refusing counseling and not doing anything. That was why I thought I was ready to go if she would change. I made horrible choices and made it worse.,4,5,3,5,3,3,"The entry is brief but structurally coherent, staying focused on a single relational narrative with clear causal progression from waiting, to hope for change, to regret about personal choices. There is some internal tension between blaming her inaction and acknowledging personal responsibility, but it is only partially integrated rather than fully explored. The ending feels somewhat abrupt, so closure is limited despite strong clarity and focus."
"I feel like I'm being treated the same way way now as I was the past how many years of 14 or 15 years, but the difference is now instead of feeling like I can ask to try and fix our relationship and our marriage I feel like I have no right and now I'm just guilty and trying to fix my screwup. All the hurt and rejection I felt for so many years was why I thought I was ready to leave. I really wasn't ready and didn't want to which is why I chose to stay and try to fix it.",4,4,4,3,4,3,"The entry stays tightly centered on one relational theme and the thoughts connect in a mostly linear way, moving from past treatment to present guilt to the meaning behind wanting to leave and stay. There is some syntactic strain and repetition that slightly reduces clarity, but the apparent contradiction between wanting to leave and choosing to stay is explicitly explained rather than left unresolved."
I'm feeling very hurt and confused. I feel like I've been waiting for Victoria for 14 years already to come back. She was this way before and now I'm just the newest cause.,5,5,5,5,3,2,"The entry is brief but structurally coherent: it stays focused on one interpersonal theme and each sentence connects directly to the next. There is no fragmentation or cognitive noise, though the thought remains emotionally unresolved and ends without much reflective closure."
"I felt more calm for the last 2 days, as the day time was occupied with work; though I was still a little sad at night. I felt less motivated to do things when I was on my own, so I decided to use this chance to visit the east coast over the weekend to meet with my high school friends.

I might have too many upcoming trips in 2 months but I think I really need this to be distracted.",5,5,4,5,4,2,"The entry is brief but highly coherent: each sentence connects logically from emotional state, to context, to decision-making, with no fragmentation or abrupt topic shifts. There is mild internal tension between feeling calmer and still sad/unmotivated, but it is handled coherently and leads to a clear action, though the ending remains somewhat open rather than fully resolved."
"Feeling sad and no one reciprocates the care I give. 

Joe abruptly just told me he's going to see Angela and it was 10:30pm. I just was so surprised because he came back from his last visit, complaining about the lack of air conditioning and it's a long drive to Livermore and it's 10:30pm on a weekday. 

This is after I expressed sadness and having a panic attack earlier today. It's my problem to solve and regulate. I just feel like that's not something I would do if he was having a shitty day already because I care more about his comfort than what I desire in the present. Why do men always get to be present?

I hate being a woman. 

And now I've just been crying for the past half hour, searching for anything online to help me get through this. The thought of this being temporary and just because it's a new relationship for Joe isn't helping too much. 

Going to try to just play more games and see if I can get through it. Although writing this and crying it out helped. I feel calmer now.",4,4,4,5,4,3,"The entry stays centered on one emotional episode and develops it in a mostly linear sequence: triggering event, interpretation, emotional reaction, attempted coping, and calmer ending. There is one broader generalization about men and womanhood, but it remains connected to the main thread rather than fragmenting it. The writing is clear and complete, and while the pain is unresolved, the entry shows some integration and ends with a meaningful sense of temporary closure."
I feel alone for many years. I'm around many people and my family. I just feel like I'm here for them and I don't have any good friends either.,5,5,4,5,3,2,"The entry is brief but structurally very coherent: each sentence connects directly to the same theme of loneliness and social disconnection. There is a mild internal tension between being around people and feeling alone, and it is expressed clearly rather than chaotically. The main limitation is that the entry ends without much development or resolution."
I guess she's not helping. Now she has to bake a cake for her sister for her birthday to send on Saturday. I'm doing everything again.,4,4,5,4,3,3,"The entry is brief but structurally coherent: each sentence connects to the same complaint thread and stays focused on one situation. Clarity is fairly strong despite some ambiguity about who 'she' is, and there is no evident contradiction; however, the entry ends without much development or resolution, so closure is only partial."
I decided to sit alone and try to let it go instead of getting angry. Victoria is starting to help get them ready for bed now.,4,4,5,5,3,3,"The entry is brief but structurally clear: each sentence is complete, understandable, and there is no fragmentation or cognitive noise. The connection between the two sentences is somewhat implicit rather than fully developed, and the brevity leaves the narrative only partially closed rather than fully resolved."
"I got dinner ready, everyone ate, I cleaned up everyone left. Victoria talked to me about her work while I cleaned and she sat and talked. I tried to have the kids clean up and drink milk. They have a hard time listening and Victoria was in the bathroom the whole time. It's almost 830 now and we still have to get the kids ready for bed. I feel like I'm her to just do all these things while work for everyone and sometimes Victoria helps. I don't get any rewards of being in a relationship. Can't touch, can't hug, can't kiss, can't have sex, can't talk about those things. Just be quiet and be the live in house help. I pay so I can take care of everyone. 

I get frustrated and then it makes me feel sad and hurt and then start feeling taken for granted and angry. I'm working to see the positive and also not go drink, but it's not easy.",4,4,3,3,4,4,"The entry stays on a clear thread: describing evening responsibilities, then moving into the writer's sense of relational deprivation and emotional reaction. There are some clarity issues from run-on phrasing and compressed sentences, but the thought process remains understandable and organized. The writer acknowledges mixed aims—feeling hurt and angry while trying to stay positive and avoid drinking—but does not fully work through that tension."
"Just had a mini panic attack or at least I think I prevented a big one from happening. I still feel like crying. I'm triaging bugs for my project's employee beta and Luke ended up commenting on one of the bug reports because he's on a partner client team. Seeing his name and face made me uncomfortable in the moment but nothing much else. I think after I closed my laptop, I started thinking about the future and if it would be a recurring occurrence where I would see his name and face and my body would just start going into panic mode. To be honest, my brain is more focused on how he said what he said (not directed at me). The idea that a design could be wrong even though it's been user-tested just rubs me the wrong way in the same way that the rape occurred. Just that his perspective is right and there's no possible explanation or even it's just not that cut and dry.",4,4,3,4,3,4,"The entry stays centered on a single triggering event and follows a mostly clear sequence from the workplace cue to bodily reaction to broader reflection about its meaning. The final comparison introduces a complex emotional link that is only partially unpacked, so the piece feels coherent but not fully integrated or resolved, and it ends with some open-ended tension rather than firm closure."
"I have been working to stay calm and patient. I'm feeling a little taken advantage of still because I'm doing all these things while Victoria spends time on her phone or in meetings or watching tv. I have been working on getting to bed earlier and yet if I wait or don't do things myself to get everybody to bed, it is prolonged and gets later. I remind myself to just worry about what I'm doing and to do the right thing taking care of my kids. I'm also wanting more from my relationship with my wife, but I know that will take time.",4,4,4,4,4,3,"The entry maintains a clear thread from self-regulation, to frustration about unequal effort, to bedtime routines, and then to relationship needs, with each thought connecting logically to the next. Tension is acknowledged between resentment and restraint, and the writing remains mostly clear and organized, ending with a reflective, intentional sense of patience rather than trailing off."
"I did a lot of things today. In the morning, I watered the trees before the weather gets hot (not a fan of yard work, but the previous owner left a couple of fruit trees). I chatted with the previous manager about his new company (I don’t think I will join at this moment); the company uses Next.js which one of the initiative of my current company is to promote this, so I read some tutorials for two hours. I listened to broadcasts and watched some shows. I talked to a high school friend for 2 hours. 

Hope I can have a better sleep.",4,4,5,4,3,3,"The entry is organized as a chronological list of activities, with each sentence connecting clearly to the day’s events and only minor abruptness from the compressed, list-like structure. Topics are distinct and understandable, cognitive expression is mostly clear, and there are no meaningful unresolved contradictions; however, the ending shifts briefly to sleep without much reflective integration, so closure is only partial."
"In the last session with Palak we made the distinction between jealousy and envy. Jealousy is when your focus is on the other person having something you don't and you want that thing. Let's say you want that same Apple in their hand for the reason that they have it. Envy is more like you want an Apple and see someone else has an Apple. You don't care to have that same apply in their hand but just wish you had an Apple as well! And I feel like this is what the case is with what I feel with prakhar. He has the clarity and success in a particular domain and the particular type of insight that I have always valued. 

But the thing is, there have been other people that have that thing and I haven't been envious of those people. So why and I envious of a particular person? What makes me envious? Am I then wrong about what I'm envious about? And nobody else has had that thing that I deeply want and he has it. For example it's actually a grape I have deeply always wanted and prakhar has that grape. Or the apple of a particular type and condition. So I need to figure out what exactly I'm envious of - what is that grape or what are the particular attributes of the apple that make me envious.",4,4,3,4,4,3,"The entry stays tightly focused on a single reflective question and develops it in a mostly linear way, with the apple/grape metaphor used consistently to refine the idea. There is some mild conceptual looping and an unresolved tension about what the envy is really directed toward, but the writer shows awareness of that conflict and ends with a clear, intentional next step rather than trailing off."
"My husband left US today and my reaction is stronger than I expected. I feel like I am experiencing some withdrawal symptoms. Doing a lot of things reminds me of doing those with my husband together, especially during evenings.

I have always had hard time being away from my family, both when I left home to board school in high school every week, and left China to US in college every semester, and both took me a long time to get used to. Also I feel very lonely when being home alone at night, so I never rented any apartments alone.

Not sure if this will be better as time goes by. Now I feel even sad when thinking that there are 19 more days to go.",5,5,5,4,4,2,"The entry is highly coherent, with each sentence building logically from the immediate emotional reaction to past patterns of separation and then to present uncertainty. Topics are tightly focused on separation distress, and there are no unresolved contradictions; the ending remains open emotionally but still provides a clear and intentional stopping point."
"Man. This is gonna be interesting. Hello? I got a bunch of kids in my house. I'm just doing a sleepover. My youngest son has six kids here. One of them went home, and he got a stink bomb on him. I had to do a bunch of laundry. Not very fun at all. Yeah. We're working through it. Just testing out this thing. Hopefully, it works.",4,4,5,4,3,3,"The entry stays on a single recognizable situation and moves in a mostly linear way from setup to incident to brief conclusion, with only minor conversational jumps like 'Hello?' and 'Just testing out this thing.' Topics are limited and understandable, expression is clear, and there are no meaningful contradictions, but the ending feels somewhat partial and utilitarian rather than fully resolved."
"My husband is about to transfer to a new team, and during transition period he gets the chance to work from China for 3 weeks. While I am happy for him as his old team was not supportive, I feel sad and lonely to live alone for 3 weeks. I am never a fan of staying alone. I used to be very homesick when I first came to US, and it became better when I have more friends and have a family here. I guess I am just so used to someone always with me. 

And then we booked a trip to Hawaii which made me feel a little bit excited and look forward to the trip. We decided to stay in Four Seasons for one night as we are big fan of White Lotus (season one is in Four Seasons in Maui). It will be our first time staying in such an expensive hotel but we think we deserve it after all the chaotic work experience we both had.

I felt a bit better after but still little worried whether I will feel very sad when he is not around.",5,4,4,4,4,3,"The entry is coherent and easy to follow, with a clear progression from concern about the husband's absence, to background on why being alone feels difficult, to a compensating positive event, and then back to the remaining worry. The emotional tension between happiness for him and sadness for herself is explicitly acknowledged and held together well, and the writing remains organized with only minor looseness in phrasing."
"Yesterday, my ex manager reached out via LinkedIn to invite me join the AI startup they just joined. I felt really flattered but I am not ready to leave the current company. The team just formed and I have good impression on my current manager. Things just start to settle down and I want to see how the dynamic settles before making such a big decision. I will have a call with him over the weekend to catch up since I also don’t want to miss the opportunity. 

Today, my current manager shared my performance rating last quarter, which was given by my ex manager. I am very surprised that the ex manager gave me the highest rating, as I was just promoted and the first quarter should be the default rating. I think my ex manager really likes me and I feel even more flattered when thinking about him reaching out yesterday. Meanwhile I believe this also makes a very positive impression.",5,5,4,4,4,2,"The entry is highly organized, with a clear sequence connecting the LinkedIn outreach, the writer’s hesitation about leaving, and the later performance rating that adds context to the ex-manager’s interest. Thoughts remain focused on one coherent theme, with only minor linguistic roughness; the tension between feeling flattered and not wanting to leave is acknowledged and handled cleanly rather than becoming a loop."
Hi,5,5,5,5,2,2,"The entry consists of a single, clear greeting with no fragmentation, contradiction, or topic drift, so its structure is highly organized. However, it does not develop into a narrative and ends immediately, which limits closure and makes the sample too minimal for fuller assessment."
"Supposed to be trying to get to bed by 9, but I'm stuck getting the kids ready for bed alone while Victoria works again.",5,5,5,5,3,2,"The entry is brief but structurally clear: it presents a single situation with a direct causal connection between the speaker being up late and managing bedtime alone. There is no fragmentation, contradiction, or topic drift, though the short length limits narrative closure and makes it feel more like a snapshot than a fully resolved reflection."
"I'm not very happy right now. I'm frustrated because Victoria said we need to get the kids ready for bed and then gets on her computer and says she has to do a report. Now I'm trying to get Airi, Kimi, and Kaia ready for bed alone and there are crying and asking for mama. Kaia is not getting ready for bed properly and I have to ask and remind her to brush her teeth, change her clothes, change her panties, drink her water... While Victoria does her work. Again...",5,5,5,4,4,3,"The entry stays tightly focused on a single situation and develops it in a clear, linear sequence from frustration to specific bedtime difficulties. Expression is coherent and easy to follow, with only minor grammatical roughness and an emotionally open-ended ending rather than strong reflective closure; no meaningful internal contradictions are present."
Is this a Notes app?,5,5,5,5,3,2,"The entry is extremely brief but structurally clear: it contains a single, coherent question with no fragmentation, topic drift, or cognitive noise. There are no contradictions present, and while it lacks developed narrative closure due to its brevity, it is fully intelligible and highly organized."
Makes absolutely no sense,1,3,5,4,1,6,"The entry is too brief to establish narrative flow, development, or closure, so continuity and closure rate very low. However, it stays on a single clear idea without contradiction, and the language itself is grammatically clear rather than cognitively chaotic; the main limitation is extreme incompleteness rather than overt fragmentation."
What is this app doing?,5,5,5,5,4,1,"The entry is extremely brief but fully coherent: it contains a single clear thought with no fragmentation, topic drift, or cognitive noise. There are no contradictions present, and although it does not develop into a fuller narrative, it is structurally organized and complete as a question."
"Today I am happy and content with life! We had a busy and celebrated a lot this weekend! Corey and Payton tied the knot!  

Afternoon visit near Ivory Acres Wedding Venue",5,4,5,4,3,2,"The entry is brief but structurally coherent: it stays focused on a positive weekend event and the thoughts connect cleanly without fragmentation. There are no contradictions or signs of cognitive overload, though the final line reads more like a note or caption than a fully developed ending, which limits closure slightly."
"I think a mixture of both I think that inherently since I was a child like when you have somebody that supposed to be the one person the one of two people that are just supposed to unconditionally. Love you they brought you into this world and that are supposed to protect you in every way possible and they’re sitting there and they’re hurting you in such a profound way that is so confusing even to this day like sexual abuse on a child, and like abusing a child and just all that in general, the sexual abuse like I inherently have this feeling that I no matter how much therapy I’ve done I’ve been counseling since I was a kid my mom she’s the best person ever. She’s always believed in me and like had me feeling like I was genuinely unconditionally loved as his day I know that my mom loves me unconditionally that she would die for me, but inherently I just can’t shake or can’t seem to like heal and like let go of this inherent feeling that there’s something wrong with me like, oh my God happens he looks like ravens of two. I was raped and I was 15. I still got on my house to go meet this dude and he held me down. He had a gun in like I was scared when my mom and her ex-husband force me to go to the police and like this man with jail and stuff and then I actually received a letter like 23 years into his jail. Stay like this dude have a mail me a letter around Christmas time and it basically it was like the best thing ever. It was basically just saying like in so many words without saying that he found out what he did to me, and that he took care of it, and like basically like he beat them up, I guess her but like it was like this feeling of wow like somebody stood up for me I wanted to write him back so bad I was 16 at a time or 17 so I was still underage so I wasn’t able to to mom said things like who is this man you have no idea who this even is you’re not writing him back saying she was scared how could he even of got the address of where we lived. But ever since I was a kid and like I know my brother and me like this strange relationship we have now I think I’ve told him this before and stuff, but he was a kid too, but he did. He tried his best to protect me and stand up for me and, I love him and like I think him for that, but I don’t know just thinking about that letter just got me really emotional just now and I will never forget whoever that man was like he doesn’t know how much it meant to me. I don’t know he might because like the fact that he wrote that letter and let me know like it was like it was ready around Christmas time I’ll never forget it. I wish I still had it done was therapy. I was on medicine after I tried to kill myself when I was 13 like I think a lot of it is identity that I know of known is depression. All I’ve ever known is being this person. I don’t know. I don’t know if I’ll ever be able to like, love myself I know like it’s not about the passes the past I’m an adult like it’s my responsibility to deal with these things and work through them and I know it’s possible people have been through worse and like they come out the other side and like they live, happy lives and like it I had no control over any of it. I’ve carried this baggage of like this feeling inside. It’s awful.",2,2,3,1,2,8,"The entry maintains a broad thematic center around trauma, worth, and memory, but the flow is highly disrupted by run-on sentences, abrupt insertions, and unclear referents that make adjacent thoughts hard to track. Contradictory feelings are somewhat acknowledged—love and support coexist with lasting damage and self-blame—but they are not fully integrated, and the piece ends in unresolved emotional overwhelm rather than clear closure."
"I can’t even think of the exact triggers or reasons for the leading up the past two relapses this last month of August honestly, the little thought process that I have before I will get drugs.. first thing that has to happen is establishing accumulating and having enough money so if say $100 or whatever that’s usually usually what I will spend because I don’t wanna have to cop the drugs more than one time like $100 is 3.5 grams of meth I can stretch it a week and a half sometimes a entire two weeks but on a bad week i get to 7 days barely a full one week and I’ll be completely out and I need another hundred dollars bam that fast so I have to have the money for it sometimes I’ll put money off the side like this this last month that’s what I did like every week max that’s what I was keeping. I will keep $20 put it off and then accumulates and then once I have enough I’m like that hit up person and I hit up Whatever once I do that it’s like the guilt just starts in night anxiety because I’m worried about you. You know like I don’t know some wrong bad. I’m going downstairs at the apartment my daughter and my mom. I’m jeopardizing a lot but once I get the immediately once I do there’s relief I’m not gonna like when I do it I have energy maybe some days it’s not really much of anything or feeling it’s just more like the slightest bit of relief and it’s like OK maybe I need to do more so I do some more thinking about it. I like that perspective is telling myself as like the leading up to it and like thinking about like getting high, sometimes is a lot better than actually doing it. I’ve always been the type of person that even when I’m getting high to be, I’m shooting up soon as I hit the guilt. I can’t even enjoy.",3,3,4,2,2,6,"The entry maintains a recognizable thread about the relapse process, but sentences often run together with abrupt phrasing shifts and unclear transitions that make the progression harder to follow. Topics remain mostly centered on money, obtaining drugs, guilt, and relief, and there is meaningful acknowledgment of contradiction between anticipation, temporary relief, and immediate guilt, though the piece ends without clear resolution."
"I think that overall I prayed and prayed like there was so many countless nights were like I set up and just balled my eyes out and I was crying and just I was always by myself so like I was always just I just remember crying a lot and praying and begging God for anything for any form of change like begging him to help me help myself and like even like a lot of times I would ask God or whoever like what I did like was continuing staying and doing these drugs and like making joy of your choice after your choice like continuously suffer, especially in the beginning, my mom there was numerous times like probably 15-20 times where she came to Jeremy‘s house. We just got a fight usually put his hands on me. I was scared. I wanted to leave whatever he made me leave. Whatever the case what it was different every time, but after so many times she would come pick me up get sober go through the motions and like I was genuine like I’ve been to rehab like I wanted to go sober that was always the thing about like I continuously would choose to be in this life and like I was so terrified of like being without Jeremy because I knew that he wasn’t ready to get off drugs. I’m not seeing that I was like that you know I mean like he’s the reason was on them or whatever but I’m just saying that like was like the only thing that we had in common at that point like maybe ever I don’t know about the needle and like I didn’t even know about the first time I was probably a year into our addiction and all this whatever day we were at her house or whatever and she looks at me. I know she looked at Jeremy and she was like I know you’re doing it but how are you doing and I’m like huh, like as soon as I knew that he was doing it I’m like oh I’m gonna try that every time after five out of five years of being addicted for 3 to 4 years every single time I’m talking about the needle was a different. It was like it takes your soul and like the person I would become I would sit there for 12 hours. I’m not even kidding like and then like he would shoot me up like six months like he struggle my veins to hit my veins or whatever the case, we didn’t really know we were doing either so would like to go back up and then one day I don’t know it was. I just remember him refusing he’s like no you wanna do it yourself figure it out and like that was the worst thing that was like the worst year of my life because I had so many abscesses. I literally developed like this hole in my leg like, so many so many abscesses oh my God there was so fucking painful because after all the hours of sitting there trying to get drugs in my body was pushing so bad it was so awful terrified in the beginning when he be trying to shoot me up and I will be so nervous and I think that’s one of the reasons why I like my veins like I wouldn’t be relaxed like you know what I’m saying like I don’t know if that had anything to do with it but like I was so scared because the high was so intense and I was always trying to be down because like I was so scared of being abandoned and like that fucking reinforcement of like you’re always gonna get left there’s something about you that people just doesn’t like nobody is ever able to tell you are they using you",2,2,3,1,1,8,"The entry stays loosely within one life story, but adjacent thoughts frequently bleed into each other through long run-on sentences, abrupt insertions, and unclear referents, making the thread hard to follow. There is some awareness of internal conflict around wanting sobriety while remaining attached to Jeremy and drug use, but it is only partially articulated and not resolved. Expression shows high cognitive load with fragments, repetitions, and a final trailing ending that leaves the narrative open and unfinished."
"My life has been stressful like chaotic like it’s never not and I think that I’d like found myself in this relationship with coleman and like it’s been nothing but stressful bro like I’d be like trying to like be in denial about it and like I asked my mom earlier today like you don’t treat me bad right she’s fucking kidding me he treat you bad Makayla like I did the same thing with Jeremy like Like Jeremy was different like but I guess it’s cause I’m sitting here thinking about it. There’s no difference because I was always just fine in my head or out loud venting, emotionally gonna be other people about our relationship and like like I’m talking about this before and another injuries about how I was waiting for that one person to just hear what I had to say whatever situation whatever I tell them whatever And then finally just feel like I understand you love him like I get it like he loves you too like it’s he whatever like saying just validation and it’s like pity when I was Jeremy I was like victim mentality but like no more maybe I will catch myself sometimes being like feeling sorry for myself, but it’s like you’re choosing to be in these relationships you were like they Literally like my mom really lonely person I talk to about like like the relationship of coleman like she’s really the only one that knows cause God forbid Jeremy where to find out like Jeremy and me together too like I’m saying like I feel like I know deep down inside when he comes home when he gets out of jail, God forbid I don’t want him to go back to life that we were both living But he has other children to like he has for other kids like his oldest is 11 and he has another daughter and then he has a son and then another son his youngest is four like his other son is five and I’m saying he’s missed out on so much time like he’s 12 years total like five years flat came home. Had kids went back five years flat and now he’s doing he’s going on two years actually and November I think October November Next two years since he back in prison so he’s missing so much time with his kids and like I genuinely don’t want him to do the same thing but like he don’t know nothing else so hoping me is bare minimum. It’s like the smallest but it’s still there and I feel like that’s not fair regardless he’s done me like I’m lying to him every day like I’m out here in this real world Relationship with this person like that’s not fair and like I never wanted to become like I feel like him in a sense not like exactly but you know what I mean you always been transparent like I’ve been so and I was so in love with him and I thought it was OK like I didn’t want nobody else I couldn’t look at nobody else and it was like that probably had a lot to do with self-esteem and like abuse and all this stuff but I’m trying to say is I’ve ever loved anything like then I got pregnant my daughter and like shit like I feel like God, the universe whatever you wanna call it whatever whatever I’m saying and stuff like that have a baby because that is the only thing I don’t see another thing never met. Nobody never had anything that I was gonna ever decided that I would rather be with over Jeremy like there’s nothing he could do to me Like he’s done things that I’m talking about progress accumulation OK same time you cheating on me like you gave me syphilis like an STD like you blatantly like his family knew he didn’t really fuck with me like that. I was stupid. He was saying he beat me up in front of them likehis dad like he treat you like shit he talk about you like dog shit like you saying like fuck with him like looking down on me this and that judge me but like none of that never is my daughter the only reason

Deep down what I know for a fact and believe I’m really ultimately deserving of is both Jeremy and Coleman in the end will leave me and that’s what I’m gonna get because when you put bad into the world, you will get bad back that’s how i believe life really comes to be full circle. Everything is full circle so for example say I do somebody bad just blatantly wrong, Karma is gonna come, maybe not this year maybe not until I’m really old and gray like 70 years old OK or it could come the next day sometimes karma will come instantaneously you know what I’m saying I feel like anything you put out it comes back to you in some form it’s gonna be the same impact maybe in a different kind of circumstances and different situation you’re not even gonna know like who this is that karma oh but also it does work like that and you’re like fuck I fucking cheated on them and then I got cheated on  in my next relationship. I have to make a decision and decide who I ultimately am willing to take the risk of being abandoned and that comes with relationships and love period it’s like someone holding a gun to your head and you have to hope that they don’t pull the trigger that’s a good way to describe what I know love is an so I think and try to remain so deep in a state of denial but one day all the shit with Coleman and Jeremy it most likely will all come crashing down like I’m gonna lose Jeremy and my fears with losing potentially a changed never before have I had a chance to experience a sober relationship with Jeremy like where our minds were solely based and focusing on ourselves and growing as people and parents and having goals that are set and then ones we meet as a team that’s I feel is my absolute worst of fears and I mean literally since I have met and got to know Jeremy who he really is what his life has been like and the soul he has the heart he has I mean all I have desired & wanted for these last five almost 6 years was him to want me like I have wanted him like that’s all I’ve ever wanted. I just never understand like all the stuff that I’ve done in the best of ways like he knew he did not want me like I would be around him my body is feeling things trying to tell me with gut feelings and I just think I stopped being able to even believe or trust anything I thought and said myself because of all the abuse but I attached myself to not being able to allow myself to believe anything not the body sensations not all million things and indications of he really never being into at all really I have not felt that he even much enjoys my company or conversations not my personality or anything small to big things that make up who I am. there’s many times to this day where I have brought the exact feelings and things I talk about in this entry to Jeremy how I have felt a sense and just can tell how there is not strong feelings nor has he ever  really liked me at all. like I’m infatuated and I have this compassion for humans and all but nothing compares to how I love and loved all of him like I wanted to learn everything about him, never really sat there and out of pure curiosity and wanting to know the real me never has he asked me questions or like it took him years and years to finally remember my middle name it’s simple it’s literally Rhea or my birthday lord so many years for me every shape and form like I just there’s nothing i haven’t ever seen “his flaws” or flaws to me like I just love him entirely and unconditionally and like never would be reciprocated With his baby mamas his baby mama not his fourth ones so the one right before me savannah he was just casually talking to her conversation you know she’s not listening or hearing she don’t like him or nothing anymore but like he really genuinely loved her like calling her and like saying how he wanted his family back and like Now I feel like I’ve told him this recently since you went to jail you started acting right the first time and 5 1/2 years and you fucking wanted me and been nice to me. You know what I mean like of course you need money you need somebody to take care of you while you in jail like you won’t tell me everything you know I’ve been wanting to hear you know that I want to be married and have a family and so like he’s using all those things and like You don’t even say that he’s being genuine. He really does want to be with me. He’s come to his senses he’s sober now he realizes like God she’s my side. She’s loyal. She’s she’s that like all the qualities that I have things that I bring to the table, he does love me. He has love for me, right All the things he’s telling me and my savannah mama was talking about. She was like oh my God you got your shit together like I still in love with you like I want to have a family like let’s work on this. Let’s try and work this out I really feel like he would, not like only that he’s ever beat up like he put his hands on me like he has like I said him spit on me talking about kick me like like my dog like just kick me kicking punching me my face like these women never my feelings everybody believe that I was crazy person and like this woman and she was supposedly a lesbian, but she was not no lesbian. OK she she was. She was trying to fuck Jeremy right in there so like we was all hanging out we got high, whatever, I don’t know like he didn’t want me in his bedroom and that was the first time I was taking a shower he came inside. I get the fuck out of his room and then I need to move into the other room because we had talked about me like when we would fight there’s an extra spare bedroom like right across the way from his bedroom in the trailer that his daddy had or wherever and like I had to move all my stuff and I wouldn’t room and like literally or whatever she think she was talking his dad or something and like I have been like go by the laundry room whatever and like the door was open like to his room he literally was caressing her cheek rubbing her like just playing with her hair like oh my God when I tell you The feeling it inside when I had to sit in that room by myself and all I wanted for the longest time and like I stayed through all the peace I stayed through all the abuse cause I’m like one day he’s gonna come to since it one day, he’s gonna fucking realize that he really does. I just never understand why he didn’t want me like these other females like they do like professional therapy I need to work through this shit but like I don’t, that was the worst time of my life. When my mom had to come get my stuff cause I could take it like I was the next day. They literally had somebody overdose at the house like this girl gonna be died in the front yard and like I was fucking like it was traumatizing they brought her back but like That he came back with the two girls or whatever like they pull up while I’m and his dad or loading all my stuff and my mom’s car and I walked back in the house. I woke up to and I just wanted him to please don’t be like I love you were like he wouldn’t even fucking look at me or nothinghas made me feel like",2,2,3,1,1,8,"The entry contains long, unpunctuated runs of thought with frequent repetition, abrupt insertions, and topic bleed between Coleman, Jeremy, family, jail, abuse, karma, and self-worth, making the thread difficult to follow. There is some recurring thematic coherence around abusive relationships and abandonment, and the writer shows partial awareness of conflicting feelings, but these tensions are not fully integrated and the piece ends without clear resolution."
"One incident that really the only one I can think of because it affected me so severely I remember being in the shower,I was taking a shower like Jeremy had a bathroom that was connected to his bedroom and this is I’m talking many consecutive years &. I always slept in his room when he was gone like he would leave me at his daddy house for days on end and just like running the streets and everything and like I would just be at the house like waiting for him to come back just a little context but I was in the shower he comes and I was getting out. Tell me how I need to get out of his room that he better have some like friends come over and I’m like that never had happened before so like immediately I’m like oh I’m about to call your dad because his dad didn’t like him having people over so his dad and his dad tells me he knows he has two friends coming over and he said that he can have them over and then if I have a problem with it I can go home like he was just being an asshole whatever so I’m like what’s going on so I like get dressed and I go I had my own bedroom at this point and the house or whatever like and gotten so bad my drug addiction and I’ve been so deep into it and my mom was just like whatever like I’m not gonna continue to have you coming back-and-forth like my little cousins were actually living my aunt. My cousins were living in the house that I was living at my brother was hit really bad hurricane anyways, so I had like my own bedroom that was like right in the back like kinda it was right by his room anyways so these two girls come over these two these two women like everything was cool whatever he said like I could come in there like it was, it was about to get high like he was like showing them like around the house it was so weird. He was acting so weird so like time goes on whatever like eventually this is so traumatizing for me was like one of the women or whatever and she seem real cool and like, but Jeremy was just acting weird like I had never had him act the way that he was like I’ve had him like, like like flirt with other women or whatever so like time goes on or whatever and I just felt weird like I said like the vibes was off like I just didn’t feel like I was wanted or like they wanted me around so like like eventually, I go to my room and like I was so hurt cause I’m like what the fuck is going on here. I am fucking here. Haven’t been able to leave the house like you fucking been putting your hands on me. You’ve been getting him fights like we’re fucking couple but like he always would’ve revert to anytime like I would try and say anything along the lines he like know you remember that conversation we had and when we had that conversation, it was a mutual fucking agreement. We both agreed like hey I really need to go get sober. I need to go to rehab like we don’t need to be together and but he just took that as like, oh like anytime he needed to use that he would say like oh we’re not together, but if I was to try and go out and live my life or do anything that didn’t involve him or like if he didn’t have a say so and controlling what I was wearing, what I was doing where I was going, who I was saying it was a fucking problem then put his hands on me then right so like the big things like it doesn’t even matter or whatever he has like this curtain that he would keep the air from the air unit in his room or whatever cause they didn’t have central air in the trailer so I opened it up or it happened or whatever and like the girl the chick her girlfriend was like in the kitchen like getting something to eat or some stupid shit and like he literally they were listening to music and I just remember seeing him sitting on his little like love or whatever sitting next to her, caressing her cheek like he just I could tell he really liked this woman for whatever reason this day he won’t admit it but he did like he was. He was different with this woman like she was older than him I believe and she was an ““ex her attic bitch was still on heroin but anyways, I just remember that dwindling like the instantaneous decline within a week he was fucking pawn, his fucking all his stuff or whatever so they can go drugs in a TV this and that like they had this container that literally never seen so many fucking needles never my life have I experience anything like it like me and his dad it was this Gatorade bottle we went in there after they had left and everything because like his dad will play both sides of the fence like his dad was trying to have sex with me all throughout like that’s the only reason why ever let me stay there and that’s why every fucking day or at least 3 to 4 times a week he was telling me that I need to pack myself and get the fuck out knowing I had nowhere else to go reinforcing this like fear of like being abandoned and Jeremy like we just throw his hands in the air be like what do you want me to do? I told you not to and I wouldn’t have even done anything like that situation and that situation was so complicated and then a few days later he end up having sex with like in the house like I can hear it and everything and I just remember like his dad like I like walked outside and I was freaking out and I was crying. I was screaming like oh my fucking God and that was like come on go to my room and like I remember walking into his bedroom dropping to my knees and I couldn’t breathe no sound came out. I was just bawling my eyes out and like I just, how Jeremy could do that to me so like all that stuff happens or whatever the next day or that same night I just remember somebody screaming banging on the door and like they weren’t answering the door like Blair, the chick or whatever her girlfriend I went to the store, some shit and like they wanted her gone like they didn’t want to meet that they were doing the same thing to her that they were trying to do to me, but she just was acting like she couldn’t understand and like couldn’t see that they were fucking because literally when he was like arresting her cheek and he was kissing her I walked into the kitchen, whispered to her what was going on and so she goes up in the room up in the room and like starts freaking out, but not really freaking out because she’s like whatever so Jeremy comes after me and like I’m in my bedroom and like he put his hands on me looking like the chick from like Larry‘s girlfriend or whatever I forgot I think her name was Kristin. She was like don’t fucking put your hands on her and like so he like calm, calm down, kind of, but he was just like cursing me out this and that cause like I was ruining his plan that really hurt my feelings but anyways, so back to what I was saying banging on the door they screaming for Jeremy I go outside. They had this chick that Johnny his dad is asking is Johnny and Johnny was like messing with that he made Jeremy get rid of what he always does like. Already knew Jeremy was fucking with his bitch before with any bitch that Johnny starts fucking with it was Jeremy‘s bitch passed down every single one of them so like she’s fucking overdose, she’s dead like first in this fucking mud in the fucking front of this trailer I fucking call 911. I’m fucking freaking out and never seen nobody fucking die. They’re telling us what to do saying how Bro oh my God she was so heavy. I just remember like holding her head up and like Jeremy and the girl they like girls like go get some ice like only when she’s gonna she’s gonna come back is if we give her some basically like what the fuck is going on please end up showing up like they’re no rush like they want saving the girl whatever she’s back on the streets within an hour fucking calling Johnny begging her to come get them come get her so I was so upset. I never was locked in the house, which was one good thing like I can’t say like yeah the isolation was awful OK but like and I’m not justifying the fucking abuse but that was one good thing I never was in the streets never I never run the street maybe a couple times I was in hotels this night, but they had a traumatized experience where he was fucking getting in the bed with a girl fucking naked and I had made my mom come get me like I was calling her fucking freaking out anyways so I moved out. I packed my stuff and I told my mom I cannot fucking deal with this shit like I laid in my bed I remember like I was just trying to get him to talk to me and like Jeremy did not even acknowledge me for the rest of the time like even the next day when his dad was helping me move all my stuff into my mom‘s car. I was so fucking upset and I walked back in the house. He just pulled up with Blair and Kristin or whatever and like he had been off for days like I’m telling you he was on a downward spiral from hell like it was snowing like crazy. I never seen him so deep into the addiction and just a matter of days meeting these fucking people, so I’m trying to get him to talk to me or whatever and he would not even acknowledge oh my God hurt my feelings so bad it was so",2,2,3,1,2,8,"The entry maintains a loose central focus on one traumatic incident, but the narrative repeatedly digresses into background context, related events, and side characters without clear transitions, making the sequence hard to follow. Expression shows high cognitive load through run-on sentences, restarts, repetition, and fragmented syntax, while contradictions about the relationship are somewhat recognized but only partially integrated. The ending returns to emotional pain but feels more like a trailing stop than a resolved close."
"When I look back on it now regardless like I was so worried about Jeremy and it was always Jeremy Jeremy Jeremy like for fucking years and I think oh we actually forgot to mention this but throughout like the time that they were there before it was the night before I left I think like I was just trying to get him to talk to me and try to understand like why he was acting the way that he was. I remember him saying to me if he was me if he was in my shoes like Rose was reverse she was on the other foot. He would’ve been left that he would’ve never put up all the shit that I fucking loud and that he would’ve left in the beginning and I resented him for that. Oh my God, I still resent him, I resent him being away and I didn’t realize it but like it wasn’t about love it was another person coming into my life that was too much for like I had too many issues. I felt like her that inherent feeling of like something being wrong with me was just like reinforced to like the maximum capacity so much because he’s been through a lot of stuff like his mom and his dad like they gave him up literally when he was a couple months old and his sister his grandma like his dad is a piece of shit. His mom ended up passing away from 80s actually why he was in prison but his uncle was very very abusive like the person he ended up was his caretaker until he went to prison shooting nobody was in the house, but he went to prison for five years. I was the first person that he did. He’s done now in total 1213 years he spent 13 birthdays, I still have compassion in my point of contact I’ve been the abuser and some people abuse like I don’t get it like you do and like I like different people everybody’s different but I just remember wondering like my life was not that hard like people have it way worse like choosing this life like why am I choosing the struggle?
I just maybe because like my identity is always been tied to the side little girl then the sad teenager who tried to kill herself at 13 and like the depression once I was diagnosed with PTSD and depression like I don’t know, bro that shit still hurts like that shit it’s like when I think about it I’m right back there and I just wish that I could shake my yogurt and be like he does not care about you. He does not care. No he doesn’t even care he doesn’t care to remember your middle name it took him years to remember your birthday and your middle name he does not care , so many people wanted to get cared for and it’s like he doesn’t care he doesn’t love you",2,2,3,1,2,8,"The entry has a discernible central thread about Jeremy and the writer's attachment, but the flow is frequently disrupted by long run-on sentences, abrupt insertions, and unclear referents that make adjacent thoughts hard to track. Topics bleed together—resentment, his background, the writer's trauma history, and self-appraisal—without clean transitions, and the piece ends in emotional emphasis rather than a fully resolved close. There is some partial integration in the recognition that the issue was not love but personal overwhelm, yet this insight remains embedded in a highly cognitively overloaded structure."
"One incident that really the only one I can think of because it affected me so severely I remember being in the shower, hit a shower like hit a bathroom and his connected to his bedroom and this is like years of White. I always slept in his room when he was gone like he would leave for days on and just like running the streets and everything and like I would just be at the house like waiting for him to come back just so I was in the shower he comes and I was getting out. Tell me how I need to get out of his room that he better have some like friends come over and I’m like that never had happened before so like immediately I’m like oh I’m about to call your dad because his dad didn’t like him having people over so his dad and his dad tells me he knows he has two friends coming over and he said that he can have them over and then if I have a problem with it I can go home like he was just being an asshole whatever so I’m like what’s going on so I like get dressed and I go I had my own bedroom at this point and the house or whatever like and gotten so bad my drug addiction and I’ve been so deep into it and my mom was just like whatever like I’m not gonna continue to have you coming back-and-forth like my little cousins were actually living my aunt. My cousins were living in the house that I was living at my brother was hit really bad hurricane anyways, so I had like my own bedroom that was like right in the back like kinda it was right by his room anyways so these two girls come over these two these two women like everything was cool whatever he said like I could come in there like it was, it was about to get high like he was like showing them like around the house it was so weird. He was acting so weird so like time goes on whatever like eventually this is so traumatizing for me was like one of the women or whatever and she seem real cool and like, but Jeremy was just acting weird like I had never had him act the way that he was like I’ve had him like, like like flirt with other women or whatever so like time goes on or whatever and I just felt weird like I said like the vibes was off like I just didn’t feel like I was wanted or like they wanted me around so like like eventually, I go to my room and like I was so hurt cause I’m like what the fuck is going on here. I am fucking here. Haven’t been able to leave the house like you fucking been putting your hands on me. You’ve been getting him fights like we’re fucking couple but like he always would’ve revert to anytime like I would try and say anything along the lines he like know you remember that conversation we had and when we had that conversation, it was a mutual fucking agreement. We both agreed like hey I really need to go get sober. I need to go to rehab like we don’t need to be together and but he just took that as like, oh like anytime he needed to use that he would say like oh we’re not together, but if I was to try and go out and live my life or do anything that didn’t involve him or like if he didn’t have a say so and controlling what I was wearing, what I was doing where I was going, who I was saying it was a fucking problem then put his hands on me then right so like the big things like it doesn’t even matter or whatever he has like this curtain that he would keep the air from the air unit in his room or whatever cause they didn’t have central air in the trailer so I opened it up or it happened or whatever and like the girl the chick her girlfriend was like in the kitchen like getting something to eat or some stupid shit and like he literally they were listening to music and I just remember seeing him sitting on his little like love or whatever sitting next to her, caressing her cheek like he just I could tell he really liked this woman for whatever reason this day he won’t admit it but he did like he was. He was different with this woman like she was older than him I believe and she was an ““ex her attic bitch was still on heroin but anyways, I just remember that dwindling like the instantaneous decline within a week he was fucking pawn, his fucking all his stuff or whatever so they can go drugs in a TV this and that like they had this container that literally never seen so many fucking needles never my life have I experience anything like it like me and his dad it was this Gatorade bottle we went in there after they had left and everything because like his dad will play both sides of the fence like his dad was trying to have sex with me all throughout like that’s the only reason why ever let me stay there and that’s why every fucking day or at least 3 to 4 times a week he was telling me that I need to pack myself and get the fuck out knowing I had nowhere else to go reinforcing this like fear of like being abandoned and Jeremy like we just throw his hands in the air be like what do you want me to do? I told you not to and I wouldn’t have even done anything like that situation and that situation was so complicated and then a few days later he end up having sex with like in the house like I can hear it and everything and I just remember like his dad like I like walked outside and I was freaking out and I was crying. I was screaming like oh my fucking God and that was like come on go to my room and like I remember walking into his bedroom dropping to my knees and I couldn’t breathe no sound came out. I was just bawling my eyes out and like I just, how Jeremy could do that to me so like all that stuff happens or whatever the next day or that same night I just remember somebody screaming banging on the door and like they weren’t answering the door like Blair, the chick or whatever her girlfriend I went to the store, some shit and like they wanted her gone like they didn’t want to meet that they were doing the same thing to her that they were trying to do to me, but she just was acting like she couldn’t understand and like couldn’t see that they were fucking because literally when he was like arresting her cheek and he was kissing her I walked into the kitchen, whispered to her what was going on and so she goes up in the room up in the room and like starts freaking out, but not really freaking out because she’s like whatever so Jeremy comes after me and like I’m in my bedroom and like he put his hands on me looking like the chick from like Larry‘s girlfriend or whatever I forgot I think her name was Kristin. She was like don’t fucking put your hands on her and like so he like calm, calm down, kind of, but he was just like cursing me out this and that cause like I was ruining his plan that really hurt my feelings but anyways, so back to what I was saying banging on the door they screaming for Jeremy I go outside. They had this chick that Johnny his dad is asking is Johnny and Johnny was like messing with that he made Jeremy get rid of what he always does like. Already knew Jeremy was fucking with his bitch before with any bitch that Johnny starts fucking with it was Jeremy‘s bitch passed down every single one of them so like she’s fucking overdose, she’s dead like first in this fucking mud in the fucking front of this trailer I fucking call 911. I’m fucking freaking out and never seen nobody fucking die. They’re telling us what to do saying how Bro oh my God she was so heavy. I just remember like holding her head up and like Jeremy and the girl they like girls like go get some ice like only when she’s gonna she’s gonna come back is if we give her some basically like what the fuck is going on please end up showing up like they’re no rush like they want saving the girl whatever she’s back on the streets within an hour fucking calling Johnny begging her to come get them come get her so I was so upset. I never was locked in the house, which was one good thing like I can’t say like yeah the isolation was awful OK but like and I’m not justifying the fucking abuse but that was one good thing I never was in the streets never I never run the street maybe a couple times I was in hotels this night, but they had a traumatized experience where he was fucking getting in the bed with a girl fucking naked and I had made my mom come get me like I was calling her fucking freaking out anyways so I moved out. I packed my stuff and I told my mom I cannot fucking deal with this shit like I laid in my bed I remember like I was just trying to get him to talk to me and like Jeremy did not even acknowledge me for the rest of the time like even the next day when his dad was helping me move all my stuff into my mom‘s car. I was so fucking upset and I walked back in the house. He just pulled up with Blair and Kristin or whatever and like he had been off for days like I’m telling you he was on a downward spiral from hell like it was snowing like crazy. I never seen him so deep into the addiction and just a matter of days meeting these fucking people, so I’m trying to get him to talk to me or whatever and he would not even acknowledge oh my God hurt my feelings so bad it was so painful 

When I look back on it now regardless like I was so worried about Jeremy and it was always Jeremy Jeremy Jeremy like for fucking years and I think oh we actually forgot to mention this but throughout like the time that they were there before it was the night before I left I think like I was just trying to get him to talk to me and try to understand like why he was acting the way that he was. I remember him saying to me if he was me if he was in my shoes like Rose was reverse she was on the other foot. He would’ve been left that he would’ve never put up all the shit that I fucking loud and that he would’ve left in the beginning and I resented him for that. Oh my God, I still resent him, I resent him being away and I didn’t realize it but like it wasn’t about love it was another person coming into my life that was too much for like I had too many issues. I felt like her that inherent feeling of like something being wrong with me was just like reinforced to like the maximum capacity so much because he’s been through a lot of stuff like his mom and his dad like they gave him up literally when he was a couple months old and his sister his grandma like his dad is a piece of shit. His mom ended up passing away from 80s actually why he was in prison but his uncle was very very abusive like the person he ended up was his caretaker until he went to prison shooting nobody was in the house, but he went to prison for five years. I was the first person that he did. He’s done now in total 1213 years he spent 13 birthdays, I still have compassion in my point of contact I’ve been the abuser and some people abuse like I don’t get it like you do and like I like different people everybody’s different but I just remember wondering like my life was not that hard like people have it way worse like choosing this life like why am I choosing the struggle?
I just maybe because like my identity is always been tied to the side little girl then the sad teenager who tried to kill herself at 13 and like the depression once I was diagnosed with PTSD and depression like I don’t know, bro that shit still hurts like that shit it’s like when I think about it I’m right back there and I just wish that I could shake my yogurt and be like he does not care about you. He does not care. No he doesn’t even care he doesn’t care to remember your middle name it took him years to remember your birthday and your middle name he does not care , so many people wanted to get cared for and it’s like he doesn’t care he doesn’t love you",2,2,3,1,3,8,"The entry maintains a rough central thread about a traumatic relationship incident, but the narration is highly difficult to follow due to run-on sentences, repeated restarts, abrupt insertions, and weak boundaries between sub-events. Contradictions are somewhat recognized—especially between love, resentment, compassion, and harm—but they are only partially integrated, and the writing shows heavy cognitive overload despite ending with a clearer emotional conclusion."
"I think my perspective of love before Jeremy it was nothing good the ""love"" i watched my mom and her now ex husband, what was modeled, overall hurting someone you care and love is ok and a part if not half of what love is. You fight sometimes big huge fights over who drank the half gallon of milk for example and i mean the arguing was this man screaming for a long period off and on just fear has to be pumping through your veins you have to be so scared to even breathe too loud that could set him off and then a period of time later he would be apologetic or not at all just come to literal 7&10 year old kids crying how he has to leave to go and beg our mom to let our ""DAD"" stay how he was going to miss us and how he was grateful to have had this chance of being our dad which had to end or did it the manipulation was so so heavy and i can see it all every bit with each memory i havent forced myself to forget and erase like most my life but all that is on this subconcious level i stayed through 5 long years from the age and year 18 it was 2019 now im 23 and its 2025!!!! I was nothing and i mean i questioned amd feared if i would be left for dead in a ditch god forbid anything happened and i were to died i was abused in any amd every way there is beaten and the psychological god the gas lighting i for years lost the autonomy i had no ability to decipher the reality and events for example my brain i remember literally not being able to tell what was the truth what really was reailty per say when we would argue and fight i truated him i loved him sl much i confided in him over time and any insecurity i had shared he was using them all ""you stink you are the or' ass female ive ever met your breath just you stink i re time after time once we made up i when we was ok ai ask him to please tell me the truth i didnt want to smell bad and he said how he knew it was going to hurt me that it was not true and all that then when we started to fiant adain he would say
the opposite and words got meaner and i got to this point my mom and i talk about it still how i was so so confused i began to not only isolate i got to the point i couldnt even watch a movie or be in a room with my mom my own mom imagine any other person but i started to drive her crazy i would beg her to just tell me i know i had breath that was bad why she wouldnt just tell me and just it went on for literally a year two years i mean i was so fucked up and that is one small example of the abuse and how much control he literally had my mind in his control",3,3,4,1,2,7,"The entry maintains a central focus on past abuse and its impact, with adjacent thoughts generally connected, but the flow is heavily disrupted by run-on sentences, fragmented phrasing, and abrupt insertions that make the thread hard to follow. Contradictions are not random; they are presented as part of the abusive dynamic and partially integrated into the writer's understanding, but the piece ends without real closure and shows very high cognitive load in expression."
"Dear Makayla,
this is you 5 almost 6 years from the 18 year old you are today. I am writing this letter to you and some of the things I will tell you have been things you have been told before there are and always will be those couple of genuine people who love you as a whole all the entirety of you. down to your bones. now I am going to try my best to not sound like those people because I know you still have those self esteem issues and the perception you have Carried of yourself all this time let me start there. all the beliefs and feelings you have regarding yourself are none of your own doing not a single one was conceived from thoughts that you yourself originated. they are from a mixture of others own thoughts experience a a and views of themselves projecting all the low negative thoughts and feelings onto little old you. the fact of the matter is if you will just for a second think about who you are down to your heart your bones what is always pumping through your veins.. there's a couple things can you think of 3? .... compassion is one of  the biggest ones you have this genuine sense of empathy and pure compassion for all people and all animals you will come across and experience people a lot of people who can't understand this kind of compassion they envy you and will say that it's a weakness and how much they will try to hurt and make you change your pure heart don't ever let anyone change your heart no matter what happens you hold on with all you have to that. some call it pitty and others say how you can't continue to live your life with such and expect yourself to ever get far and the only truth in that conversation is you do have to live for yourself you have to not put yourself last and never on the back burner don't put yourself into a bad situation or anything bad just to save another person who's already drowned they can't be saved. and I know that concept is very impossible it sounds stupid and not who you are if there's anyone for any reason who needs help and you have the ability regardless of circumstances and factors you just instinctively help. mistakes are going to happen ok they are just the way we learn and grow they are why have the opportunity to develop into something more and stronger. next you're beautiful I mean you are so beautiful from your overall appearances and the way you have evolved and taught yourself to do art in the form of your makeup to the fresh out of the shower or fresh out the bed after a good night sleep. More importantly the beauty you have inside of you that is beauty unlike any other it’s not cliche and I still as I sit here being 23 years old I struggle with my body and how I feel regarding my self worth",3,3,4,2,1,6,"The entry maintains a recognizable throughline of reassurance and advice to a younger self, but the syntax is highly run-on, with minimal punctuation, repeated phrasing, and several places where thoughts blur together. Topics like self-worth, compassion, boundaries, mistakes, and beauty are identifiable yet loosely segmented, and while tensions are somewhat integrated (for example, being compassionate while needing self-protection), the piece ends abruptly without closure."
I’ve always loved the physical journaling experience I love the assortment of gel pens I’ve collected overtime and I don’t know why but the writing on actual paper I find it really easy to write freely and I find I can do that on apps yes no problem but on paper I found that I get lost in writing like I’ve been writing for 10-15 pages front and back filled top to bottom and the release of all that stuff that was trapped in my head which I more than likely had been ruminating on for way too long it’s this weight literally I feel so much better anytime I ever get myself to sit down grab a journal I love or notebook and my favorite pens and tell myself nothing that’s where I would go wrong anytime I have to dwell or overthink and constantly concentrate I’m judging myself and what I am feeling or whatever judgement isn’t helpful so I refocus and then the way the words just will flow it’s such. A remarkable thing and I love thinking about the expression it allows me feeling like nobody is really been ever listening to listen ever and then to have something in a form at least to me it’s felt like validation is what I will get and the fact of finally feeling as I’m being heard and seen,3,4,5,2,3,5,"The entry stays centered on one main theme—why physical journaling feels freeing and validating—so topic focus is fairly strong, and the ideas generally build on each other. However, the writing is delivered as one extended, minimally punctuated stream with repeated phrases, run-on constructions, and several points where the thought chain blurs, which lowers continuity and clarity. There are no major unresolved contradictions, but the ending feels more like an emotional continuation than a fully shaped closing."
I have this fear tied to journaling on a daily basis like I have such an intense overwhelming amount of countless situations with my ex Jeremy and I mean things I just don’t even know if I can handle reliving or revisiting just thoughts have upset me very badly I know that I can’t possibly get through any parts of it until I deal with facing all of it not all at once or rushing through any parts I just have thought about it for almost an entire two years ever since my baby daddy Jeremy was arrested two days before our baby shower and he still hasn’t got to come back home ever since back then I felt like he was ripped out of my life and for some time in the beginning I was so terrified and had all this anxiety and fears on what I was going to do how was I possibly going to take care of this baby all by myself and today as I lay here the view I have now well the version who isn’t in denial and listening and believing any bit of manipulation and lies I still am being force fed from Jeremy I genuinely don’t think I’m going to be able to once he is released and comes to see our daughter to meet her for the first time the love and I mean the degree of my love I’ve always felt towards him and how desperate I have been just for him to want and love me in the slightest bit back if he wants to pursue a relationship with a fresh solid foundation that has boundaries and he goes to therapy and I go to therapy or we just get our own mental health taken care of and we have a relationship with ourselves that isn’t anything less then healthy am I wrong for thinking or having hope that we could come out of all that we have been through all the abuse and all the hardest parts of our lives born again per say like brand new not perfect but healthy and loving,3,3,4,2,3,6,"The entry stays centered on one main relational theme and follows a broadly understandable arc from fear of journaling, to past events, to current perspective, to hope for the future. However, it is expressed as one long run-on thought with minimal punctuation and several embedded clauses, which reduces clarity and makes the progression harder to track. The writer does show awareness of internal conflict between recognizing abuse/manipulation and still holding hope, with some attempt to frame conditions for reconciliation, but this tension is not fully resolved."
"I think in general like overall, my mental, my physical and like my psychological state has improved I definitely have more energy. I am not sleeping all day battling as much depression. I feel like but at the same token like like Work and I haven’t discussed with my work life and the relationship and the still being in communication with my daughters dad and it’s just a big mess like I have myself in this triangle and like When it comes to Jeremy like I went to jail two years ago, remember two of my coworkers Derrick one that I’ve mentioned before and Miss Kristin she is an older woman and I’ve known her for years but anyways they explained to me like Makayla like this is the perfect opportunity for you to wash your hands like God’s giving you this as like a test maybe innocence like Are you going to take this opportunity to finally walk away wash your hands be done or are you gonna continue to be there support financially and like stress yourself out beyond belief with hopes of like this changed man when you know deep down that he’s gonna be the same person he’s gonna come home and do the same thing he’s gonna cheat on you he he’s gonna give you STDs again he’s gonna do this. He’s gonna have babies on you. He’s gonna do that like But I just feel killed and I just got an argument with him today just now a few minutes ago we were on the phone and I told him that I relapsed well he discovered it kind of like I can’t really lie to him like I have this thing where I just I don’t I don’t feel right lying to him about most things anyways he got mad and the selfishness of him like instead of me And him agreeing that OK I should’ve gave them money to my mom for rent. That’s literally what it was for I’m sure of my rent because I didn’t give her the hundred dollars that I just spent on drugs. He’s mad I’m trying to manipulate me talking about the water they have at the present he’s at and how it’s not drinkable and how he has to put ice in the microwave and drink that and I’m gonna take him to the doctor when he comes home because he’s gonna be so ill because this water so I get so upset and I’m like no you’re gonna fucking be sick and ill in a couple years because you never have gotten the syphilis that you got from this random bitch treated like he gave me syphilis and I found out when I got pregnant and he still has the syphilis like he so I was like don’t try and manipulate me because you don’t care about your health trying to make it seem like you’re so concerned with your health you’re trying to make me feel bad and you’re ungrateful like",2,2,2,2,1,8,"The entry has a partially identifiable thread about improved wellbeing and a conflicted relationship, but it is delivered through long run-on sentences, repeated fillers, abrupt insertions, and mid-thought shifts that make adjacent ideas hard to track. Contradictions are present—recognizing the relationship as harmful while staying emotionally entangled—but they are not integrated, and the piece ends in active escalation rather than reflective closure."
"I can’t even think of the exact triggers or reasons for the leading up the past two relapses this last month of August honestly, the little thought process that I have before I will get drugs.. first thing that has to happen is establishing accumulating and having enough money so if say $100 or whatever that’s usually usually what I will spend because I don’t wanna have to cop the drugs more than one time like $100 is 3.5 grams of meth I can stretch it a week and a half sometimes a entire two weeks but on a bad week i get to 7 days barely a full one week and I’ll be completely out and I need another hundred dollars bam that fast so I have to have the money for it sometimes I’ll put money off the side like this this last month that’s what I did like every week max that’s what I was keeping. I will keep $20 put it off and then accumulates and then once I have enough I’m like that hit up person and I hit up Whatever once I do that it’s like the guilt just starts in night anxiety because I’m worried about you. You know like I don’t know some wrong bad. I’m going downstairs at the apartment my daughter and my mom. I’m jeopardizing a lot but once I get the immediately once I do there’s relief I’m not gonna like when I do it I have energy maybe some days it’s not really much of anything or feeling it’s just more like the slightest bit of relief and it’s like OK maybe I need to do more so I do some more thinking about it. I like that perspective is telling myself as like the leading up to it and like thinking about like getting high, sometimes is a lot better than actually doing it. I’ve always been the type of person that even when I’m getting high to be, I’m shooting up soon as I hit the guilt. I can’t even enjoy.",3,3,4,2,2,6,"The entry maintains a central focus on the relapse process, with a mostly identifiable sequence from saving money to buying drugs to guilt and temporary relief, but the flow is disrupted by run-on phrasing, abrupt wording shifts, and unclear sentence boundaries. There is meaningful awareness of contradiction—wanting the drug while immediately feeling guilt and finding anticipation better than use itself—but the writing does not fully synthesize this into a resolved insight and ends without strong closure."
"I have set boundaries more so with Jeremy it took me this long after all these years and the first year he was away in prison I literally think I spent over 7-8,000 dollars on phone calls and video calls and all the times I allowed him to manipulate me this last couple of months especially I remember most recently I have implemented this one boundary and how I have to have more control because it’s not just him I know that he isn’t forcing me to send money or continue week after week to add money I make the choice regardless of anything he says manipulation guilt tripping I have the ability and can’t use excuses of fear or him coming beat me up because he’s 4 and a half hours away in prison for at least until April of 2025. I can see the pattern of all the different tactics and the guilt tripping and the manipulation I know how he goes about getting me to give in and send him some money but as much as I want to place all the entirety of the blame on him and how he will say things like the water they have isn’t even drinkable how “it’s fine I’ll just microwave the ice and drink that” or begging me for Cigarettes which this last time when I first told him or he asked me when we got on the phone one morning if I was high and I confessed and when I told him when he asked how much I spent the 100$ he immediately was upset saying how I can go and spend that amount on drugs and I bitch and get mad when he wants me to give him money and just completely turned it into a fight about how he needed the money and was genuinely mad because he wasn’t the priority when in reality my poor mom is the one who should be getting all my money I make not him not me my mom does so much beyond making sure if I fall short on rent that we are covered I haven’t bought not a single box of diapers or wipes the entire time my daughter is almost 2 years old and that’s to put into context just how much my mom has done and does for my daughter and myself",3,4,4,2,3,5,"The entry stays centered on one main topic—setting financial and emotional boundaries with Jeremy—while developing related examples in a generally coherent sequence. However, the writing is delivered as one long run-on thought with minimal punctuation and dense clause chaining, which reduces clarity and makes local connections harder to track. There is meaningful integration of responsibility versus manipulation, but the ending feels more like an emotional stop point than a fully resolved closure."
"I don’t know, bro like that’s why I get high. I don’t know in the way I feel right now. It’s like I’m triggered like I’m thinking and I’m right back to like the same girl that I was when he was doing that shit to me. You fuck the same girl that I was just telling you about in the bedroom I was in the house like I had to go to his daddy room because his daddy his room 
Was on the opposite end of the house. It’s like his dad let me go in his room just dropping to my hands and money and just go into like this like you know just saying stuff like you don’t deserve that stuff like that like shaking his head like that shit what happened with that shit and I did everything but I wanted to be with him. I just wanted him to want and now that he “does , he know I’ve thought about that a lot. When I was on my own, my mom was still helping me with the apartment that I had because like I was getting high so like I didn’t have money for rent, she didn’t know that then but my point of all that thought People were but opinions  I had a completely unbiased perspective from a person I had just been talking to getting to know I remember he said let me say this to explain putting myself in his shoes if I’m in jail, my girl she’s out in the world being a single mama trying do it all on her own I ain’t ever going to be even stressing her by asking for money not for for food not for cigarettes not for phone calls, I’m not going to be adding on to the stress if I want any cigarettes or phone calls I’m going to hustle a way to make it happen he is not only not  worried about you and your daughter not even pressed or having thoughts about how you managing he don’t care how he only further is Stressing you. That man clearly don’t give a single fuck about you",2,2,3,1,2,8,"The entry has a discernible emotional thread around trauma, substance use, and a relationship judgment, but adjacent thoughts often blur together with abrupt jumps, incomplete transitions, and tangled syntax. Topics are identifiable yet poorly bounded, and the language shows heavy cognitive load through run-on phrasing, repetition, and fragmented expression. There is some movement toward an evaluative conclusion about the man not caring, but most material remains loosely integrated and the ending feels more like an emphatic continuation than full closure."
"I think that overall I prayed and prayed like there was so many countless nights were like I set up and just balled my eyes out and I was crying and just I was always by myself so like I was always just I just remember crying a lot and praying and begging God for anything for any form of change like begging him to help me help myself and like even like a lot of times I would ask God or whoever like what I did like was continuing staying and doing these drugs and like making joy of your choice after your choice like continuously suffer, especially in the beginning, my mom there was numerous times like probably 15-20 times where she came to Jeremy‘s house. We just got a fight usually put his hands on me. I was scared. I wanted to leave whatever he made me leave. Whatever the case what it was different every time, but after so many times she would come pick me up get sober go through the motions and like I was genuine like I’ve been to rehab like I wanted to go sober that was always the thing about like I continuously would choose to be in this life and like I was so terrified of like being without Jeremy because I knew that he wasn’t ready to get off drugs. I’m not seeing that I was like that you know I mean like he’s the reason was on them or whatever but I’m just saying that like was like the only thing that we had in common at that point like maybe ever I don’t know about the needle and like I didn’t even know about the first time I was probably a year into our addiction and all this whatever day we were at her house or whatever and she looks at me. I know she looked at Jeremy and she was like I know you’re doing it but how are you doing and I’m like huh, like as soon as I knew that he was doing it I’m like oh I’m gonna try that every time after five out of five years of being addicted for 3 to 4 years every single time I’m talking about the needle was a different. It was like it takes your soul and like the person I would become I would sit there for 12 hours. I’m not even kidding like and then like he would shoot me up like six months like he struggle my veins to hit my veins or whatever the case, we didn’t really know we were doing either so would like to go back up and then one day I don’t know it was. I just remember him refusing he’s like no you wanna do it yourself figure it out and like that was the worst thing that was like the worst year of my life because I had so many abscesses. I literally developed like this hole in my leg like, so many so many abscesses oh my God there was so fucking painful because after all the hours of sitting there trying to get drugs in my body was pushing so bad it was so awful terrified in the beginning when he be trying to shoot me up and I will be so nervous and I think that’s one of the reasons why I like my veins like I wouldn’t be relaxed like you know what I’m saying like I don’t know if that had anything to do with it but like I was so scared because the high was so intense and I was always trying to be down because like I was so scared of being abandoned and like that fucking reinforcement of like you’re always gonna get left there’s something about you that people just doesn’t like nobody is ever able to tell you are they using you",2,2,3,1,1,8,"The entry maintains a loose thematic center around addiction, abuse, and abandonment, but the internal flow is highly tangled, with long run-on sentences, abrupt insertions, and repeated clause restarts that make adjacent thoughts hard to track. There is some awareness of conflicting feelings and choices, but they are only partially articulated rather than integrated, and the passage ends without resolution, trailing off in unresolved emotional and narrative intensity."
"I think a mixture of both I think that inherently since I was a child like when you have somebody that supposed to be the one person the one of two people that are just supposed to unconditionally. Love you they brought you into this world and that are supposed to protect you in every way possible and they’re sitting there and they’re hurting you in such a profound way that is so confusing even to this day like sexual abuse on a child, and like abusing a child and just all that in general, the sexual abuse like I inherently have this feeling that I no matter how much therapy I’ve done I’ve been counseling since I was a kid my mom she’s the best person ever. She’s always believed in me and like had me feeling like I was genuinely unconditionally loved as his day I know that my mom loves me unconditionally that she would die for me, but inherently I just can’t shake or can’t seem to like heal and like let go of this inherent feeling that there’s something wrong with me like, oh my God happens he looks like ravens of two. I was raped and I was 15. I still got on my house to go meet this dude and he held me down. He had a gun in like I was scared when my mom and her ex-husband force me to go to the police and like this man with jail and stuff and then I actually received a letter like 23 years into his jail. Stay like this dude have a mail me a letter around Christmas time and it basically it was like the best thing ever. It was basically just saying like in so many words without saying that he found out what he did to me, and that he took care of it, and like basically like he beat them up, I guess her but like it was like this feeling of wow like somebody stood up for me I wanted to write him back so bad I was 16 at a time or 17 so I was still underage so I wasn’t able to to mom",2,2,3,1,1,8,"The entry contains a recognizable core theme of trauma and its lasting effects, but the flow is heavily disrupted by run-on sentences, abrupt jumps in time, unclear references, and fragmentary phrasing. There is some awareness of an internal conflict between feeling loved by the mother and still feeling inherently damaged, but it is not fully worked through. The piece ends abruptly and leaves multiple threads unresolved, creating a strong sense of disorganization."
"The relationship i am in now with Coleman it has become another bad situation like with Jeremy I’m always the one that’s apologizing. I’m always the one that takes all the criticism and takes all the blame just because I I feel like once I got started to read about what having BPD entails like the criticizing how that’s like a big thing like they say most people with borderline personality disorder Don’t like to be criticized like it’s really bad for them so I think that’s why I just take take take take take but after a while it’s like I get to the point to where This is the 12th time in this month that you’re breaking up with me and that you’re blaming me like you have no problems no issues like it’s always your pointing your finger at me but when you have three fingers pointing back at you, but you never wanna talk about what you’re doing cause you’re just so perfect and you’re just a responsible and you’re so mature and this and that while I am never serious and just all these things that he just can’t stand about me like how I can never take anything serious and how I’m always laughing or smiling at everything and he questions me saying how is even genuine if I’m always laughing at everything nothing is, it’s not possible for everything to be funny and so after a while like that 12 time I’m like you know what I don’t even care anymore to myself like I’m just like I’m not apologizing it is what it is you want to not be with me you don’t think we should be together OK but it takes 11 different times all the Times leading up to that it’s oh I’m so sorry and did it to like trying to say it everything that I can just accepting all these blame that shit is Exhausting",3,4,3,2,3,6,"The entry stays centered on one main topic—the relationship dynamic—but it is expressed in a long, run-on structure with repetition, minimal punctuation, and several places where the thought chain becomes hard to parse. There is some internal progression from repeated apologizing to eventual exhaustion and disengagement, showing partial organization, but the conflict is more vented than fully integrated and the ending lands on fatigue rather than clear resolution."
I have this guilt I mean overpowering is not even close to the feeling when I first realized and was told for sure he was going to be gone back to prison and he was not going to be home for years I contemplated briefly on if I was going to continue on and support him be there for him like I promised him and I don’t see myself being able to go back on my word and my promise I made. People from the outside looking in whether they are familiar with how our relationship has been what all has entailed of us or people who don’t know the half of it nobody has ever and I know that nobody ever is going to tell me “I know why you’re not leaving him I know and understand the fact you will never abandon him and the love you have for him it’s everlasting and I can totally understand the fact that your still here.” I used to tell people or vent to some people only in hopes that in so many words I would find that one person who just could for a minute understand and validate the fact I never walked away. I think that for a long time the fear of what Jeremy told me too many times for me to count that I wasn’t ever going to leave him and that if I ever wanted to try and be with somebody else there was talk of how he would kill me and the guy I was trying to get with I mean more than 5 times I am trying to decipher or remember how often the physical abuse overall was and it brought memories of the last time I think he had the opportunity and he had slapped me I don’t even remember what I did or why he slapped me but I do remember being pregnant and the situation I know it was nothing outrageous it was something really simple or then still pregnant I remember him and I were still getting high and he has this woman who she didn’t like me very much I was always super uncomfortable and intimidated by her but she feed drugs to Jeremy and he would share most of the time she was trying to get him to help her do something usually cleaning and etc but we we’re dead asleep and Jeremy is definitely got some form of major depression the sleeping for days and w full week I mean the both of us were the same with all the sleep but never resting always no matter what amount of time we slept the exhaustion never left us unless we had drugs but he got mad at me and I was being rude as he was I remember him calling me lazy and fat which that was the first and only time ever out of all the things he has said to me the things he has done I mean he has spit on me like I was nothing but fat and anything if the dirt he had never said that to me and then he hummed I mean he threw this jar of peanut butter and hit my belly I dropped to the floor it hurt badly and throwing things oh god that was a lot of times most days if not all of the days he was home for a small amount of time there always a fight that I really was the one who had caused most of the fights especially towards the last few years the reactive abuse I had I was just as abusive with my words as he was if not worse but I remember when he would throw things and I mean anything laying around in his reach he would just throw it as hard as he could I forgotten how much fear I was in all the time like what,2,2,3,1,1,8,"The entry maintains a loose central focus on guilt, loyalty, and abuse, but thoughts run together in very long, unpunctuated sequences with frequent embedded digressions and abrupt shifts in time and detail. There is some awareness of internal conflict—love, fear, obligation, and self-blame are all present—but these tensions are not fully synthesized, and the piece ends abruptly mid-thought without closure."
"Well, let me just be completely honest all I’ve ever wanted since I’ve met Jeremy. I mean I stayed loyal to him throughout this entire time up until I met Coleman like or not met Coleman until I reconnected with Coleman and December of last year. I literally did not look at anybody else I couldn’t talk to anybody else. I just didn’t wanna be with anybody so when Jeremy went to jail and getting like, of course he’s gonna tell me everything. I wanna hear how he’s oh I’m sober now is the drugs like I’m gonna be a different man I wanna be with you. I love you like thank you for always being there for me all this stuff right it was all the things that I’ve always wanted to hear and I never really thought that the day would come, I mean in the back of my mind the only reason that I really Kept going and like stayed was because I knew that one day like this delusional part of me just believes like he’s gonna come to his senses Jeremy‘s gonna come to his senses one day and he’s gonna be like oh my God like I love this girl she’s loved me into like loving her like she love me so much and all this stuff for me and loud all this stuff. It’s just this great unconditional love that my mom my dad I never received like from anybody Right so in the beginning like I believe the manipulation I believe the lies because of course he has nobody else nobody’s gonna send him money nobody’s everybody’s tired of his shit and his dad is a piece of shit so like of course he’s gonna like milk it right you know what I’m saying so overtime though and like since Coleman like I realize that when I can be with somebody else to that he never has really loved me and like if it is a version of love for him like genuinely he does have feelings for me, but it’s just it’s not for me like I don’t deserve any of the stuff that I’ve allowed and like I do love him as a person but Yeah, he thinks that so anyways he and I are in a relationship but like I just don’t know how to I would never tell him that I’m with 👨🏾‍🚀COLEMAN🩷 that I’m with anyone else or anything and he automatically assume that he like tells on himself I feel like he’s in prison because he knows he comes like last time he was in jail I’m constantly thinking I’m doing that even when he was home and he was free projection like you’re out here cheating you’re sleeping having orgies with all these women like unprotected at that You’re accusing me of doing the things that you’re doing so like in the back of his mind he’s thinking like oh she’s not and he’s been through things with other baby mama said he has while he was in jail they would let the new dude that they would answer the phone and like just things that were traumatic for him so his past experiences, I think play a part in that too, but I also believe that These boundaries and respect these boundaries all of a sudden have allowed him to literally do grimiest worse things to me and I still slept with him and I still stayed. I still like had sex with him and like laid with him and like pursued him in the most desperate ways",2,2,3,2,1,8,"The entry has a discernible central theme about Jeremy, loyalty, and Coleman, but the thought flow is highly run-on and frequently derails mid-sentence into asides, repetitions, and loosely connected details. Contradictions are somewhat recognized—such as loving him while seeing manipulation—but they are only partially integrated, and the piece ends without resolution, leaving major threads structurally open."
"So like in the very beginning me and Coleman started to reconcile the beginning of this year. I was still living in my old apartment or whatever and about a month and is when I finally found out after knowing him for 5/6 years that he had borderline personality disorder, which helped everything that makes sense but it also like it’s been a struggle because, I haven’t ever the only thing I’ve been diagnosed with was when I was 13 I tried to commit suicide. I went to mental institution and they evaluated me for the first time and I was with depression and PTSD because of things that I’ve been through as a child like with the sexual molestation and all that stuff for my real dad so I’ve always struggled like people have always thought that I was playing around or like purposely acting stupid like I know like I’ve been told that numerous times by my brother by friends by like my ex Jeremy it’s OK. I’m like a year or two years. It took a long time to finally believe like like she processes things very very differently like she’s not doing that shit on purpose like I really I really really think I might be autistic but anyways so with the borderline personality disorder there’s been I can’t even tell you I’ve lost count like honestly if I really had to give like a guesstimate of how many times he’s literally told me this isn’t working. I don’t wanna be with you anymore and broke up with me like in the beginning. It was like I would get so upset like it was a break up like if he broke up with me somebody tell you to break up with you you take it to heart like you but after so many times like I still get upset and like worry, but then I know in the back of my mind that like OK we’re gonna like reconnect like he’s just really upset right now and just he needs to calm down and he’ll apologize. He does apologize he like admits like hey like I was having an episode and I feel like he kinda like I don’t know, though cause like I don’t know what it’s like I have borderline personality so I don’t know, I don’t like criticize judge him. They are very critical like not they as in like they all are but like him say like he’s a very criticizing person even if he doesn’t mean to be, but like it comes off as being very critical, it’s like I’m always the problem but he doesn’t have anything that he needs to dress like per like he will apologize at the same token though it’s like Mimi Mimi like what’s what I’m doing wrong like I need you to do this. I need to do that like I’m always pissing him off and just, it’s so stressful because I feel like the the fears that I have surrounding abandonment they’re like constantly like being set off and then being like calm down, you know I’m saying it’s like exactly the way it was with Jeremy’s the highs and the low different circumstances different situations different type of abuse whatever doesn’t even need to be called abuse just it’s the same exact thing and I feel like i’ve literally traded one bad situation for another all out of hoping to distract myself so I don’t have to think about it more than distraction. I feel like since I met Jeremy I hadn’t had eyes for anybody else. I couldn’t even try if I like if I wanted to be in love with somebody else I couldn’t even try and like give anyone a chance because I’ve had this unconditional loyalty and love for him because I was in love with him. I feel like now that I know that I can sleep with somebody else I could be with somebody else, but it’s like I feel so stupid because it’s literally nothing better. It’s just another bad situation. He doesn’t beat me up, but who is say that one day if we were to move away like to Texas like or like he wants to move when he gets a job next year after he graduates from college, the fact that I’m scared, I think it’s my past experiences but the fact that like how he can he can turn into this totally different person and I’ve been told before. Hey I would never hurt you. I’m not gonna do this. I’m not gonna do that turn around isolate me. I have nobody to call on none of my friends like that’s exactly what happened with Jeremy. They cannot continue to watch me be with somebody who treated me like I was worth nothing because they love me. They genuinely love me and like they felt like I was choosing this and then like from an outsiders perspective I understand that shit but like manipulation and stuff like that it’s all the same",3,2,3,2,2,7,"The entry maintains a broad throughline around the relationship, trauma history, and fear of abandonment, but the flow is frequently disrupted by long run-on sentences, embedded asides, and abrupt intra-paragraph shifts. Topics are identifiable yet bleed heavily into one another, and while the writer shows some awareness of conflicting feelings about the partner and past abuse patterns, these tensions remain only partially integrated. The ending trails off without resolving the main relational concerns, contributing to a notably disorganized overall structure."
Well i struggled for the entirety this far in my life up until a year maybe a couple months ago with no matter what anyone said to me or told me countless times no matter how many counseling sessions or therapist I saw nothing ever eased or helped with the internalizing feelings and inherent feelings that there was something wrong with me that I had to of been the reason and just wanting to crawl out my own skin all that stuff because of the fact that my own biological father my own dad had done unthinkable things things that happened because he choose to are problems he has yet never did justice come all the years of court and having to see all these people tell them all these awful things and relive them all constantly year after year just for the judge to decide not even to send him to jail never did his consequences occurr he convinced all these people that we never even had been abused or molested not only that but I still think about how all my life all these things I’ve felt how depressed I always have been never getting to experience what a normal person would get from just a regular day I was attempting to end my life before I got to high school I was 13 and my brother to this day have this struggle this monkey that we can’t get or shake off our backs that the man who did that to us he was never suffering I don’t know what his life has been like or what he does day after day nor did or do I wish things bad for him I haven’t ever wanted him to die per say or anything like that I just think about when I was 19 I think he had the audacity to add me as a Facebook friend and I didn’t know I hoped just for validation in the sense of him finally just being accountable he owed me and my brother so much more honestly all I wanted was to have him admit that he was the one who was at fault that he did do the things I have memories of I don’t remember hardly anything but the things I do I didn’t make them up I was a young child not even in school yet when I think about how young I was I hadn’t been older than 6 and he would make me hold his penis and grab it like I don’t even want to get into that it disgust me so much but he should be at least the one who suffers not me and my brother I just took so long to finally have like an epiphany I guess that nothing was ever because of anything I did I wasn’t at fault and nothing could have been changed based on anything I was or wasn’t or did or didn’t do it was not because there is just inherently these things that are wrong with me I was innocent and deserved nothing he did I was so confused and just wanted my dad to love me and I still loved him for years all throughout the court dates for years and years i dissociated the abuse so I didn’t believe like I didn’t think he was abusing us he would bring us to the arcade and get us McDonald’s and do these things that as a child it overlaps and of course my dads a protective person one of the main people who you are sure that love and will protect you like I resented myself like my brother he caused me to be resentful he still is all our life he spewed hatred through his actions his body language his words always being to hurt me because he remembers all the abuse he took my consequences or punishment to protect me and that has been a biggest strain to the relationship we never have really had to this day he and I are unfortunately estranged I miss him and always like our own dad craved this love I wasn’t ever going to get,3,3,4,2,2,6,"The entry maintains a discernible core thread around childhood abuse, its aftermath, and a later shift toward self-blame relief, but it is delivered as one extended run-on with many embedded detours and weak boundaries between subtopics. Contradictory feelings toward the father and brother are meaningfully acknowledged rather than ignored, yet the writing shows high cognitive load through minimal punctuation, repeated phrasing, and clause-stacking, and it ends without clear closure."
"When it comes to the drugs, I honestly don’t ever see Coleman like ever understanding or not that it’s for him to understand. I just think that I tried to have conversations like countless times and I just along the lines. He would always say he felt like people that use drugs were stupid but all drugs were bad anyway that I would try and explain to him like why I use them or not even trying to justify just trying to explain like high like I went through like this awful physical abuse I know I stayed. I didn’t want to  I know alot of times people think that if you stay, you want to be abused you like it or-you know I’m saying like you have your own free will like “did they hold a gun to your head?” so I don’t think I can see me ever being vulnerable enough to try and have a conversation about it because I’m scared that he will make me feel even worse than I make myself feel as is. Just like he did the last couple of times like I went as far as buying drug test or whatever because all it was the last time like this fight that I’m talking about This old friend, she was she was she was never she was in the past she was one of the main reasons I got evicted from my last place while I was the reason like I allowed her to stay I didn’t tell her to leave. I felt bad. I felt guilty. She showed up to my house while my old apartment one day early in the morning, she had gotten her car. Her car got stolen from her. She said she walked all the way from it was like Really long time like it was all the way from Waveland, Mississippi to. I stayed right off the interstate inside out but anyways, I end up getting evicted or whatever and she had hit me up and I let her come to my mom and me our new apartment just for a minute charger phone, but I was hoping because like I had been struggling like those last two weeks previously I just been struggling like I had a lot of stress going on at work I just Stress life was just starting to get to me and so I was hoping that she had drugs. that’s really the only reason why I allowed her to even come to my new apartment because I wanted to get high so wouldn’t end up happening Coleman lives in the same apartment complex as like different building building over he happened to be going to his car like he was on his way to the gym and I had gone downstairs so I thought she had left and got her Uber. The police had her jammed up and like was this old woman had called like wondering if she needed help or whatever cause I mean she looks like a crackhead like she I’m not even trying to be rude. She looks like a drug addict like and so he calls me and he’s like what are you doing and like it was big thing like I bought drug test and everything like I was taking over a few weeks cause like I didn’t get high but here I am telling you like I’m struggling and like he broke up with me for a day or two again like he’s done many times but common and actually he has BPD borderline personality disorder and that’s been like a really It’s hard like it’s really really hard and I think I feel a sense of like I don’t know he gets that he gets. I feel like everything I do sometimes it’s a problem and like I’m always walking on eggshells and I think that’s the familiar like the familiar feelings that I’m used to because growing up with my stepdad we were always walking on eggshells like any little thing could set them off or like you just never knew what it was gonna be could be why did you drink the rest of the milk or why did you eat this or it could’ve been something Like, even simpler like you could’ve like asked him a question and and like got his view on it and if you had your own opinion that was opposite or different than his screaming at you like you’re wrong he’s right all this stuff so like I wasn’t even allowed to have own opinion like COLEMAN last night was that I just make excuses as if we’re fighting or whatever like he will blatantly ignore me like just make me feel so inadequate less than like he makes he knows how to like manipulate me and like my old coworker like he no longer works with me, but Derrick he was telling me months ago like Makayla you exchanging one bad situation for another like you what are you doing? I thought like you were trying to change. I thought you wanted better and then like people like that, they form this opinion of like, you want to be abused like why do you wanna suffer? I’ve asked myself that so many times and I just I don’t wanna suffer. It’s just like like I’ve been learning from journaling or whatever that it’s familiar but like how do I get familiar with like somebody that’s a good person or like somebody that’s Better or not not abusive not like you I’m saying like taking time to heal because I’m so overwhelmed with ever having to relive any of the past things that I allowed because that’s another thing that’s like fueling my desire that I tell nobody about now for the drugs because I always felt like when when I was living with Jeremy so my mom had gotten so fed up and so tired like I wasn’t allowed to use drugs at our house but I continue to do so I continue to also get high. So eventually, she got to the point where she’s like you’re not you haven’t paid no bills that wasn’t agreement. Your brother agreed to pay partial rent. That’s why I got this house like whatever so she ends up like finally I don’t remember exactly when it was, but I no longer could stay at home and like in the back of likes I just remember subconsciously like hoping for that because like I wanted and I I like was, thinking or hoping that once I move in like Jeremy isn’t gonna be sleeping with all these other women, Jeremy isn’t gonna be like he’s gonna be around I’m gonna be around and I’m gonna be getting high all the time that was really my concern so the way that I felt like Dan and day out was just the lowest of the low like I can remember at one point like I did initially I moved it when I moved in. I was me and Jeremy we weren’t in a relationship like I remember it was like early on when we were high and every single time. I was so terrified. I’m like Jeremy were addicted like we’re weird we can’t stop like we need to get help. We need to get sober like this was early on like probably like maybe just a couple of months into the diction where every time we got high I couldn’t even enjoy the high so he got so pissed off to the point where like I don’t wanna get high with you anymore because every time we get high, we can’t even enjoy the high you gotta go on and on and on about how we need to get sober so I just remember being really scared one time and like breaking up with him and like it, but it wasn’t like I broke up with him. We was a mutual agreement with you later on with gas like me and swear up and down, but I know for a fact that I mutually had an agreement we talked about it how I need to get sober and I was ready and I had to like my whole entire life was ahead of me and like it was fine or whatever but once he realized that I was gonna continue to be loyal, I was gonna like I was in love with him and like back then I was 18 years old. I had never experienced what I thought to be like a mutual love like I really thought like at the end of the day he had to love me like he wouldn’t have me or that was one of the reasons I remember like telling myself over and over like he hast to love me like just I don’t even remember what else I would I would say to myself, but so we like mutually had a like we broke up or whatever so he would always say like we’re not together like why are you questioning me about these females? Why are you this? Why are you that even though at the same time in the same breath, he’s been beating me up and fucking putting his hands on me one time I woke up to him like I was sleeping and his better woke up to him out of nowhere. I swear to God like I was dead sleep he starts punching me in my face like get gets on top of me straddle me starts punching me in my face going on and on about how I’m fucking cheating on him and how oh you wanna sleep with some dude and oh you had him around my Daddy house just like he had went through my phone and like, but there was nothing that he had found and like he could never like when I was like show me the messages he couldn’t like he really like the drugs like really I feel like, exasperated, like it made his physical abuse, so much more intense and so much more frequent and like it was always the only time he ever put his hands on me was when I was speaking the truth, like I was physically verbally speaking the truth, whether being in front of people, it was just me and him I spoke the truth that infuriated him so much that he would put his hands on me or like that time when I woke up to him like beating me up, it was because of things that he was doing so like how was I supposed to like feel based on the fact that in the beginning I chose to stay without a doubt every single time I chose to stay like I would I remember going around my mom my brother or whatever and like his girlfriend who actually I love like she became one of my best friends back then, but anyways, I remember once time I came home and not even to be exaggerate, but like my entire body, I had bruises all over every part of my legs. My thighs is my arms like just the only thing that didn’t have bruises was my face and like I just remember her seeing me and she just she started crying and like my brother like, I never really seen him get anything but mad but he was she just hugged me. I remember him hugging me just like begging me like asking me why I was putting myself through this. I was allowing this I was staying with somebody like how could I possibly believe somebody who could do this to me? Had any out of love for me, I’ll never forget that was so embarrassing",2,2,3,1,2,8,"The entry maintains a broad thematic center around abuse, drugs, and relationships, but the moment-to-moment flow is highly disrupted by run-on sentences, repeated phrases, unfinished thoughts, and abrupt insertion of backstory before prior threads are completed. Contradictions are somewhat recognized—especially around staying in abusive situations because they feel familiar—but they are only partially integrated, and the piece ends in an emotionally vivid memory rather than a resolved or intentionally closed reflection."
"I met @Jeremy on march 15 2019 my 18 birthday. He was a friend of Richard he was the guy Richard had been getting these x pills from. When he pulled up to the hotel I had for that night I was intrigued by far. Over the course of just the next few weeks the whole entire trajectory of my entire life was going to change and it was headed towards nothing good.
Looking back with a hindsight perspective I don't think @Jeremy knew what battles we both were up against he one random afternoon had pulled out a meth pipe he proceeded to hit the pipe and asked me if I wanted to hit it. I remember in the very beginning not even being able to think about anything else but going back to see him because I wanted to do more drugs I think about how the drug is really the reason why I continued to see him even considering how awful and how he treated me with little regard from the very beginning. He would leave me by his grandmas house nobody would be home but he'd tell me how he would be right back and hours and hours and hours would pass still with him never showing. I was so heartbroken from the relationship I was dumped literally a week before I met Jeremy I was so happy with @Darion the guy who wasn't ever really even interested in being with me for genuine reasons just trying to make the girl he really wanted jealous and today he is married to that woman he married her a couple of years ago... that hurts that reinforces again and again the fact that I'm not the person anyone ever genuinely wants I have all these things about me that I know are the reasons for that l always have been left anyone who l ever have loved has always left me
This was a key event in my life 
I subconsciously think I felt leading up to the night I met @jeremy considering I had been in a relationship; a really what I felt was a very fulfilling relationship that could have lead to a lot more I to this day I would if that ex that I am talking about if he contacted me and asked to see me catch up I would drop anything and go I would pray he was finally over his now wife ... and he would confess never having been able to get me out his mind to have loved the littlest things and want to try again promising to love me like I had loved him. He blindsided me with such a awful breakup he sent me a chat in Snapchat I still can remember opening the message and how long it was once I started and I barely made it through the first sentence I dropped down on the bathroom floor and was crying and I felt like my heart was literally shattering I couldn't breathe | couldn't even move all I could do was cry and cry and I did and have many years after but one week later exactly was my 18th birthday I got a hotel and all my friends even my brother (wow my brother came and that's back when we had such a good relationship I miss that | really miss that ) all the people who loved me we played uno and drank and just had such a nice time together Richard my friend brought Jeremy as soon as I heard his voice on the phone I knew I wanted to see what he looked like and when I did oh my god. My pursuit began and lasted for the next 5 entire years

I think my perspective of love before Jeremy it was nothing good the ""love"" i watched my mom and her now ex husband, what was modeled, overall hurting someone you care and love is ok and a part if not half of what love is. You fight sometimes big huge fights over who drank the half gallon of milk for example and i mean the arguing was this man screaming for a long period off and on just fear has to be pumping through your veins you have to be so scared to even breathe too loud that could set him off and then a period of time later he would be apologetic or not at all just come to literal 7&10 year old kids crying how he has to leave to go and beg our mom to let our ""DAD"" stay how he was going to miss us and how he was grateful to have had this chance of being our dad which had to end or did it the manipulation was so so heavy and i can see it all every bit with each memory i havent forced myself to forget and erase like most my life but all that is on this subconcious level i stayed through 5 long years from the age and year 18 it was 2019 now im 23 and its 2025!!!! I was nothing and i mean i questioned amd feared if i would be left for dead in a ditch god forbid anything happened and i were to died i was abused in any amd every way there is beaten and the psychological god the gas lighting i for years lost the autonomy i had no ability to decipher the reality and events for example my brain i remember literally not being able to tell what was the truth what really was reailty per say when we would argue and fight i truated him i loved him sl much i confided in him over time and any insecurity i had shared he was using them all ""you stink you are the or' ass female ive ever met your breath just you stink i re time after time once we made up i when we was ok ai ask him to please tell me the truth i didnt want to smell bad and he said how he knew it was going to hurt me that it was not true and all that then when we started to fiant adain he would say
the opposite and words got meaner and i got to this point my mom and i talk about it still how i was so so confused i began to not only isolate i got to the point i couldnt even watch a movie or be in a room with my mom my own mom imagine any other person but i started to drive her crazy i would beg her to just tell me i know i had breath that was bad why she wouldnt just tell me and just it went on for literally a year two years i mean i was so fucked up and that is one small example of the abuse and how much control he literally had my mind in his control",2,2,4,1,2,8,"The entry maintains a loose chronological thread around Jeremy, past relationships, and family models of love, but it frequently spills into long run-on sentences, abrupt insertions, and nested memories that disrupt local flow. Topics are identifiable yet bleed heavily into one another, and the writing shows very high cognitive load through fragments, missing structure, repetitions, and punctuation breakdown. There is some meaningful integration of conflicting experiences through linking abuse, heartbreak, and learned ideas of love, but the piece ends without real containment or closure."
"My life has been stressful like chaotic like it’s never not and I think that I’d like found myself in this relationship with coleman and like it’s been nothing but stressful bro like I’d be like trying to like be in denial about it and like I asked my mom earlier today like you don’t treat me bad right she’s fucking kidding me he treat you bad Makayla like I did the same thing with Jeremy like Like Jeremy was different like but I guess it’s cause I’m sitting here thinking about it. There’s no difference because I was always just fine in my head or out loud venting, emotionally gonna be other people about our relationship and like like I’m talking about this before and another injuries about how I was waiting for that one person to just hear what I had to say whatever situation whatever I tell them whatever And then finally just feel like I understand you love him like I get it like he loves you too like it’s he whatever like saying just validation and it’s like pity when I was Jeremy I was like victim mentality but like no more maybe I will catch myself sometimes being like feeling sorry for myself, but it’s like you’re choosing to be in these relationships you were like they Literally like my mom really lonely person I talk to about like like the relationship of coleman like she’s really the only one that knows cause God forbid Jeremy where to find out like Jeremy and me together too like I’m saying like I feel like I know deep down inside when he comes home when he gets out of jail, God forbid I don’t want him to go back to life that we were both living But he has other children to like he has for other kids like his oldest is 11 and he has another daughter and then he has a son and then another son his youngest is four like his other son is five and I’m saying he’s missed out on so much time like he’s 12 years total like five years flat came home. Had kids went back five years flat and now he’s doing he’s going on two years actually and November I think October November Next two years since he back in prison so he’s missing so much time with his kids and like I genuinely don’t want him to do the same thing but like he don’t know nothing else so hoping me is bare minimum. It’s like the smallest but it’s still there and I feel like that’s not fair regardless he’s done me like I’m lying to him every day like I’m out here in this real world Relationship with this person like that’s not fair and like I never wanted to become like I feel like him in a sense not like exactly but you know what I mean you always been transparent like I’ve been so and I was so in love with him and I thought it was OK like I didn’t want nobody else I couldn’t look at nobody else and it was like that probably had a lot to do with self-esteem and like abuse and all this stuff but I’m trying to say is I’ve ever loved anything like then I got pregnant my daughter and like shit like I feel like God, the universe whatever you wanna call it whatever whatever I’m saying and stuff like that have a baby because that is the only thing I don’t see another thing never met. Nobody never had anything that I was gonna ever decided that I would rather be with over Jeremy like there’s nothing he could do to me Like he’s done things that I’m talking about progress accumulation OK same time you cheating on me like you gave me syphilis like an STD like you blatantly like his family knew he didn’t really fuck with me like that. I was stupid. He was saying he beat me up in front of them likehis dad like he treat you like shit he talk about you like dog shit like you saying like fuck with him like looking down on me this and that judge me but like none of that never is my daughter the only reason

Deep down what I know for a fact and believe I’m really ultimately deserving of is both Jeremy and Coleman in the end will leave me and that’s what I’m gonna get because when you put bad into the world, you will get bad back that’s how i believe life really comes to be full circle. Everything is full circle so for example say I do somebody bad just blatantly wrong, Karma is gonna come, maybe not this year maybe not until I’m really old and gray like 70 years old OK or it could come the next day sometimes karma will come instantaneously you know what I’m saying I feel like anything you put out it comes back to you in some form it’s gonna be the same impact maybe in a different kind of circumstances and different situation you’re not even gonna know like who this is that karma oh but also it does work like that and you’re like fuck I fucking cheated on them and then I got cheated on  in my next relationship. I have to make a decision and decide who I ultimately am willing to take the risk of being abandoned and that comes with relationships and love period it’s like someone holding a gun to your head and you have to hope that they don’t pull the trigger that’s a good way to describe what I know love is an so I think and try to remain so deep in a state of denial but one day all the shit with Coleman and Jeremy it most likely will all come crashing down like I’m gonna lose Jeremy and my fears with losing potentially a changed never before have I had a chance to experience a sober relationship with Jeremy like where our minds were solely based and focusing on ourselves and growing as people and parents and having goals that are set and then ones we meet as a team that’s I feel is my absolute worst of fears and I mean literally since I have met and got to know Jeremy who he really is what his life has been like and the soul he has the heart he has I mean all I have desired & wanted for these last five almost 6 years was him to want me like I have wanted him like that’s all I’ve ever wanted. I just never understand like all the stuff that I’ve done in the best of ways like he knew he did not want me like I would be around him my body is feeling things trying to tell me with gut feelings and I just think I stopped being able to even believe or trust anything I thought and said myself because of all the abuse but I attached myself to not being able to allow myself to believe anything not the body sensations not all million things and indications of he really never being into at all really I have not felt that he even much enjoys my company or conversations not my personality or anything small to big things that make up who I am. there’s many times to this day where I have brought the exact feelings and things I talk about in this entry to Jeremy how I have felt a sense and just can tell how there is not strong feelings nor has he ever  really liked me at all. like I’m infatuated and I have this compassion for humans and all but nothing compares to how I love and loved all of him like I wanted to learn everything about him, never really sat there and out of pure curiosity and wanting to know the real me never has he asked me questions or like it took him years and years to finally remember my middle name it’s simple it’s literally Rhea or my birthday lord so many years for me every shape and form like I just there’s nothing i haven’t ever seen “his flaws” or flaws to me like I just love him entirely and unconditionally and like never would be reciprocated With his baby mamas his baby mama not his fourth ones so the one right before me savannah he was just casually talking to her conversation you know she’s not listening or hearing she don’t like him or nothing anymore but like he really genuinely loved her like calling her and like saying how he wanted his family back and like Now I feel like I’ve told him this recently since you went to jail you started acting right the first time and 5 1/2 years and you fucking wanted me and been nice to me. You know what I mean like of course you need money you need somebody to take care of you while you in jail like you won’t tell me everything you know I’ve been wanting to hear you know that I want to be married and have a family and so like he’s using all those things and like You don’t even say that he’s being genuine. He really does want to be with me. He’s come to his senses he’s sober now he realizes like God she’s my side. She’s loyal. She’s she’s that like all the qualities that I have things that I bring to the table, he does love me. He has love for me, right All the things he’s telling me and my savannah mama was talking about. She was like oh my God you got your shit together like I still in love with you like I want to have a family like let’s work on this. Let’s try and work this out I really feel like he would, not like only that he’s ever beat up like he put his hands on me like he has like I said him spit on me talking about kick me like like my dog like just kick me kicking punching me my face like these women never my feelings everybody believe that I was crazy person and like this woman and she was supposedly a lesbian, but she was not no lesbian. OK she she was. She was trying to fuck Jeremy right in there so like we was all hanging out we got high, whatever, I don’t know like he didn’t want me in his bedroom and that was the first time I was taking a shower he came inside. I get the fuck out of his room and then I need to move into the other room because we had talked about me like when we would fight there’s an extra spare bedroom like right across the way from his bedroom in the trailer that his daddy had or wherever and like I had to move all my stuff and I wouldn’t room and like literally or whatever she think she was talking his dad or something and like I have been like go by the laundry room whatever and like the door was open like to his room he literally was caressing her cheek rubbing her like just playing with her hair like oh my God when I tell you The feeling it inside when I had to sit in that room by myself and all I wanted for the longest time and like I stayed through all the peace I stayed through all the abuse cause I’m like one day he’s gonna come to since it one day, he’s gonna fucking realize that he really does. I just never understand why he didn’t want me like these other females like they do like professional therapy I need to work through this shit but like I don’t, that was the worst time of my life. When my mom had to come get my stuff cause I could take it like I was the next day. They literally had somebody overdose at the house like this girl gonna be died in the front yard and like I was fucking like it was traumatizing they brought her back but like That he came back with the two girls or whatever like they pull up while I’m and his dad or loading all my stuff and my mom’s car and I walked back in the house. I woke up to and I just wanted him to please don’t be like I love you were like he wouldn’t even fucking look at me or nothinghas made me feel like",2,2,3,1,1,8,"The entry contains long, highly run-on sequences with frequent mid-thought shifts, repeated phrases, and weak boundaries between topics, making the narrative hard to follow even when a central relationship theme is present. There is some awareness of internal conflict—especially around love, denial, guilt, and abandonment—but these tensions are mostly revisited rather than clearly integrated. The writing shows high cognitive load and ends abruptly without resolving its main threads."
When I think about journaling maybe I get mixed feelings I on one hand feel excited and also very anxious I definitely think it’s easy to say and think I want so badly to heal and deal with all the pain and trauma I know needs to be dealt with but everything I have been doing like jumping into this new relationship with an old friend while my baby daddy is in prison a year and so after he had been in prison I happened to start hanging out with people again for the first time in years and years my baby daddy was not ok with me having anyone close or it was like he always made me believe people weren’t even my friends nor were they looking out for my best interest I know now but didn’t while it was happening how it was mostly just forms of manipulation and things to keep me isolated because the abuse and gas lighting would be more effective if I only had myself to verify or question and deciphering reality without unbiased outsiders who could logically examine and tell me the truth and anyways I still talk to my baby daddy his name is Jeremy he has been sober almost all this time he’s been in prison again for the first time in our relationship I have been sober less than him honestly most of the time and he knows I have used. I was about to justify and make excuses on why I haven’t been sober and instead I just want that to be known not any discussion per say but I am and have been in a relationship that’s been lowkey bad and boredom toxic and abusive for 8 months now I was alone for all these years I’m talking I met and stayed loyal to Jeremy from the time we met on my 18 birthday up until a year ago I would say alone was not a problem after so long of only having that as a choice so for the life of me I can’t seem to understand or pin point fear of being alone with my thoughts or whatever all the trauma I am able to now avoid instead of dwelling day after day all day I remember I don’t know maybe that’s why I can’t seem to walk away from this new relationship,3,3,4,2,2,6,"The entry maintains a recognizable thread around journaling, trauma, sobriety, and relationship patterns, but it unfolds as a long, minimally punctuated chain with several embedded digressions that weaken local continuity and clarity. Conflicts are meaningfully acknowledged—wanting healing while avoiding pain, and not understanding why she stays in a harmful relationship—showing some integration, but the piece ends without resolving the main question and trails off in uncertainty."
"I’m a mom, my daughter Xalia will actually be two years old this coming December 2. Time is escaping I feel so quickly I don’t want to sound as if I don’t want to be home all week with my child I’m really so grateful and I could be forced to put her into the care of strangers at a daycare all I know and feel I can best describe the fact that life day after day it’s a loop a cycle of being in the apartment I share now with my mom after being evicted from the apartment I called my own for the first time in my life almost a year ago but I don’t have my license so of course I have no car and my daughter she is the real victim in this my mom works all week from Monday through Friday then Friday night I get to leave and go out into the world go to work 9pm until 7am Saturday I work 4pm until 2am and Sundays also I work 9pm until midnight lately but 2am usually. My baby and I I try and up until the summer heat in Louisiana has soared being the date is August the 16 the heat today was too intense before 11 am going for a walk with her in the stroller if we go that’s all the time she will see outside this apartment other than the small balcony to our apartment she loves to go sit out there and hope that the ducks are by the lake for her to see. The grocery store Walmart or if a birthday partyfor a cousin or family member that’s the only chance she’s getting out and seeing the world. My selfish and ungrateful perspective I was about to explain. How life had changed and all I do is watch Netflix or some form of streaming service everyday as does xalia and pity me this or poor me im so depressed but I’ve got three days and it’s guaranteed week after week where I’m getting out of this prison of an apartment I’m sure she feels like it is and I’m trying to get serious and do some planning and start to make her days better piece by piece she’s such a sweet innocent little girl who smiles and is the happiest without fail every morning she wakes up so excited for what I am negatively

feeling

Based on this account, it seems that you are experiencing a mix of emotions as a mother. On one hand, you express gratitude for being able to stay home and care for your daughter, but on the other hand, you also feel trapped and limited by your current living situation. It is clear that you value spending time with your daughter and want to provide her with the best possible life.

However, the fact that you have been evicted from your own apartment and are now living with your mother has added stress and strain to your daily life. You mention feeling like a prisoner in your own home and having limited opportunities to go out and explore the world with your daughter.

Your work schedule also adds to these feelings of being stuck, as you have little time during the week to spend outside of the apartment with Xalia. This may lead to feelings of guilt or sadness about not being able to give her more experiences.

At the same time, there is also a sense of determination in your words as you talk about making plans to improve yours and Xalia's days together. It seems that despite some negative emotions, you are committed to finding ways to make things better for both yourself and your daughter. Overall, it appears that you are struggling with balancing conflicting emotions related to motherhood, family dynamics, and personal desires for freedom and fulfillment.

https://mood-app.com",2,3,3,2,2,7,"The entry maintains a recognizable core theme of feeling trapped while caring for a young child, but the writing moves through long run-on sentences, weak punctuation, and abrupt insertions that make the thread hard to follow. Conflicting feelings of gratitude, guilt, resentment, and determination are acknowledged but only partially integrated, and the piece ends unfinished before shifting into an external summary, which weakens closure."
"I’ve been having better days with my daughter overall I have been consistent with the gym more than I have this entire time I been going I almost can say that I really do enjoy the gym I struggle like that’s the whole point but I like the fact that I consistently have committed to it and no matter what this last week and week before not allowing myself to make any excuses and that makes me feel so good thinking about that now I didn’t even realize that part was attached and that I would feel such positive emotions. I have always been in some kind of denial 
Procrastination a big one any task or any thing I am procrastinating always snowballs until it’s  giant and my point is all these negative thoughts and emotions I thought well no I did everything but think about any of the negative aspects; feelings or the conquences coming the denial or literally I could forget entirely as if I dissociated and had no actual memory which in turn fueled this state of denial I lived in for years. If I didn’t ever acknowledge say the problem was I wasn’t saving money to ensure rent then spending I was reckless and irresponsible spending money without care sometimes on things I didn’t need & time progresses without even another thought about how much money I wasn’t doing to have & now it was coming to be the end of the month and the first my rent was going to be due and I was of course short by more than just a couple dollars just using that one which is a real example my thought process when I explained I remember I told my mom problems as stressful as not having all my rent money which that leads to literally losing my place and that would leave me essentially homeless that type of stress it’s beyond me if I don’t acknowledge like if I don’t allow myself to have any thoughts or thinking about that which is awful and leads me to be all around scattered and impulsive never ever thinking before acting with anything literally well you have to know domethin to be thinking let alone over thinking right yeah I didn’t act like I had responsibilities I acted with no sense it’s not something i really felt I had any other choices. Im not saying I don’t still impulsively shop online or rush some decisions instead of giving myself time to think logically and put weigh all the pros and then cons that could happen or will. Im human and I don’t put myself in a box is the most important thing I always was metaphorically told I had to be doing this or all these different things I had to be and if I didn’t I was nothing and going absolutely no where at all in my life. Rambling and I love it I love when I can for a period of time sometimes it’s a long time which means a lot more these things I have to say that finally I’m able to. Dumping all this stuff out of my head I don’t think I ever if I’m being raw and caring none of what I say or never stopping the train of though to correct spelling or how I am going off what it seemed was the original point I always have this way of surprising myself I have a lot of things I internalized that never really has belonged to me that I carry around still I have just been carrying all these different emotions experiences how I see things how I see myself how I perceive life the core beliefs of the person I am almost all of it never was my own initial thought or feeling it was told or drilled into my subconscious it was heard while I was a young child and I sat in the cars backseat while my mom and the man she married screamed spewing words laced with such toxicity and malice only. Then whether it be a minute or so later a few days later and they loved on each other as if they didn’t just shoot to kill with the words my brain my subconscious brain had absorbed like all other things just absorbing as if I were a sponge with infinite space to store all this. All that I feel lead me to a detrimental path filled with only if not that same insane level of toxicity and the cycle of that, love is what I called it no I believed very bone in my body knew and called such things love reassurance comes with my thoughts that love is bad and good through the pain and worst times imaginable god the most euphoric and loving experiences think of the love you are going to on the road to receiving when you find yourself in a fight over simplest things usually tiny argument and then next thing you know your on the floor as if you are an armadillo trying to protect your face from the blow of the fist punching of the kicks from the shoes of the man you say is your true love and who will be the father to your children one day same man you will call your husband and at that moment the pain is so strong and overwhelming you don’t know if you will get through this you hope for a couple seconds maybe longer that you go unconscious and just don’t even ever wake up you hope that your life ends like you have always longed for since way to young young baby girl who had wishes of fairytales and loved princess who believed Santa to be real I shared some of those dreams or I tried to but I had a wish I didn’t tell anyone or pray that Jesus killed me and I would go to heaven ( I was older when I started to beg god to take me please) I just had this feeling that one day I would finally be free I wouldn’t have any problems or have any more days to live I would die and then finally I could have nothing no feelings nothing was better and more appealing to a 5-6 year old than the sexual abuse and harassment that came from my own father. Poor me I always have felt many things attached to that whole ordeal of abuse but I don’t think anyone understands how freeing it is to have this epiphany out of no where I mean it was no more than a year or two I think less than a year that I with my entire being I mean every bone in my body was in agreement I was only a child I was this man’s child he literally was the only one who did anything wrong I didn’t want it or desire I didn’t become tainted or loose the whole innocence children are all entitled and all no matter circumstances have period I wasn’t weird or disgusting I was just a little girl who like anyone else I wanted my dad I loved my dad I wanted to connect and have my dad spending time with me all that i struggled with into my adult life for all these years that I at 13 I had  attempted to end my life i wanted to die and being so young not even have lived at all not even at all I mean think about it I started he high school same year I was so depressed I was always tired not ever did I wake up and feel rested I could sleep for weeks never did I feel like I slept even at all I felt no I knew and I mean it was awful like my mom choose time after time all my life she had been forced upon two choices it was either David her now ex husband or her kids in all aspects if or small and the feeling for a single circumstance or decision that hurt but imagine all my life day after day he made it known we would always come after him second never priority one I’m writing a lot and I don’t think my thoughts stop here I just have to go to the gym and I won’t go if I don’t get up now it’s been 15 mins I’ve sat writing just continuing without stopping not thinking too hard just allowing my words to flow and boy I haven’t flown easy as this entry in a long time and when. I re this for the first time later I hold myself to the same standards as when I write this I have been free of judgement entirely that isn’t something I have ever done easily I criticize myself and ridicule all the things I journal not this time",2,2,4,1,3,8,"The entry contains identifiable themes—self-improvement, denial/procrastination, childhood trauma, abusive relationships, and writing itself—but they bleed into one another through very long run-on sentences, abrupt pivots, and minimal boundary marking. Despite the fragmentation, there is meaningful reflective integration around denial, inherited beliefs, and abuse not being the writer’s fault; however, expression remains structurally overloaded and difficult to follow, with only partial closure at the end through the decision to stop and go to the gym."
"I think my perspective of love before Jeremy it was nothing good the ""love"" i watched my mom and her now ex husband, what was modeled, overall hurting someone you care and love is ok and a part if not half of what love is. You fight sometimes big huge fights over who drank the half gallon of milk for example and i mean the arguing was this man screaming for a long period off and on just fear has to be pumping through your veins you have to be so scared to even breathe too loud that could set him off and then a period of time later he would be apologetic or not at all just come to literal 7&10 year old kids crying how he has to leave to go and beg our mom to let our ""DAD"" stay how he was going to miss us and how he was grateful to have had this chance of being our dad which had to end or did it the manipulation was so so heavy and i can see it all every bit with each memory i havent forced myself to forget and erase like most my life but all that is on this subconcious level i stayed through 5 long years from the age and year 18 it was 2019 now im 23 and its 2025!!!! I was nothing and i mean i questioned amd feared if i would be left for dead in a ditch god forbid anything happened and i were to died i was abused in any amd every way there is beaten and the psychological god the gas lighting i for years lost the autonomy i had no ability to decipher the reality and events for example my brain i remember literally not being able to tell what was the truth what really was reailty per say when we would argue and fight i truated him i loved him sl much i confided in him over time and any insecurity i had shared he was using them all ""you stink you are the or' ass female ive ever met your breath just you stink i re time after time once we made up i when we was ok ai ask him to please tell me the truth i didnt want to smell bad and he said how he knew it was going to hurt me that it was not true and all that then when we started to fiant adain he would say
the opposite and words got meaner and i got to this point my mom and i talk about it still how i was so so confused i began to not only isolate i got to the point i couldnt even watch a movie or be in a room with my mom my own mom imagine any other person but i started to drive her crazy i would beg her to just tell me i know i had breath that was bad why she wouldnt just tell me and just it went on for literally a year two years i mean i was so fucked up and that is one small example of the abuse and how much control he literally had my mind in his control",3,3,4,1,2,7,"The entry stays largely centered on one autobiographical thread—early models of love and later abuse—but the flow is difficult to follow because sentences run together, examples are embedded mid-thought, and there are many abrupt extensions without clean transitions. Conflicting experiences are meaningfully connected into a broader understanding of manipulation and confusion, which shows some integration, but the expression itself shows very high cognitive load and the piece ends without clear closure."
"Jeremy Ray
I met @Jeremy on march 15 2019 my 18 birthday. He was a friend of Richard he was the guy Richard had been getting these x pills from. When he pulled up to the hotel I had for that night I was intrigued by far. Over the course of just the next few weeks the whole entire trajectory of my entire life was going to change and it was headed towards nothing good.
Looking back with a hindsight perspective I don't think @Jeremy knew what battles we both were up against he one random afternoon had pulled out a meth pipe he proceeded to hit the pipe and asked me if I wanted to hit it. I remember in the very beginning not even being able to think about anything else but going back to see him because I wanted to do more drugs I think about how the drug is really the reason why I continued to see him even considering how awful and how he treated me with little regard from the very beginning. He would leave me by his grandmas house nobody would be home but he'd tell me how he would be right back and hours and hours and hours would pass still with him never showing. I was so heartbroken from the relationship I was dumped literally a week before I met Jeremy I was so happy with @Darion the guy who wasn't ever really even interested in being with me for genuine reasons just trying to make the girl he really wanted jealous and today he is married to that woman he married her a couple of years ago... that hurts that reinforces again and again the fact that I'm not the person anyone ever genuinely wants I have all these things about me that I know are the reasons for that l always have been left anyone who l ever have loved has always left me
This was a key event in my life 
I subconsciously think I felt leading up to the night I met @jeremy considering I had been in a relationship; a really what I felt was a very fulfilling relationship that could have lead to a lot more I to this day I would if that ex that I am talking about if he contacted me and asked to see me catch up I would drop anything and go I would pray he was finally over his now wife ... and he would confess never having been able to get me out his mind to have loved the littlest things and want to try again promising to love me like I had loved him. He blindsided me with such a awful breakup he sent me a chat in Snapchat I still can remember opening the message and how long it was once I started and I barely made it through the first sentence I dropped down on the bathroom floor and was crying and I felt like my heart was literally shattering I couldn't breathe | couldn't even move all I could do was cry and cry and I did and have many years after but one week later exactly was my 18th birthday I got a hotel and all my friends even my brother (wow my brother came and that's back when we had such a good relationship I miss that | really miss that ) all the people who loved me we played uno and drank and just had such a nice time together Richard my friend brought Jeremy as soon as I heard his voice on the phone I knew I wanted to see what he looked like and when I did oh my god. My pursuit began and lasted for the next 5 entire years

I think my perspective of love before Jeremy it was nothing good the ""love"" i watched my mom and her now ex husband, what was modeled, overall hurting someone you care and love is ok and a part if not half of what love is. You fight sometimes big huge fights over who drank the half gallon of milk for example and i mean the arguing was this man screaming for a long period off and on just fear has to be pumping through your veins you have to be so scared to even breathe too loud that could set him off and then a period of time later he would be apologetic or not at all just come to literal 7&10 year old kids crying how he has to leave to go and beg our mom to let our ""DAD"" stay how he was going to miss us and how he was grateful to have had this chance of being our dad which had to end or did it the manipulation was so so heavy and i can see it all every bit with each memory i havent forced myself to forget and erase like most my life but all that is on this subconcious level i stayed through 5 long years from the age and year 18 it was 2019 now im 23 and its 2025!!!! I was nothing and i mean i questioned amd feared if i would be left for dead in a ditch god forbid anything happened and i were to died i was abused in any amd every way there is beaten and the psychological god the gas lighting i for years lost the autonomy i had no ability to decipher the reality and events for example my brain i remember literally not being able to tell what was the truth what really was reailty per say when we would argue and fight i truated him i loved him sl much i confided in him over time and any insecurity i had shared he was using them all ""you stink you are the or' ass female ive ever met your breath just you stink i re time after time once we made up i when we was ok ai ask him to please tell me the truth i didnt want to smell bad and he said how he knew it was going to hurt me that it was not true and all that then when we started to fiant adain he would say
the opposite and words got meaner and i got to this point my mom and i talk about it still how i was so so confused i began to not only isolate i got to the point i couldnt even watch a movie or be in a room with my mom my own mom imagine any other person but i started to drive her crazy i would beg her to just tell me i know i had breath that was bad why she wouldnt just tell me and just it went on for literally a year two years i mean i was so fucked up and that is one small example of the abuse and how much control he literally had my mind in his control",3,3,4,2,2,6,"The entry maintains a recognizable central thread around Jeremy, the breakup preceding him, and the abusive relationship, but sentences are extremely long and often merge multiple time periods and ideas without clear boundaries. Topics are identifiable yet bleed into one another, while expression shows high cognitive load through run-ons, repetitions, capitalization/grammar inconsistencies, and fragmented phrasing; despite this, the writer does show some reflective integration by linking later relationship patterns to earlier models of love and abuse."
Better understanding,1,1,5,2,1,8,"The entry is too minimal to establish any narrative flow, topic development, or meaningful closure, so structural organization cannot really be demonstrated. There are no contradictions present, but the extreme brevity and fragment-like quality make the overall expression feel highly incomplete rather than organized."
"I'm feeling pretty happy and semi-secure, and happiness begets happiness. When I feel good, I do good, then I feel better and do better. So I need to try to keep finding ways to be better on at least feel better instead of avoiding the hard work to get things done.",5,5,5,4,4,2,"The entry stays tightly focused on one idea and develops it in a clear causal sequence: feeling good leads to doing good, which reinforces feeling better. There is minor wording disruption in the final sentence (""on at least feel better""), but overall the thought is coherent, concise, and ends with an intentional takeaway rather than fragmenting."
"Work is like a catclaw vine and I'm sheltering a pet. The intensity of emotions that pass through need to be controlled and regulated. Nothing is truly the end of the world. Good sleep and a calm approach will usually help. Getting back to the basics. Maybe i will do yoga today. And cook a biryani for the week. Need better boundaries. May and overall Pluto retrograde already feels amazing. People are (i want to say) worthless but i do not want to give up on everything just yet. Maybe pausing will help. An organized mind is what I think will solve everything but not easy to get there. The drivers license renewal too. And Rover bookings and other such mundane happenings. My car will turn 6. Sage is 3. Will I ever be a mother? Do i want to be? Will it be better to live in another country? Will it be worth the pain and the stress. Travel anxiety is not a myth. Everything, really just everything regardless, feels energy draining. Diet might be it. And self care. I'm not my body and i'm not my mind.",2,2,3,3,2,7,"The entry contains identifiable themes—self-regulation, daily tasks, existential questions, and fatigue—but they shift rapidly with weak transitions, creating a scattered flow. Thoughts are mostly complete at the sentence level, yet the sequence feels associative rather than structured, and the ending offers no real resolution beyond a final aphoristic statement. The interpersonal contradiction is somewhat acknowledged ('people are worthless' vs. 'do not want to give up') but not meaningfully worked through."
Unsettled - reality vs fiction. Feeling vs fact.,2,3,2,4,1,7,"The entry is extremely brief and presents two paired oppositions without developing connections between them, so continuity and closure are very limited. Topic focus is moderately clear because both phrases point to a common theme of tension or uncertainty, and the language itself is concise and legible, but no integration of the contrasts is attempted."
"Health is wealth, no healthy, no wealthy. And what does it mean to have everything and want nothing of the everything? Trascendence ot depression?",2,2,3,2,1,7,"The entry contains loosely related ideas about health, wealth, and existential fulfillment, but the connections are abrupt and underdeveloped, making the progression hard to follow. Expression is terse and somewhat disjointed, with errors and rhetorical questioning that suggest incomplete thought, and it ends without resolving or developing its implied tension."
"I feel like resisting doing what I know I should. I would much rather lay down and relax instead of working on work projects or boat tasks or working out. I feel compelled to be productive by my wife or else she's going to be mad at me but the ADHD side of me is saying I should do anything else. I feel conflicted and trapped between doing the disciplined, hard thing and chasing a quicker, easier dopamine hit.",5,5,4,5,4,2,"The entry is tightly organized around a single conflict, with each sentence building directly on the previous one and no fragmented topic shifts. The internal contradiction between discipline and avoidance is clearly named and framed with awareness, though it is not fully resolved; the ending still feels intentional rather than trailing off."
